Aug-23 12:15:44.593 [main] DEBUG nextflow.cli.Launcher - $> nextflow run -c /cfs/klemming/projects/supr/museomics_store_2025/bees/virginia/vir_bees.config -profile dardel_large main.nf -resume
Aug-23 12:15:44.843 [main] DEBUG nextflow.cli.CmdRun - N E X T F L O W  ~  version 26.04.3
Aug-23 12:15:44.884 [main] DEBUG nextflow.plugin.PluginsFacade - Setting up plugin manager > mode=prod; embedded=false; plugins-dir=/cfs/klemming/home/v/virgonzf/.nextflow/plugins; core-plugins: nf-amazon@3.9.1,nf-azure@1.22.5,nf-cloudcache@0.6.0,nf-codecommit@0.5.2,nf-console@1.3.0,nf-google@1.27.3,nf-k8s@1.5.4,nf-seqera@0.20.1,nf-tower@1.28.0,nf-wave@1.21.0
Aug-23 12:15:44.948 [main] INFO  o.pf4j.DefaultPluginStatusProvider - Enabled plugins: []
Aug-23 12:15:44.950 [main] INFO  o.pf4j.DefaultPluginStatusProvider - Disabled plugins: []
Aug-23 12:15:44.955 [main] INFO  org.pf4j.DefaultPluginManager - PF4J version 3.14.1 in 'deployment' mode
Aug-23 12:15:45.039 [main] DEBUG nextflow.util.RetryConfig - Missing nextflow session - using default retry config
Aug-23 12:15:45.687 [main] DEBUG nextflow.plugin.PluginUpdater - Using plugin repository: HttpPluginRepository [registry]; url=https://registry.nextflow.io/api
Aug-23 12:15:45.699 [main] INFO  org.pf4j.AbstractPluginManager - No plugins
Aug-23 12:15:45.752 [main] DEBUG nextflow.config.ConfigBuilder - Found config local: /cfs/klemming/projects/supr/museomics_store_2025/bees/virginia/DNAharvester/nextflow.config
Aug-23 12:15:45.758 [main] DEBUG nextflow.config.ConfigBuilder - User config file: /cfs/klemming/projects/supr/museomics_store_2025/bees/virginia/vir_bees.config
Aug-23 12:15:45.761 [main] DEBUG nextflow.config.ConfigBuilder - Parsing config file: /cfs/klemming/projects/supr/museomics_store_2025/bees/virginia/DNAharvester/nextflow.config
Aug-23 12:15:45.762 [main] DEBUG nextflow.config.ConfigBuilder - Parsing config file: /cfs/klemming/projects/supr/museomics_store_2025/bees/virginia/vir_bees.config
Aug-23 12:15:45.769 [main] DEBUG nextflow.config.ConfigParserFactory - Using config parser v2
Aug-23 12:15:45.799 [main] DEBUG nextflow.config.ConfigBuilder - Applying config profile: `dardel_large`
Aug-23 12:15:47.478 [main] DEBUG nextflow.config.ConfigBuilder - Applying config profile: `dardel_large`
Aug-23 12:15:47.540 [main] DEBUG nextflow.config.ConfigBuilder - Available config profiles: [conda, mamba, docker, singularity, apptainer, execution_report, test, dardel, dardel_small, dardel_large, dardel_test]
Aug-23 12:15:47.635 [main] DEBUG nextflow.plugin.PluginsFacade - Plugins default=[]
Aug-23 12:15:47.635 [main] DEBUG nextflow.plugin.PluginsFacade - Plugins resolved requirement=[]
Aug-23 12:15:47.653 [main] DEBUG n.secret.LocalSecretsProvider - Secrets store: /cfs/klemming/home/v/virgonzf/.nextflow/secrets/store.json
Aug-23 12:15:47.656 [main] DEBUG nextflow.secret.SecretsLoader - Discovered secrets providers: [nextflow.secret.LocalSecretsProvider@5a058be5] - activable => nextflow.secret.LocalSecretsProvider@5a058be5
Aug-23 12:15:47.685 [main] DEBUG nextflow.cli.CmdRun - Launching `main.nf` [adoring_hoover] - revision: 3710596022
Aug-23 12:15:47.787 [main] DEBUG nextflow.Session - Session UUID: 865b05f7-4fde-4d73-aa35-bcc54f6c7127
Aug-23 12:15:47.788 [main] DEBUG nextflow.Session - Run name: adoring_hoover
Aug-23 12:15:47.788 [main] DEBUG nextflow.Session - Executor pool size: 256
Aug-23 12:15:47.797 [main] DEBUG nextflow.file.FilePorter - File porter settings maxRetries=3; maxTransfers=50; pollTimeout=null
Aug-23 12:15:47.801 [main] DEBUG nextflow.util.ThreadPoolBuilder - Creating thread pool 'FileTransfer' minSize=10; maxSize=768; workQueue=LinkedBlockingQueue[-1]; allowCoreThreadTimeout=false
Aug-23 12:15:48.031 [main] DEBUG nextflow.cli.CmdRun - 
  Version: 26.04.3 build 12259
  Created: 28-05-2026 08:48 UTC (10:48 CEST)
  System: Linux 6.4.0-150700.53.73-default
  Runtime: Groovy 4.0.31 on OpenJDK 64-Bit Server VM 23.0.2-internal-adhoc.conda.src
  Encoding: UTF-8 (UTF-8)
  Process: 10601@login1 [172.23.0.20]
  CPUs: 256 - Mem: 502.2 GB (86.8 GB) - Swap: 0 (0)
Aug-23 12:15:48.107 [main] DEBUG nextflow.Session - Work-dir: /cfs/klemming/projects/supr/museomics_store_2025/bees/virginia/DNAharvester/work [lustre]
Aug-23 12:15:48.172 [main] DEBUG nextflow.executor.ExecutorFactory - Extension executors providers=[]
Aug-23 12:15:48.202 [main] DEBUG nextflow.Session - Observer factory (v2): LinObserverFactory
Aug-23 12:15:48.204 [main] DEBUG nextflow.Session - Observer factory (v2): DefaultObserverFactory
Aug-23 12:15:48.260 [main] DEBUG nextflow.cache.CacheFactory - Using Nextflow cache factory: nextflow.cache.DefaultCacheFactory
Aug-23 12:15:48.275 [main] DEBUG nextflow.util.CustomThreadPool - Creating default thread pool > poolSize: 257; maxThreads: 1000
Aug-23 12:15:48.664 [main] DEBUG nextflow.Session - Session start
Aug-23 12:15:48.686 [main] DEBUG nextflow.script.ScriptLoaderFactory - Using script parser v2
Aug-23 12:15:54.966 [main] DEBUG nextflow.script.ScriptRunner - > Launching execution
Aug-23 12:15:55.583 [main] INFO  nextflow.Nextflow - 
    Running DNAharvester. Workflow run name: vir_test
    
Aug-23 12:15:55.658 [main] DEBUG n.script.dsl.ProcessConfigBuilder - Config settings `withLabel:process_samplesheet_check` matches labels `process_samplesheet_check` for process with name INPUT_CHECK:SAMPLESHEET_CHECK
Aug-23 12:15:55.670 [main] DEBUG nextflow.executor.ExecutorFactory - << taskConfig executor: slurm
Aug-23 12:15:55.670 [main] DEBUG nextflow.executor.ExecutorFactory - >> processorType: 'slurm'
Aug-23 12:15:55.681 [main] DEBUG nextflow.executor.Executor - [warm up] executor > slurm
Aug-23 12:15:55.689 [main] DEBUG n.processor.TaskPollingMonitor - Creating task monitor for executor 'slurm' > capacity: 300; pollInterval: 5s; dumpInterval: 5m 
Aug-23 12:15:55.690 [main] DEBUG n.processor.TaskPollingMonitor - >>> barrier register (monitor: slurm)
Aug-23 12:15:55.691 [main] DEBUG n.processor.TaskPollingMonitor - Creating submit rate limit of 3 submissions per 1 seconds
Aug-23 12:15:55.694 [main] DEBUG n.executor.AbstractGridExecutor - Creating executor 'slurm' > queue-stat-interval: 1m
Aug-23 12:15:55.733 [main] DEBUG nextflow.processor.TaskProcessor - Creating process 'INPUT_CHECK:SAMPLESHEET_CHECK': maxForks=0; fair=false; array=0
Aug-23 12:15:55.776 [main] DEBUG n.script.dsl.ProcessConfigBuilder - Config settings `withLabel:process_fastqc` matches labels `process_fastqc` for process with name RAW_FASTQ_QC:RFQC_FASTQC
Aug-23 12:15:55.781 [main] DEBUG n.script.dsl.ProcessConfigBuilder - Config settings `withName:RFQC_FASTQC` matches process RAW_FASTQ_QC:RFQC_FASTQC
Aug-23 12:15:55.790 [main] DEBUG nextflow.executor.ExecutorFactory - << taskConfig executor: slurm
Aug-23 12:15:55.790 [main] DEBUG nextflow.executor.ExecutorFactory - >> processorType: 'slurm'
Aug-23 12:15:55.791 [main] DEBUG nextflow.processor.TaskProcessor - Creating process 'RAW_FASTQ_QC:RFQC_FASTQC': maxForks=0; fair=false; array=0
Aug-23 12:15:55.812 [main] DEBUG n.script.dsl.ProcessConfigBuilder - Config settings `withLabel:process_multiqc` matches labels `process_multiqc` for process with name RAW_FASTQ_QC:RFQC_MULTIQC
Aug-23 12:15:55.815 [main] DEBUG n.script.dsl.ProcessConfigBuilder - Config settings `withName:RFQC_MULTIQC` matches process RAW_FASTQ_QC:RFQC_MULTIQC
Aug-23 12:15:55.820 [main] DEBUG nextflow.executor.ExecutorFactory - << taskConfig executor: slurm
Aug-23 12:15:55.820 [main] DEBUG nextflow.executor.ExecutorFactory - >> processorType: 'slurm'
Aug-23 12:15:55.821 [main] DEBUG nextflow.processor.TaskProcessor - Creating process 'RAW_FASTQ_QC:RFQC_MULTIQC': maxForks=0; fair=false; array=0
Aug-23 12:15:55.833 [main] DEBUG n.script.dsl.ProcessConfigBuilder - Config settings `withLabel:process_fastp` matches labels `process_fastp` for process with name FASTQ_PROCESSING:FP_FASTP
Aug-23 12:15:55.835 [main] DEBUG n.script.dsl.ProcessConfigBuilder - Config settings `withName:FP_FASTP` matches process FASTQ_PROCESSING:FP_FASTP
Aug-23 12:15:55.841 [main] DEBUG nextflow.executor.ExecutorFactory - << taskConfig executor: slurm
Aug-23 12:15:55.842 [main] DEBUG nextflow.executor.ExecutorFactory - >> processorType: 'slurm'
Aug-23 12:15:55.843 [main] DEBUG nextflow.processor.TaskProcessor - Creating process 'FASTQ_PROCESSING:FP_FASTP': maxForks=0; fair=false; array=0
Aug-23 12:15:55.861 [main] DEBUG n.script.dsl.ProcessConfigBuilder - Config settings `withLabel:process_fastqc` matches labels `process_fastqc` for process with name PROCESSED_FASTQ_QC:PFQC_FASTQC
Aug-23 12:15:55.864 [main] DEBUG n.script.dsl.ProcessConfigBuilder - Config settings `withName:PFQC_FASTQC` matches process PROCESSED_FASTQ_QC:PFQC_FASTQC
Aug-23 12:15:55.867 [main] DEBUG nextflow.executor.ExecutorFactory - << taskConfig executor: slurm
Aug-23 12:15:55.868 [main] DEBUG nextflow.executor.ExecutorFactory - >> processorType: 'slurm'
Aug-23 12:15:55.868 [main] DEBUG nextflow.processor.TaskProcessor - Creating process 'PROCESSED_FASTQ_QC:PFQC_FASTQC': maxForks=0; fair=false; array=0
Aug-23 12:15:55.883 [main] DEBUG n.script.dsl.ProcessConfigBuilder - Config settings `withLabel:process_multiqc` matches labels `process_multiqc` for process with name PROCESSED_FASTQ_QC:PFQC_MULTIQC
Aug-23 12:15:55.886 [main] DEBUG n.script.dsl.ProcessConfigBuilder - Config settings `withName:PFQC_MULTIQC` matches process PROCESSED_FASTQ_QC:PFQC_MULTIQC
Aug-23 12:15:55.890 [main] DEBUG nextflow.executor.ExecutorFactory - << taskConfig executor: slurm
Aug-23 12:15:55.890 [main] DEBUG nextflow.executor.ExecutorFactory - >> processorType: 'slurm'
Aug-23 12:15:55.891 [main] DEBUG nextflow.processor.TaskProcessor - Creating process 'PROCESSED_FASTQ_QC:PFQC_MULTIQC': maxForks=0; fair=false; array=0
Aug-23 12:15:55.903 [main] DEBUG n.script.dsl.ProcessConfigBuilder - Config settings `withLabel:process_samtools_faidx` matches labels `process_samtools_faidx` for process with name MAPPING:M_SAMTOOLS_FAIDX
Aug-23 12:15:55.908 [main] DEBUG nextflow.executor.ExecutorFactory - << taskConfig executor: slurm
Aug-23 12:15:55.908 [main] DEBUG nextflow.executor.ExecutorFactory - >> processorType: 'slurm'
Aug-23 12:15:55.909 [main] DEBUG nextflow.processor.TaskProcessor - Creating process 'MAPPING:M_SAMTOOLS_FAIDX': maxForks=0; fair=false; array=0
Aug-23 12:15:55.914 [main] DEBUG n.script.dsl.ProcessConfigBuilder - Config settings `withLabel:process_bwa_index` matches labels `process_bwa_index` for process with name MAPPING:M_BWA_INDEX
Aug-23 12:15:55.920 [main] DEBUG nextflow.executor.ExecutorFactory - << taskConfig executor: slurm
Aug-23 12:15:55.920 [main] DEBUG nextflow.executor.ExecutorFactory - >> processorType: 'slurm'
Aug-23 12:15:55.920 [main] DEBUG nextflow.processor.TaskProcessor - Creating process 'MAPPING:M_BWA_INDEX': maxForks=0; fair=false; array=0
Aug-23 12:15:55.940 [main] DEBUG n.script.dsl.ProcessConfigBuilder - Config settings `withLabel:process_bwa_aln` matches labels `process_bwa_aln` for process with name MAPPING:M_BWA_ALN
Aug-23 12:15:55.942 [main] DEBUG n.script.dsl.ProcessConfigBuilder - Config settings `withName:M_BWA_ALN` matches process MAPPING:M_BWA_ALN
Aug-23 12:15:55.946 [main] DEBUG nextflow.executor.ExecutorFactory - << taskConfig executor: slurm
Aug-23 12:15:55.946 [main] DEBUG nextflow.executor.ExecutorFactory - >> processorType: 'slurm'
Aug-23 12:15:55.947 [main] DEBUG nextflow.processor.TaskProcessor - Creating process 'MAPPING:M_BWA_ALN': maxForks=0; fair=false; array=0
Aug-23 12:15:55.955 [main] DEBUG n.script.dsl.ProcessConfigBuilder - Config settings `withLabel:process_samtools_index` matches labels `process_samtools_index` for process with name MAPPING:M_RAW_BAM_INDEX
Aug-23 12:15:55.957 [main] DEBUG n.script.dsl.ProcessConfigBuilder - Config settings `withName:M_RAW_BAM_INDEX` matches process MAPPING:M_RAW_BAM_INDEX
Aug-23 12:15:55.961 [main] DEBUG nextflow.executor.ExecutorFactory - << taskConfig executor: slurm
Aug-23 12:15:55.961 [main] DEBUG nextflow.executor.ExecutorFactory - >> processorType: 'slurm'
Aug-23 12:15:55.962 [main] DEBUG nextflow.processor.TaskProcessor - Creating process 'MAPPING:M_RAW_BAM_INDEX': maxForks=0; fair=false; array=0
Aug-23 12:15:55.978 [main] DEBUG n.script.dsl.ProcessConfigBuilder - Config settings `withLabel:process_samtools_flagstat` matches labels `process_samtools_flagstat` for process with name RAW_BAM_QC:RBQC_SAMTOOLS_FLAGSTAT
Aug-23 12:15:55.980 [main] DEBUG n.script.dsl.ProcessConfigBuilder - Config settings `withName:RBQC_SAMTOOLS_FLAGSTAT` matches process RAW_BAM_QC:RBQC_SAMTOOLS_FLAGSTAT
Aug-23 12:15:55.983 [main] DEBUG nextflow.executor.ExecutorFactory - << taskConfig executor: slurm
Aug-23 12:15:55.983 [main] DEBUG nextflow.executor.ExecutorFactory - >> processorType: 'slurm'
Aug-23 12:15:55.984 [main] DEBUG nextflow.processor.TaskProcessor - Creating process 'RAW_BAM_QC:RBQC_SAMTOOLS_FLAGSTAT': maxForks=0; fair=false; array=0
Aug-23 12:15:56.002 [main] DEBUG n.script.dsl.ProcessConfigBuilder - Config settings `withLabel:process_multiqc` matches labels `process_multiqc` for process with name RAW_BAM_QC:RBQC_MULTIQC_BAM
Aug-23 12:15:56.005 [main] DEBUG n.script.dsl.ProcessConfigBuilder - Config settings `withName:RBQC_MULTIQC_BAM` matches process RAW_BAM_QC:RBQC_MULTIQC_BAM
Aug-23 12:15:56.010 [main] DEBUG nextflow.executor.ExecutorFactory - << taskConfig executor: slurm
Aug-23 12:15:56.010 [main] DEBUG nextflow.executor.ExecutorFactory - >> processorType: 'slurm'
Aug-23 12:15:56.011 [main] DEBUG nextflow.processor.TaskProcessor - Creating process 'RAW_BAM_QC:RBQC_MULTIQC_BAM': maxForks=0; fair=false; array=0
Aug-23 12:15:56.017 [main] DEBUG n.script.dsl.ProcessConfigBuilder - Config settings `withLabel:process_samtools_view_subsample` matches labels `process_samtools_view_subsample` for process with name RAW_BAM_QC:RBQC_SAMTOOLS_VIEW_SUBSAMPLE
Aug-23 12:15:56.019 [main] DEBUG n.script.dsl.ProcessConfigBuilder - Config settings `withName:RBQC_SAMTOOLS_VIEW_SUBSAMPLE` matches process RAW_BAM_QC:RBQC_SAMTOOLS_VIEW_SUBSAMPLE
Aug-23 12:15:56.023 [main] DEBUG nextflow.executor.ExecutorFactory - << taskConfig executor: slurm
Aug-23 12:15:56.023 [main] DEBUG nextflow.executor.ExecutorFactory - >> processorType: 'slurm'
Aug-23 12:15:56.023 [main] DEBUG nextflow.processor.TaskProcessor - Creating process 'RAW_BAM_QC:RBQC_SAMTOOLS_VIEW_SUBSAMPLE': maxForks=0; fair=false; array=0
Aug-23 12:15:56.031 [main] DEBUG n.script.dsl.ProcessConfigBuilder - Config settings `withLabel:process_create_amber_samplesheet` matches labels `process_create_amber_samplesheet` for process with name RAW_BAM_QC:RBQC_CREATE_AMBER_SAMPLESHEET
Aug-23 12:15:56.036 [main] DEBUG nextflow.executor.ExecutorFactory - << taskConfig executor: slurm
Aug-23 12:15:56.036 [main] DEBUG nextflow.executor.ExecutorFactory - >> processorType: 'slurm'
Aug-23 12:15:56.036 [main] DEBUG nextflow.processor.TaskProcessor - Creating process 'RAW_BAM_QC:RBQC_CREATE_AMBER_SAMPLESHEET': maxForks=0; fair=false; array=0
Aug-23 12:15:56.043 [main] DEBUG n.script.dsl.ProcessConfigBuilder - Config settings `withLabel:process_amber` matches labels `process_amber` for process with name RAW_BAM_QC:RBQC_AMBER
Aug-23 12:15:56.045 [main] DEBUG n.script.dsl.ProcessConfigBuilder - Config settings `withName:RBQC_AMBER` matches process RAW_BAM_QC:RBQC_AMBER
Aug-23 12:15:56.049 [main] DEBUG nextflow.executor.ExecutorFactory - << taskConfig executor: slurm
Aug-23 12:15:56.049 [main] DEBUG nextflow.executor.ExecutorFactory - >> processorType: 'slurm'
Aug-23 12:15:56.050 [main] DEBUG nextflow.processor.TaskProcessor - Creating process 'RAW_BAM_QC:RBQC_AMBER': maxForks=0; fair=false; array=0
Aug-23 12:15:56.070 [main] DEBUG n.script.dsl.ProcessConfigBuilder - Config settings `withLabel:process_samtools_merge` matches labels `process_samtools_merge` for process with name BAM_PROCESSING:BP_SAMTOOLS_MERGE_LIB
Aug-23 12:15:56.075 [main] DEBUG nextflow.executor.ExecutorFactory - << taskConfig executor: slurm
Aug-23 12:15:56.075 [main] DEBUG nextflow.executor.ExecutorFactory - >> processorType: 'slurm'
Aug-23 12:15:56.076 [main] DEBUG nextflow.processor.TaskProcessor - Creating process 'BAM_PROCESSING:BP_SAMTOOLS_MERGE_LIB': maxForks=0; fair=false; array=0
Aug-23 12:15:56.084 [main] DEBUG n.script.dsl.ProcessConfigBuilder - Config settings `withLabel:process_samtools_index` matches labels `process_samtools_index` for process with name BAM_PROCESSING:BP_SAMTOOLS_MERGE_LIB_INDEX
Aug-23 12:15:56.088 [main] DEBUG nextflow.executor.ExecutorFactory - << taskConfig executor: slurm
Aug-23 12:15:56.088 [main] DEBUG nextflow.executor.ExecutorFactory - >> processorType: 'slurm'
Aug-23 12:15:56.089 [main] DEBUG nextflow.processor.TaskProcessor - Creating process 'BAM_PROCESSING:BP_SAMTOOLS_MERGE_LIB_INDEX': maxForks=0; fair=false; array=0
Aug-23 12:15:56.095 [main] DEBUG n.script.dsl.ProcessConfigBuilder - Config settings `withLabel:process_samtools_view_mq` matches labels `process_samtools_view_mq` for process with name BAM_PROCESSING:BP_SAMTOOLS_VIEW_MQ
Aug-23 12:15:56.096 [main] DEBUG n.script.dsl.ProcessConfigBuilder - Config settings `withName:BP_SAMTOOLS_VIEW_MQ` matches process BAM_PROCESSING:BP_SAMTOOLS_VIEW_MQ
Aug-23 12:15:56.100 [main] DEBUG nextflow.executor.ExecutorFactory - << taskConfig executor: slurm
Aug-23 12:15:56.100 [main] DEBUG nextflow.executor.ExecutorFactory - >> processorType: 'slurm'
Aug-23 12:15:56.101 [main] DEBUG nextflow.processor.TaskProcessor - Creating process 'BAM_PROCESSING:BP_SAMTOOLS_VIEW_MQ': maxForks=0; fair=false; array=0
Aug-23 12:15:56.106 [main] DEBUG n.script.dsl.ProcessConfigBuilder - Config settings `withLabel:process_samtools_index` matches labels `process_samtools_index` for process with name BAM_PROCESSING:BP_SAMTOOLS_VIEW_MQ_INDEX
Aug-23 12:15:56.111 [main] DEBUG nextflow.executor.ExecutorFactory - << taskConfig executor: slurm
Aug-23 12:15:56.111 [main] DEBUG nextflow.executor.ExecutorFactory - >> processorType: 'slurm'
Aug-23 12:15:56.112 [main] DEBUG nextflow.processor.TaskProcessor - Creating process 'BAM_PROCESSING:BP_SAMTOOLS_VIEW_MQ_INDEX': maxForks=0; fair=false; array=0
Aug-23 12:15:56.117 [main] DEBUG n.script.dsl.ProcessConfigBuilder - Config settings `withLabel:process_samtools_view_subsample` matches labels `process_samtools_view_subsample` for process with name BAM_PROCESSING:BP_SAMTOOLS_VIEW_SUBSAMPLE
Aug-23 12:15:56.121 [main] DEBUG nextflow.executor.ExecutorFactory - << taskConfig executor: slurm
Aug-23 12:15:56.121 [main] DEBUG nextflow.executor.ExecutorFactory - >> processorType: 'slurm'
Aug-23 12:15:56.122 [main] DEBUG nextflow.processor.TaskProcessor - Creating process 'BAM_PROCESSING:BP_SAMTOOLS_VIEW_SUBSAMPLE': maxForks=0; fair=false; array=0
Aug-23 12:15:56.128 [main] DEBUG n.script.dsl.ProcessConfigBuilder - Config settings `withLabel:process_create_amber_samplesheet` matches labels `process_create_amber_samplesheet` for process with name BAM_PROCESSING:BP_CREATE_AMBER_SAMPLESHEET
Aug-23 12:15:56.134 [main] DEBUG nextflow.executor.ExecutorFactory - << taskConfig executor: slurm
Aug-23 12:15:56.134 [main] DEBUG nextflow.executor.ExecutorFactory - >> processorType: 'slurm'
Aug-23 12:15:56.135 [main] DEBUG nextflow.processor.TaskProcessor - Creating process 'BAM_PROCESSING:BP_CREATE_AMBER_SAMPLESHEET': maxForks=0; fair=false; array=0
Aug-23 12:15:56.141 [main] DEBUG n.script.dsl.ProcessConfigBuilder - Config settings `withLabel:process_amber` matches labels `process_amber` for process with name BAM_PROCESSING:BP_AMBER
Aug-23 12:15:56.143 [main] DEBUG n.script.dsl.ProcessConfigBuilder - Config settings `withName:BP_AMBER` matches process BAM_PROCESSING:BP_AMBER
Aug-23 12:15:56.147 [main] DEBUG nextflow.executor.ExecutorFactory - << taskConfig executor: slurm
Aug-23 12:15:56.147 [main] DEBUG nextflow.executor.ExecutorFactory - >> processorType: 'slurm'
Aug-23 12:15:56.148 [main] DEBUG nextflow.processor.TaskProcessor - Creating process 'BAM_PROCESSING:BP_AMBER': maxForks=0; fair=false; array=0
Aug-23 12:15:56.153 [main] DEBUG n.script.dsl.ProcessConfigBuilder - Config settings `withLabel:process_samremovedup` matches labels `process_samremovedup` for process with name BAM_PROCESSING:BP_SAMREMOVEDUP_LIB
Aug-23 12:15:56.157 [main] DEBUG nextflow.executor.ExecutorFactory - << taskConfig executor: slurm
Aug-23 12:15:56.157 [main] DEBUG nextflow.executor.ExecutorFactory - >> processorType: 'slurm'
Aug-23 12:15:56.158 [main] DEBUG nextflow.processor.TaskProcessor - Creating process 'BAM_PROCESSING:BP_SAMREMOVEDUP_LIB': maxForks=0; fair=false; array=0
Aug-23 12:15:56.165 [main] DEBUG n.script.dsl.ProcessConfigBuilder - Config settings `withLabel:process_samtools_index` matches labels `process_samtools_index` for process with name BAM_PROCESSING:BP_SAMREMOVEDUP_LIB_INDEX
Aug-23 12:15:56.168 [main] DEBUG nextflow.executor.ExecutorFactory - << taskConfig executor: slurm
Aug-23 12:15:56.168 [main] DEBUG nextflow.executor.ExecutorFactory - >> processorType: 'slurm'
Aug-23 12:15:56.169 [main] DEBUG nextflow.processor.TaskProcessor - Creating process 'BAM_PROCESSING:BP_SAMREMOVEDUP_LIB_INDEX': maxForks=0; fair=false; array=0
Aug-23 12:15:56.181 [main] DEBUG n.script.dsl.ProcessConfigBuilder - Config settings `withLabel:process_mapdamage2` matches labels `process_mapdamage2` for process with name BAM_PROCESSING:BP_MAPDAMAGE2
Aug-23 12:15:56.182 [main] DEBUG n.script.dsl.ProcessConfigBuilder - Config settings `withName:BP_MAPDAMAGE2` matches process BAM_PROCESSING:BP_MAPDAMAGE2
Aug-23 12:15:56.185 [main] DEBUG nextflow.executor.ExecutorFactory - << taskConfig executor: slurm
Aug-23 12:15:56.185 [main] DEBUG nextflow.executor.ExecutorFactory - >> processorType: 'slurm'
Aug-23 12:15:56.186 [main] DEBUG nextflow.processor.TaskProcessor - Creating process 'BAM_PROCESSING:BP_MAPDAMAGE2': maxForks=0; fair=false; array=0
Aug-23 12:15:56.208 [main] DEBUG n.script.dsl.ProcessConfigBuilder - Config settings `withLabel:process_samtools_merge` matches labels `process_samtools_merge` for process with name BAM_PROCESSING:BP_SAMTOOLS_MERGE_SAMPLE
Aug-23 12:15:56.213 [main] DEBUG nextflow.executor.ExecutorFactory - << taskConfig executor: slurm
Aug-23 12:15:56.213 [main] DEBUG nextflow.executor.ExecutorFactory - >> processorType: 'slurm'
Aug-23 12:15:56.214 [main] DEBUG nextflow.processor.TaskProcessor - Creating process 'BAM_PROCESSING:BP_SAMTOOLS_MERGE_SAMPLE': maxForks=0; fair=false; array=0
Aug-23 12:15:56.222 [main] DEBUG n.script.dsl.ProcessConfigBuilder - Config settings `withLabel:process_samtools_index` matches labels `process_samtools_index` for process with name BAM_PROCESSING:BP_SAMTOOLS_MERGE_SAMPLE_INDEX
Aug-23 12:15:56.225 [main] DEBUG nextflow.executor.ExecutorFactory - << taskConfig executor: slurm
Aug-23 12:15:56.226 [main] DEBUG nextflow.executor.ExecutorFactory - >> processorType: 'slurm'
Aug-23 12:15:56.226 [main] DEBUG nextflow.processor.TaskProcessor - Creating process 'BAM_PROCESSING:BP_SAMTOOLS_MERGE_SAMPLE_INDEX': maxForks=0; fair=false; array=0
Aug-23 12:15:56.232 [main] DEBUG n.script.dsl.ProcessConfigBuilder - Config settings `withLabel:process_samremovedup` matches labels `process_samremovedup` for process with name BAM_PROCESSING:BP_SAMREMOVEDUP_SAMPLE
Aug-23 12:15:56.233 [main] DEBUG n.script.dsl.ProcessConfigBuilder - Config settings `withName:BP_SAMREMOVEDUP_SAMPLE` matches process BAM_PROCESSING:BP_SAMREMOVEDUP_SAMPLE
Aug-23 12:15:56.236 [main] DEBUG nextflow.executor.ExecutorFactory - << taskConfig executor: slurm
Aug-23 12:15:56.236 [main] DEBUG nextflow.executor.ExecutorFactory - >> processorType: 'slurm'
Aug-23 12:15:56.237 [main] DEBUG nextflow.processor.TaskProcessor - Creating process 'BAM_PROCESSING:BP_SAMREMOVEDUP_SAMPLE': maxForks=0; fair=false; array=0
Aug-23 12:15:56.245 [main] DEBUG n.script.dsl.ProcessConfigBuilder - Config settings `withLabel:process_samtools_index` matches labels `process_samtools_index` for process with name BAM_PROCESSING:BP_SAMREMOVEDUP_SAMPLE_INDEX
Aug-23 12:15:56.246 [main] DEBUG n.script.dsl.ProcessConfigBuilder - Config settings `withName:BP_SAMREMOVEDUP_SAMPLE_INDEX` matches process BAM_PROCESSING:BP_SAMREMOVEDUP_SAMPLE_INDEX
Aug-23 12:15:56.250 [main] DEBUG nextflow.executor.ExecutorFactory - << taskConfig executor: slurm
Aug-23 12:15:56.250 [main] DEBUG nextflow.executor.ExecutorFactory - >> processorType: 'slurm'
Aug-23 12:15:56.251 [main] DEBUG nextflow.processor.TaskProcessor - Creating process 'BAM_PROCESSING:BP_SAMREMOVEDUP_SAMPLE_INDEX': maxForks=0; fair=false; array=0
Aug-23 12:15:56.265 [main] DEBUG nextflow.executor.ExecutorFactory - << taskConfig executor: slurm
Aug-23 12:15:56.265 [main] DEBUG nextflow.executor.ExecutorFactory - >> processorType: 'slurm'
Aug-23 12:15:56.266 [main] DEBUG nextflow.processor.TaskProcessor - Creating process 'BAM_PROCESSING:BP_CREATE_SEQUENCE_DICTIONARY': maxForks=0; fair=false; array=0
Aug-23 12:15:56.274 [main] DEBUG n.script.dsl.ProcessConfigBuilder - Config settings `withLabel:process_gatk_indel_realigner` matches labels `process_gatk_indel_realigner` for process with name BAM_PROCESSING:BP_GATK_INDEL_REALIGNER
Aug-23 12:15:56.275 [main] DEBUG n.script.dsl.ProcessConfigBuilder - Config settings `withName:BP_GATK_INDEL_REALIGNER` matches process BAM_PROCESSING:BP_GATK_INDEL_REALIGNER
Aug-23 12:15:56.279 [main] DEBUG nextflow.executor.ExecutorFactory - << taskConfig executor: slurm
Aug-23 12:15:56.279 [main] DEBUG nextflow.executor.ExecutorFactory - >> processorType: 'slurm'
Aug-23 12:15:56.280 [main] DEBUG nextflow.processor.TaskProcessor - Creating process 'BAM_PROCESSING:BP_GATK_INDEL_REALIGNER': maxForks=0; fair=false; array=0
Aug-23 12:15:56.287 [main] DEBUG n.script.dsl.ProcessConfigBuilder - Config settings `withLabel:process_samtools_index` matches labels `process_samtools_index` for process with name BAM_PROCESSING:BP_GATK_INDEL_REALIGNER_INDEX
Aug-23 12:15:56.288 [main] DEBUG n.script.dsl.ProcessConfigBuilder - Config settings `withName:BP_GATK_INDEL_REALIGNER_INDEX` matches process BAM_PROCESSING:BP_GATK_INDEL_REALIGNER_INDEX
Aug-23 12:15:56.291 [main] DEBUG nextflow.executor.ExecutorFactory - << taskConfig executor: slurm
Aug-23 12:15:56.291 [main] DEBUG nextflow.executor.ExecutorFactory - >> processorType: 'slurm'
Aug-23 12:15:56.293 [main] DEBUG nextflow.processor.TaskProcessor - Creating process 'BAM_PROCESSING:BP_GATK_INDEL_REALIGNER_INDEX': maxForks=0; fair=false; array=0
Aug-23 12:15:56.320 [main] DEBUG n.script.dsl.ProcessConfigBuilder - Config settings `withLabel:process_samtools_flagstat` matches labels `process_samtools_flagstat` for process with name PROCESSED_BAM_QC:PBQC_FLAGSTAT_MERGED_BAM_LIB
Aug-23 12:15:56.322 [main] DEBUG n.script.dsl.ProcessConfigBuilder - Config settings `withName:PBQC_FLAGSTAT_MERGED_BAM_LIB` matches process PROCESSED_BAM_QC:PBQC_FLAGSTAT_MERGED_BAM_LIB
Aug-23 12:15:56.326 [main] DEBUG nextflow.executor.ExecutorFactory - << taskConfig executor: slurm
Aug-23 12:15:56.326 [main] DEBUG nextflow.executor.ExecutorFactory - >> processorType: 'slurm'
Aug-23 12:15:56.327 [main] DEBUG nextflow.processor.TaskProcessor - Creating process 'PROCESSED_BAM_QC:PBQC_FLAGSTAT_MERGED_BAM_LIB': maxForks=0; fair=false; array=0
Aug-23 12:15:56.346 [main] DEBUG n.script.dsl.ProcessConfigBuilder - Config settings `withLabel:process_multiqc` matches labels `process_multiqc` for process with name PROCESSED_BAM_QC:PBQC_MULTIQC_MERGED_BAM_LIB
Aug-23 12:15:56.348 [main] DEBUG n.script.dsl.ProcessConfigBuilder - Config settings `withName:PBQC_MULTIQC_MERGED_BAM_LIB` matches process PROCESSED_BAM_QC:PBQC_MULTIQC_MERGED_BAM_LIB
Aug-23 12:15:56.351 [main] DEBUG nextflow.executor.ExecutorFactory - << taskConfig executor: slurm
Aug-23 12:15:56.351 [main] DEBUG nextflow.executor.ExecutorFactory - >> processorType: 'slurm'
Aug-23 12:15:56.352 [main] DEBUG nextflow.processor.TaskProcessor - Creating process 'PROCESSED_BAM_QC:PBQC_MULTIQC_MERGED_BAM_LIB': maxForks=0; fair=false; array=0
Aug-23 12:15:56.363 [main] DEBUG n.script.dsl.ProcessConfigBuilder - Config settings `withLabel:process_samtools_flagstat` matches labels `process_samtools_flagstat` for process with name PROCESSED_BAM_QC:PBQC_FLAGSTAT_MQ_FILTERED_BAM
Aug-23 12:15:56.366 [main] DEBUG n.script.dsl.ProcessConfigBuilder - Config settings `withName:PBQC_FLAGSTAT_MQ_FILTERED_BAM` matches process PROCESSED_BAM_QC:PBQC_FLAGSTAT_MQ_FILTERED_BAM
Aug-23 12:15:56.392 [main] DEBUG nextflow.executor.ExecutorFactory - << taskConfig executor: slurm
Aug-23 12:15:56.392 [main] DEBUG nextflow.executor.ExecutorFactory - >> processorType: 'slurm'
Aug-23 12:15:56.393 [main] DEBUG nextflow.processor.TaskProcessor - Creating process 'PROCESSED_BAM_QC:PBQC_FLAGSTAT_MQ_FILTERED_BAM': maxForks=0; fair=false; array=0
Aug-23 12:15:56.411 [main] DEBUG n.script.dsl.ProcessConfigBuilder - Config settings `withLabel:process_multiqc` matches labels `process_multiqc` for process with name PROCESSED_BAM_QC:PBQC_MULTIQC_MQ_FILTERED_BAM
Aug-23 12:15:56.413 [main] DEBUG n.script.dsl.ProcessConfigBuilder - Config settings `withName:PBQC_MULTIQC_MQ_FILTERED_BAM` matches process PROCESSED_BAM_QC:PBQC_MULTIQC_MQ_FILTERED_BAM
Aug-23 12:15:56.415 [main] DEBUG nextflow.executor.ExecutorFactory - << taskConfig executor: slurm
Aug-23 12:15:56.415 [main] DEBUG nextflow.executor.ExecutorFactory - >> processorType: 'slurm'
Aug-23 12:15:56.415 [main] DEBUG nextflow.processor.TaskProcessor - Creating process 'PROCESSED_BAM_QC:PBQC_MULTIQC_MQ_FILTERED_BAM': maxForks=0; fair=false; array=0
Aug-23 12:15:56.426 [main] DEBUG n.script.dsl.ProcessConfigBuilder - Config settings `withLabel:process_samtools_flagstat` matches labels `process_samtools_flagstat` for process with name PROCESSED_BAM_QC:PBQC_FLAGSTAT_DEDUP_LIB
Aug-23 12:15:56.427 [main] DEBUG n.script.dsl.ProcessConfigBuilder - Config settings `withName:PBQC_FLAGSTAT_DEDUP_LIB` matches process PROCESSED_BAM_QC:PBQC_FLAGSTAT_DEDUP_LIB
Aug-23 12:15:56.430 [main] DEBUG nextflow.executor.ExecutorFactory - << taskConfig executor: slurm
Aug-23 12:15:56.430 [main] DEBUG nextflow.executor.ExecutorFactory - >> processorType: 'slurm'
Aug-23 12:15:56.431 [main] DEBUG nextflow.processor.TaskProcessor - Creating process 'PROCESSED_BAM_QC:PBQC_FLAGSTAT_DEDUP_LIB': maxForks=0; fair=false; array=0
Aug-23 12:15:56.445 [main] DEBUG n.script.dsl.ProcessConfigBuilder - Config settings `withLabel:process_multiqc` matches labels `process_multiqc` for process with name PROCESSED_BAM_QC:PBQC_MULTIQC_DEDUP_LIB
Aug-23 12:15:56.446 [main] DEBUG n.script.dsl.ProcessConfigBuilder - Config settings `withName:PBQC_MULTIQC_DEDUP_LIB` matches process PROCESSED_BAM_QC:PBQC_MULTIQC_DEDUP_LIB
Aug-23 12:15:56.448 [main] DEBUG nextflow.executor.ExecutorFactory - << taskConfig executor: slurm
Aug-23 12:15:56.448 [main] DEBUG nextflow.executor.ExecutorFactory - >> processorType: 'slurm'
Aug-23 12:15:56.448 [main] DEBUG nextflow.processor.TaskProcessor - Creating process 'PROCESSED_BAM_QC:PBQC_MULTIQC_DEDUP_LIB': maxForks=0; fair=false; array=0
Aug-23 12:15:56.458 [main] DEBUG n.script.dsl.ProcessConfigBuilder - Config settings `withLabel:process_samtools_flagstat` matches labels `process_samtools_flagstat` for process with name PROCESSED_BAM_QC:PBQC_FLAGSTAT_MERGED_BAM_SAMPLE
Aug-23 12:15:56.459 [main] DEBUG n.script.dsl.ProcessConfigBuilder - Config settings `withName:PBQC_FLAGSTAT_MERGED_BAM_SAMPLE` matches process PROCESSED_BAM_QC:PBQC_FLAGSTAT_MERGED_BAM_SAMPLE
Aug-23 12:15:56.464 [main] DEBUG nextflow.executor.ExecutorFactory - << taskConfig executor: slurm
Aug-23 12:15:56.464 [main] DEBUG nextflow.executor.ExecutorFactory - >> processorType: 'slurm'
Aug-23 12:15:56.465 [main] DEBUG nextflow.processor.TaskProcessor - Creating process 'PROCESSED_BAM_QC:PBQC_FLAGSTAT_MERGED_BAM_SAMPLE': maxForks=0; fair=false; array=0
Aug-23 12:15:56.478 [main] DEBUG n.script.dsl.ProcessConfigBuilder - Config settings `withLabel:process_multiqc` matches labels `process_multiqc` for process with name PROCESSED_BAM_QC:PBQC_MULTIQC_MERGED_BAM_SAMPLE
Aug-23 12:15:56.480 [main] DEBUG n.script.dsl.ProcessConfigBuilder - Config settings `withName:PBQC_MULTIQC_MERGED_BAM_SAMPLE` matches process PROCESSED_BAM_QC:PBQC_MULTIQC_MERGED_BAM_SAMPLE
Aug-23 12:15:56.482 [main] DEBUG nextflow.executor.ExecutorFactory - << taskConfig executor: slurm
Aug-23 12:15:56.482 [main] DEBUG nextflow.executor.ExecutorFactory - >> processorType: 'slurm'
Aug-23 12:15:56.482 [main] DEBUG nextflow.processor.TaskProcessor - Creating process 'PROCESSED_BAM_QC:PBQC_MULTIQC_MERGED_BAM_SAMPLE': maxForks=0; fair=false; array=0
Aug-23 12:15:56.492 [main] DEBUG n.script.dsl.ProcessConfigBuilder - Config settings `withLabel:process_samtools_flagstat` matches labels `process_samtools_flagstat` for process with name PROCESSED_BAM_QC:PBQC_FLAGSTAT_DEDUP_SAMPLE
Aug-23 12:15:56.493 [main] DEBUG n.script.dsl.ProcessConfigBuilder - Config settings `withName:PBQC_FLAGSTAT_DEDUP_SAMPLE` matches process PROCESSED_BAM_QC:PBQC_FLAGSTAT_DEDUP_SAMPLE
Aug-23 12:15:56.497 [main] DEBUG nextflow.executor.ExecutorFactory - << taskConfig executor: slurm
Aug-23 12:15:56.497 [main] DEBUG nextflow.executor.ExecutorFactory - >> processorType: 'slurm'
Aug-23 12:15:56.497 [main] DEBUG nextflow.processor.TaskProcessor - Creating process 'PROCESSED_BAM_QC:PBQC_FLAGSTAT_DEDUP_SAMPLE': maxForks=0; fair=false; array=0
Aug-23 12:15:56.512 [main] DEBUG n.script.dsl.ProcessConfigBuilder - Config settings `withLabel:process_multiqc` matches labels `process_multiqc` for process with name PROCESSED_BAM_QC:PBQC_MULTIQC_DEDUP_SAMPLE
Aug-23 12:15:56.514 [main] DEBUG n.script.dsl.ProcessConfigBuilder - Config settings `withName:PBQC_MULTIQC_DEDUP_SAMPLE` matches process PROCESSED_BAM_QC:PBQC_MULTIQC_DEDUP_SAMPLE
Aug-23 12:15:56.515 [main] DEBUG nextflow.executor.ExecutorFactory - << taskConfig executor: slurm
Aug-23 12:15:56.515 [main] DEBUG nextflow.executor.ExecutorFactory - >> processorType: 'slurm'
Aug-23 12:15:56.516 [main] DEBUG nextflow.processor.TaskProcessor - Creating process 'PROCESSED_BAM_QC:PBQC_MULTIQC_DEDUP_SAMPLE': maxForks=0; fair=false; array=0
Aug-23 12:15:56.523 [main] DEBUG n.script.dsl.ProcessConfigBuilder - Config settings `withLabel:process_samtools_depth_mean` matches labels `process_samtools_depth_mean` for process with name PROCESSED_BAM_QC:PBQC_SAMTOOLS_DEPTH_MEAN
Aug-23 12:15:56.525 [main] DEBUG n.script.dsl.ProcessConfigBuilder - Config settings `withName:PBQC_SAMTOOLS_DEPTH_MEAN` matches process PROCESSED_BAM_QC:PBQC_SAMTOOLS_DEPTH_MEAN
Aug-23 12:15:56.527 [main] DEBUG nextflow.executor.ExecutorFactory - << taskConfig executor: slurm
Aug-23 12:15:56.527 [main] DEBUG nextflow.executor.ExecutorFactory - >> processorType: 'slurm'
Aug-23 12:15:56.528 [main] DEBUG nextflow.processor.TaskProcessor - Creating process 'PROCESSED_BAM_QC:PBQC_SAMTOOLS_DEPTH_MEAN': maxForks=0; fair=false; array=0
Aug-23 12:15:56.577 [main] DEBUG n.script.dsl.ProcessConfigBuilder - Config settings `withLabel:process_mapping_metrics_lib` matches labels `process_mapping_metrics_lib` for process with name MAPPING_METRICS:MM_MAPPING_METRICS_LIB
Aug-23 12:15:56.580 [main] DEBUG nextflow.executor.ExecutorFactory - << taskConfig executor: slurm
Aug-23 12:15:56.580 [main] DEBUG nextflow.executor.ExecutorFactory - >> processorType: 'slurm'
Aug-23 12:15:56.581 [main] DEBUG nextflow.processor.TaskProcessor - Creating process 'MAPPING_METRICS:MM_MAPPING_METRICS_LIB': maxForks=0; fair=false; array=0
Aug-23 12:15:56.608 [main] DEBUG n.script.dsl.ProcessConfigBuilder - Config settings `withLabel:process_sort_metrics` matches labels `process_sort_metrics` for process with name MAPPING_METRICS:MM_SORT_METRICS_LIB
Aug-23 12:15:56.609 [main] DEBUG n.script.dsl.ProcessConfigBuilder - Config settings `withName:MM_SORT_METRICS_LIB` matches process MAPPING_METRICS:MM_SORT_METRICS_LIB
Aug-23 12:15:56.612 [main] DEBUG nextflow.executor.ExecutorFactory - << taskConfig executor: slurm
Aug-23 12:15:56.612 [main] DEBUG nextflow.executor.ExecutorFactory - >> processorType: 'slurm'
Aug-23 12:15:56.612 [main] DEBUG nextflow.processor.TaskProcessor - Creating process 'MAPPING_METRICS:MM_SORT_METRICS_LIB': maxForks=0; fair=false; array=0
Aug-23 12:15:56.638 [main] DEBUG n.script.dsl.ProcessConfigBuilder - Config settings `withLabel:process_mapping_metrics_sample` matches labels `process_mapping_metrics_sample` for process with name MAPPING_METRICS:MM_MAPPING_METRICS_SAMPLE
Aug-23 12:15:56.641 [main] DEBUG nextflow.executor.ExecutorFactory - << taskConfig executor: slurm
Aug-23 12:15:56.642 [main] DEBUG nextflow.executor.ExecutorFactory - >> processorType: 'slurm'
Aug-23 12:15:56.642 [main] DEBUG nextflow.processor.TaskProcessor - Creating process 'MAPPING_METRICS:MM_MAPPING_METRICS_SAMPLE': maxForks=0; fair=false; array=0
Aug-23 12:15:56.657 [main] DEBUG n.script.dsl.ProcessConfigBuilder - Config settings `withLabel:process_sort_metrics` matches labels `process_sort_metrics` for process with name MAPPING_METRICS:MM_SORT_METRICS_SAMPLE
Aug-23 12:15:56.659 [main] DEBUG n.script.dsl.ProcessConfigBuilder - Config settings `withName:MM_SORT_METRICS_SAMPLE` matches process MAPPING_METRICS:MM_SORT_METRICS_SAMPLE
Aug-23 12:15:56.661 [main] DEBUG nextflow.executor.ExecutorFactory - << taskConfig executor: slurm
Aug-23 12:15:56.661 [main] DEBUG nextflow.executor.ExecutorFactory - >> processorType: 'slurm'
Aug-23 12:15:56.662 [main] DEBUG nextflow.processor.TaskProcessor - Creating process 'MAPPING_METRICS:MM_SORT_METRICS_SAMPLE': maxForks=0; fair=false; array=0
Aug-23 12:15:56.677 [main] DEBUG n.script.dsl.ProcessConfigBuilder - Config settings `withLabel:process_samtools_unmapped_reads` matches labels `process_samtools_unmapped_reads` for process with name MICROBIAL_SCREENING:SAMTOOLS_UNMAPPED_READS
Aug-23 12:15:56.679 [main] DEBUG nextflow.executor.ExecutorFactory - << taskConfig executor: slurm
Aug-23 12:15:56.679 [main] DEBUG nextflow.executor.ExecutorFactory - >> processorType: 'slurm'
Aug-23 12:15:56.680 [main] DEBUG nextflow.processor.TaskProcessor - Creating process 'MICROBIAL_SCREENING:SAMTOOLS_UNMAPPED_READS': maxForks=0; fair=false; array=0
Aug-23 12:15:56.688 [main] DEBUG n.script.dsl.ProcessConfigBuilder - Config settings `withLabel:process_bwa_index` matches labels `process_bwa_index` for process with name MICROBIAL_SCREENING:MS_BWA_INDEX
Aug-23 12:15:56.691 [main] DEBUG nextflow.executor.ExecutorFactory - << taskConfig executor: slurm
Aug-23 12:15:56.691 [main] DEBUG nextflow.executor.ExecutorFactory - >> processorType: 'slurm'
Aug-23 12:15:56.691 [main] DEBUG nextflow.processor.TaskProcessor - Creating process 'MICROBIAL_SCREENING:MS_BWA_INDEX': maxForks=0; fair=false; array=0
Aug-23 12:15:56.698 [main] DEBUG n.script.dsl.ProcessConfigBuilder - Config settings `withLabel:process_bwa_aln` matches labels `process_bwa_aln` for process with name MICROBIAL_SCREENING:MS_BWA_ALN
Aug-23 12:15:56.699 [main] DEBUG n.script.dsl.ProcessConfigBuilder - Config settings `withName:MS_BWA_ALN` matches process MICROBIAL_SCREENING:MS_BWA_ALN
Aug-23 12:15:56.701 [main] DEBUG nextflow.executor.ExecutorFactory - << taskConfig executor: slurm
Aug-23 12:15:56.701 [main] DEBUG nextflow.executor.ExecutorFactory - >> processorType: 'slurm'
Aug-23 12:15:56.701 [main] DEBUG nextflow.processor.TaskProcessor - Creating process 'MICROBIAL_SCREENING:MS_BWA_ALN': maxForks=0; fair=false; array=0
Aug-23 12:15:56.707 [main] DEBUG n.script.dsl.ProcessConfigBuilder - Config settings `withLabel:process_samtools_index` matches labels `process_samtools_index` for process with name MICROBIAL_SCREENING:MS_RAW_BAM_INDEX
Aug-23 12:15:56.708 [main] DEBUG n.script.dsl.ProcessConfigBuilder - Config settings `withName:MS_RAW_BAM_INDEX` matches process MICROBIAL_SCREENING:MS_RAW_BAM_INDEX
Aug-23 12:15:56.710 [main] DEBUG nextflow.executor.ExecutorFactory - << taskConfig executor: slurm
Aug-23 12:15:56.710 [main] DEBUG nextflow.executor.ExecutorFactory - >> processorType: 'slurm'
Aug-23 12:15:56.710 [main] DEBUG nextflow.processor.TaskProcessor - Creating process 'MICROBIAL_SCREENING:MS_RAW_BAM_INDEX': maxForks=0; fair=false; array=0
Aug-23 12:15:56.715 [main] DEBUG n.script.dsl.ProcessConfigBuilder - Config settings `withLabel:process_samtools_view_mq` matches labels `process_samtools_view_mq` for process with name MICROBIAL_SCREENING:MS_SAMTOOLS_VIEW_MQ
Aug-23 12:15:56.716 [main] DEBUG n.script.dsl.ProcessConfigBuilder - Config settings `withName:MS_SAMTOOLS_VIEW_MQ` matches process MICROBIAL_SCREENING:MS_SAMTOOLS_VIEW_MQ
Aug-23 12:15:56.718 [main] DEBUG nextflow.executor.ExecutorFactory - << taskConfig executor: slurm
Aug-23 12:15:56.718 [main] DEBUG nextflow.executor.ExecutorFactory - >> processorType: 'slurm'
Aug-23 12:15:56.718 [main] DEBUG nextflow.processor.TaskProcessor - Creating process 'MICROBIAL_SCREENING:MS_SAMTOOLS_VIEW_MQ': maxForks=0; fair=false; array=0
Aug-23 12:15:56.725 [main] DEBUG n.script.dsl.ProcessConfigBuilder - Config settings `withLabel:process_samtools_merge` matches labels `process_samtools_merge` for process with name MICROBIAL_SCREENING:MS_SAMTOOLS_MERGE_SAMPLE
Aug-23 12:15:56.727 [main] DEBUG nextflow.executor.ExecutorFactory - << taskConfig executor: slurm
Aug-23 12:15:56.727 [main] DEBUG nextflow.executor.ExecutorFactory - >> processorType: 'slurm'
Aug-23 12:15:56.728 [main] DEBUG nextflow.processor.TaskProcessor - Creating process 'MICROBIAL_SCREENING:MS_SAMTOOLS_MERGE_SAMPLE': maxForks=0; fair=false; array=0
Aug-23 12:15:56.737 [main] DEBUG n.script.dsl.ProcessConfigBuilder - Config settings `withLabel:process_samremovedup` matches labels `process_samremovedup` for process with name MICROBIAL_SCREENING:MS_SAMREMOVEDUP_SAMPLE
Aug-23 12:15:56.739 [main] DEBUG n.script.dsl.ProcessConfigBuilder - Config settings `withName:MS_SAMREMOVEDUP_SAMPLE` matches process MICROBIAL_SCREENING:MS_SAMREMOVEDUP_SAMPLE
Aug-23 12:15:56.743 [main] DEBUG nextflow.executor.ExecutorFactory - << taskConfig executor: slurm
Aug-23 12:15:56.743 [main] DEBUG nextflow.executor.ExecutorFactory - >> processorType: 'slurm'
Aug-23 12:15:56.744 [main] DEBUG nextflow.processor.TaskProcessor - Creating process 'MICROBIAL_SCREENING:MS_SAMREMOVEDUP_SAMPLE': maxForks=0; fair=false; array=0
Aug-23 12:15:56.757 [main] DEBUG n.script.dsl.ProcessConfigBuilder - Config settings `withLabel:process_samtools_index` matches labels `process_samtools_index` for process with name MICROBIAL_SCREENING:MS_SAMREMOVEDUP_SAMPLE_INDEX
Aug-23 12:15:56.758 [main] DEBUG n.script.dsl.ProcessConfigBuilder - Config settings `withName:MS_SAMREMOVEDUP_SAMPLE_INDEX` matches process MICROBIAL_SCREENING:MS_SAMREMOVEDUP_SAMPLE_INDEX
Aug-23 12:15:56.761 [main] DEBUG nextflow.executor.ExecutorFactory - << taskConfig executor: slurm
Aug-23 12:15:56.762 [main] DEBUG nextflow.executor.ExecutorFactory - >> processorType: 'slurm'
Aug-23 12:15:56.762 [main] DEBUG nextflow.processor.TaskProcessor - Creating process 'MICROBIAL_SCREENING:MS_SAMREMOVEDUP_SAMPLE_INDEX': maxForks=0; fair=false; array=0
Aug-23 12:15:56.776 [main] DEBUG n.script.dsl.ProcessConfigBuilder - Config settings `withLabel:process_filterbam` matches labels `process_filterbam` for process with name MICROBIAL_SCREENING:MS_FILTERBAM
Aug-23 12:15:56.778 [main] DEBUG n.script.dsl.ProcessConfigBuilder - Config settings `withName:MS_FILTERBAM` matches process MICROBIAL_SCREENING:MS_FILTERBAM
Aug-23 12:15:56.781 [main] DEBUG nextflow.executor.ExecutorFactory - << taskConfig executor: slurm
Aug-23 12:15:56.781 [main] DEBUG nextflow.executor.ExecutorFactory - >> processorType: 'slurm'
Aug-23 12:15:56.782 [main] DEBUG nextflow.processor.TaskProcessor - Creating process 'MICROBIAL_SCREENING:MS_FILTERBAM': maxForks=0; fair=false; array=0
Aug-23 12:15:56.795 [main] DEBUG n.script.dsl.ProcessConfigBuilder - Config settings `withLabel:process_filterbam_plot` matches labels `process_filterbam_plot` for process with name MICROBIAL_SCREENING:MS_FILTERBAM_PLOT
Aug-23 12:15:56.797 [main] DEBUG n.script.dsl.ProcessConfigBuilder - Config settings `withName:MS_FILTERBAM_PLOT` matches process MICROBIAL_SCREENING:MS_FILTERBAM_PLOT
Aug-23 12:15:56.799 [main] DEBUG nextflow.executor.ExecutorFactory - << taskConfig executor: slurm
Aug-23 12:15:56.799 [main] DEBUG nextflow.executor.ExecutorFactory - >> processorType: 'slurm'
Aug-23 12:15:56.800 [main] DEBUG nextflow.processor.TaskProcessor - Creating process 'MICROBIAL_SCREENING:MS_FILTERBAM_PLOT': maxForks=0; fair=false; array=0
Aug-23 12:15:56.819 [main] DEBUG nextflow.Session - Process names: PBQC_FLAGSTAT_RM_SHORT_READS_BAM, VCB_BCFTOOLS_RM_INDELS, REPEAT_CPG_IDENTIFICATION:RCI_CREATE_REPMA_CPG_BED, MAPPING:M_BWA_ALN_SHORT, BP_RM_TRANSITIONS_INDEX, COMPETITIVE_MAPPING:CM_BEDTOOLS_SUBTRACT_TARGET, CM_SAMTOOLS_INDEX_DECOY, MS_SAMTOOLS_VIEW_MQ, MM_MAPPING_METRICS_LIB, VCB_RM_ALLELIC_IMBALANCE_BCF_STATS, TC_SAMREMOVEDUP_SAMPLE_INDEX, SAMTOOLS_MERGE, BWA_MEM, Y_CHR_SEXING, BP_MAPDAMAGE2, TAXONOMIC_CLASSIFICATION:TC_SAMTOOLS_IDXSTATS, BP_RM_TRANSITIONS, GUNZIP, CM_BEDTOOLS_SUBTRACT_TARGET, BAM_PROCESSING:BP_RM_SHORT_READS_INDEX, TC_RAW_BAM_INDEX, BP_RM_SHORT_READS_INDEX, MAPPING_METRICS_SAMPLE, FP_FASTP, ESTIMATE_READ_LEN_CUTOFF, MICROBIAL_SCREENING:MS_SAMREMOVEDUP_SAMPLE_INDEX, MAPPING:M_SAMTOOLS_FAIDX, MS_BWA_ALN_SHORT, MS_BOWTIE2_BUILD, KRAKEN2, COMPETITIVE_MAPPING:CM_BWA_MEM, PROCESSED_BAM_QC:PBQC_FLAGSTAT_MQ_FILTERED_BAM, CREATE_CPG_BED, RAW_BAM_QC:RBQC_MULTIQC_BAM, GATK_INDEL_REALIGNER, BAM_PROCESSING:BP_CREATE_SEQUENCE_DICTIONARY, VCB_BCFTOOLS_RM_ALLELIC_IMBALANCE, BP_ESTIMATE_READ_LEN_CUTOFF, REPEATMODELER, CM_SPLIT_FASTQ, M_BOWTIE2, BAM_PROCESSING:BP_RM_TRANSITIONS_INDEX, M_BWA_INDEX, FASTQC, BAM_PROCESSING:BP_CREATE_AMBER_SAMPLESHEET, M_MERGED_UNMERGED_READS_BAM, BP_AMBER, MAPPING:M_BOWTIE2_BUILD, BP_GATK_INDEL_REALIGNER_INDEX, VCB_BCFTOOLS_CALL, CM_FLAGSTAT_DECOY, MULTIQC, CREATE_REPMA_CPG_BED, COMPETITIVE_MAPPING:CM_SAMTOOLS_INDEX_DECOY, CM_SAMTOOLS_VIEW_DECOY, MM_MAPPING_METRICS_SAMPLE, BAM_PROCESSING:BP_RM_SHORT_READS, HAPLOTOFASTA, MAPPING:M_RAW_BAM_INDEX, PFQC_MULTIQC, PBQC_FLAGSTAT_MQ_FILTERED_BAM, RAW_BAM_QC:RBQC_CREATE_AMBER_SAMPLESHEET, PROCESSED_BAM_QC:PBQC_FLAGSTAT_DEDUP_LIB, TC_SORT_IDXSTATS, RCI_REPEATMASKER, PROCESSED_FASTQ_QC:PFQC_FASTQC, MICROBIAL_SCREENING:MS_FILTERBAM_PLOT, BAM_PROCESSING:BP_RM_TRANSITIONS, SAMTOOLS_FAIDX, PBQC_FLAGSTAT_DEDUP_LIB, MS_BWA_INDEX, REPEAT_CPG_IDENTIFICATION:RCI_REPEATMODELER, SAMTOOLS_FLAGSTAT, SAMPLESHEET_CHECK, BP_RM_SHORT_READS, VCB_RAW_BCF_STATS, RAW_BAM_QC:RBQC_SAMTOOLS_FLAGSTAT, MS_RAW_BAM_INDEX, M_SPLIT_FASTQ, BP_GATK_INDEL_REALIGNER, PROCESSED_BAM_QC:PBQC_FLAGSTAT_DEDUP_SAMPLE, PBQC_FLAGSTAT_MERGED_BAM_LIB, SEXING:S_XY_RATIO_SEXING, MAPPING_METRICS:MM_MAPPING_METRICS_LIB, RM_SHORT_READS, MS_MERGED_UNMERGED_READS_BAM, COMPETITIVE_MAPPING:CM_BWA_ALN, BAM_PROCESSING:BP_GATK_INDEL_REALIGNER, TC_SAMREMOVEDUP_SAMPLE, MICROBIAL_SCREENING:MS_SAMREMOVEDUP_SAMPLE, BP_SAMREMOVEDUP_LIB, MAPPING:M_BWA_ALN_MEM_MERGE, VARIANT_CALLING_ANGSD:VCA_ANGSD_RAW_BCF_STATS, RCI_REPEATMODELER, SORT_METRICS, PROCESSED_BAM_QC:PBQC_MULTIQC_MERGED_BAM_LIB, COMPETITIVE_MAPPING:CM_BWA_MEM_LONG, X_CHR_SEXING, COMPETITIVE_MAPPING:CM_SAMTOOLS_VIEW_DECOY, MAPPING_ITERATIVE_ASSEMBLER, BP_CREATE_AMBER_SAMPLESHEET, ADAPTCLEAN, MICROBIAL_SCREENING:MS_SPLIT_FASTQ, SAMTOOLS_DEPTH_MEAN, TAXONOMIC_CLASSIFICATION:TC_SAMREMOVEDUP_SAMPLE, MAPPING:M_BOWTIE2, BP_SAMTOOLS_VIEW_MQ, RM_TRANSITIONS, COMPETITIVE_MAPPING:CM_BWA_INDEX, VCB_FILTERED_BCF_STATS, BAM_PROCESSING:BP_MAPDAMAGE2, PBQC_MULTIQC_MERGED_BAM_LIB, COMPETITIVE_MAPPING:CM_MERGED_UNMERGED_READS_BAM, MAPPING:M_BWA_MEM, CREATE_SEQUENCE_DICTIONARY, BCFTOOLS_STATS, VCA_ANGSD_RAW_BCF_STATS, CM_SAMTOOLS_INDEX_RAW, BP_SAMTOOLS_MERGE_LIB_INDEX, TAXONOMIC_CLASSIFICATION:TC_SAMTOOLS_VIEW_MQ, MAPPING_METRICS:MM_SORT_METRICS_SAMPLE, FASTP, VARIANT_CALLING_BCFTOOLS:VCB_BCFTOOLS_CALL, FASTQ_PROCESSING:FP_FASTP, FASTQ_PROCESSING:FP_KRAKEN2, MICROBIAL_SCREENING:MS_BWA_MEM, BCFTOOLS_CALL, MAPPING:M_BWA_INDEX, BP_SAMTOOLS_MERGE_LIB, TAXONOMIC_CLASSIFICATION:TC_BOWTIE2_BUILD, CM_SAMTOOLS_INDEX_TARGET, PROCESSED_BAM_QC:PBQC_MULTIQC_MERGED_BAM_SAMPLE, FP_ADAPTCLEAN, RAW_FASTQ_QC:RFQC_FASTQC, MICROBIAL_SCREENING:MS_BWA_MEM_LONG, MS_BWA_MEM_LONG, SAMREMOVEDUP, SAMTOOLS_VIEW_SUBSAMPLE, TC_MERGED_UNMERGED_READS_BAM, PROCESSED_BAM_QC:PBQC_FLAGSTAT_MERGED_BAM_LIB, ITERATIVE_ASSEMBLY:IA_CONSENSUS_CALL_MIA, BP_SAMREMOVEDUP_SAMPLE, SAMTOOLS_VIEW_REGIONS, PBQC_FLAGSTAT_MERGED_BAM_SAMPLE, VCB_BCFTOOLS_FILTER, TAXONOMIC_CLASSIFICATION:TC_SORT_IDXSTATS, CM_BWA_ALN_SHORT, M_BWA_MEM_LONG, BWA_ALN, FILTERBAM_PLOT, VARIANT_CALLING_BCFTOOLS:VCB_RM_INDELS_BCF_STATS, CM_BWA_INDEX, PFQC_FASTQC, COMPETITIVE_MAPPING:CM_SAMTOOLS_INDEX_RAW, RANDOM_SAMPLING_BAM:PLINK_RECODE, BP_SAMTOOLS_VIEW_MQ_INDEX, TC_SAMTOOLS_VIEW_MQ, MAPPING_METRICS:MM_SORT_METRICS_LIB, MAPPING:M_BWA_MEM_LONG, COMPETITIVE_MAPPING:CM_BWA_ALN_SHORT, PROCESSED_BAM_QC:PBQC_MULTIQC_RM_SHORT_READS_BAM, VARIANT_CALLING_BCFTOOLS:VCB_BCFTOOLS_FILTER, PBQC_PLOT_PRESEQ, RBQC_MULTIQC_BAM, MAPPING:M_BWA_ALN, M_BWA_ALN_MEM_MERGE, COMPETITIVE_MAPPING:CM_SAMTOOLS_FAIDX_TARGET, BWA_INDEX, BAM_PROCESSING:BP_SAMTOOLS_VIEW_SUBSAMPLE, MAPPING:M_MERGED_UNMERGED_READS_BAM, VCB_RM_INDELS_BCF_STATS, RCI_CREATE_CPG_BED, RCI_CREATE_REPMA_BED, COMPETITIVE_MAPPING:CM_MULTIQC_DECOY, RANDOM_SAMPLING_BAM:ANGSD_DOHAPLOCALL, MICROBIAL_SCREENING:MS_BWA_ALN, RBQC_SAMTOOLS_VIEW_SUBSAMPLE, BAM_PROCESSING:BP_SAMTOOLS_MERGE_LIB, TAXONOMIC_CLASSIFICATION:TC_MERGED_UNMERGED_READS_BAM, CM_BOWTIE2, PBQC_SAMTOOLS_DEPTH_MEAN, VARIANT_CALLING_ANGSD:VCA_ANGSD_VARIANT_CALLING, TC_SAMTOOLS_MERGE_SAMPLE, COMPETITIVE_MAPPING:CM_BOWTIE2_BUILD, MAPPING_METRICS_LIB, SAMTOOLS_IDXSTATS, TAXONOMIC_CLASSIFICATION:TC_SAMREMOVEDUP_SAMPLE_INDEX, FAI_TO_BED, FILTERBAM, TAXONOMIC_CLASSIFICATION:TC_RAW_BAM_INDEX, SEXING:S_SAMTOOLS_IDXSTATS, COMPETITIVE_MAPPING:CM_SAMTOOLS_VIEW_TARGET, PROCESSED_BAM_QC:PBQC_PLOT_PRESEQ, S_Y_CHR_SEXING, RFQC_FASTQC, COMPETITIVE_MAPPING:CM_BWA_ALN_MEM_MERGE, MICROBIAL_SCREENING:SAMTOOLS_UNMAPPED_READS, CM_BWA_MEM_LONG, RCI_CREATE_REPMA_CPG_BED, PROCESSED_BAM_QC:PBQC_PRESEQ, BCFTOOLS_RM_ALLELIC_IMBALANCE, CREATE_REPMA_BED, REPEAT_CPG_IDENTIFICATION:RCI_SAMTOOLS_FAIDX, CM_SAMTOOLS_FAIDX, TAXONOMIC_CLASSIFICATION:TC_SAMTOOLS_MERGE_SAMPLE, MICROBIAL_SCREENING:MS_BOWTIE2, BAM_PROCESSING:BP_SAMTOOLS_VIEW_MQ, VARIANT_CALLING_BCFTOOLS:VCB_RAW_BCF_STATS, BAM_PROCESSING:BP_SAMREMOVEDUP_LIB, SAMTOOLS_VIEW_MQ, MM_SORT_METRICS_SAMPLE, VARIANT_CALLING_BCFTOOLS:VCB_FILTERED_BCF_STATS, PROCESSED_BAM_QC:PBQC_MULTIQC_DEDUP_LIB, MS_BOWTIE2, VCA_ANGSD_VARIANT_CALLING, PLOT_PRESEQ, PROCESSED_BAM_QC:PBQC_SAMTOOLS_DEPTH_MEAN, M_BWA_MEM, SEXING:S_Y_CHR_SEXING, BAM_PROCESSING:BP_SAMTOOLS_VIEW_MQ_INDEX, SAMTOOLS_UNMAPPED_READS, TC_BOWTIE2, CM_FAI_TO_BED_TARGET, RFQC_MULTIQC, BP_CREATE_SEQUENCE_DICTIONARY, BAM_PROCESSING:BP_MAPDAMAGE2_INDEX, MICROBIAL_SCREENING:MS_FILTERBAM, CM_SAMTOOLS_VIEW_TARGET, PBQC_MULTIQC_MQ_FILTERED_BAM, REPEATMASKER, SAMTOOLS_INDEX, RBQC_CREATE_AMBER_SAMPLESHEET, CM_MULTIQC_DECOY, PLINK_RECODE, CM_BWA_MEM, BP_SAMREMOVEDUP_SAMPLE_INDEX, RANDOM_SAMPLING_BAM:HAPLOTOFASTA, S_SAMTOOLS_IDXSTATS, BAM_PROCESSING:BP_SAMTOOLS_MERGE_SAMPLE_INDEX, XY_RATIO_SEXING, CM_BOWTIE2_BUILD, BAM_PROCESSING:BP_SAMREMOVEDUP_SAMPLE_INDEX, MS_FILTERBAM_PLOT, S_XY_RATIO_SEXING, PROCESSED_BAM_QC:PBQC_MULTIQC_DEDUP_SAMPLE, CM_BWA_ALN_MEM_MERGE, MS_SAMREMOVEDUP_SAMPLE_INDEX, MICROBIAL_SCREENING:MS_RAW_BAM_INDEX, BAM_PROCESSING:BP_SAMREMOVEDUP_LIB_INDEX, PBQC_PRESEQ, RAW_BAM_QC:RBQC_AMBER, PROCESSED_BAM_QC:PBQC_FLAGSTAT_MERGED_BAM_SAMPLE, MICROBIAL_SCREENING:MS_SAMTOOLS_MERGE_SAMPLE, MM_SORT_METRICS_LIB, TAXONOMIC_CLASSIFICATION:TC_BOWTIE2, RCI_SAMTOOLS_FAIDX, INPUT_CHECK:SAMPLESHEET_CHECK, AMBER, BOWTIE2, S_X_CHR_SEXING, BCFTOOLS_FILTER, MS_FILTERBAM, VARIANT_CALLING_BCFTOOLS:VCB_BCFTOOLS_RM_ALLELIC_IMBALANCE, COMPETITIVE_MAPPING:CM_SAMTOOLS_FAIDX, MICROBIAL_SCREENING:MS_SAMTOOLS_VIEW_MQ, BAM_PROCESSING:BP_SAMREMOVEDUP_SAMPLE, M_BOWTIE2_BUILD, REPEAT_CPG_IDENTIFICATION:RCI_CREATE_CPG_BED, BAM_PROCESSING:BP_SAMTOOLS_MERGE_LIB_INDEX, MS_SPLIT_FASTQ, CM_FAI_TO_BED, PROCESSED_FASTQ_QC:PFQC_MULTIQC, MS_BWA_MEM, CM_BWA_ALN, PBQC_MULTIQC_MERGED_BAM_SAMPLE, M_RAW_BAM_INDEX, BP_MAPDAMAGE2_INDEX, ANGSD_VARIANT_CALLING, COMPETITIVE_MAPPING:CM_SPLIT_FASTQ, VARIANT_CALLING_BCFTOOLS:VCB_RM_ALLELIC_IMBALANCE_BCF_STATS, CONSENSUS_CALL_MIA, BCFTOOLS_RM_INDELS, REPEAT_CPG_IDENTIFICATION:RCI_CREATE_REPMA_BED, MAPDAMAGE2, RANDOM_SAMPLING_BAM:ANGSD_HAPLOTOPLINK, COMPETITIVE_MAPPING:CM_FLAGSTAT_DECOY, MAPPING_METRICS:MM_MAPPING_METRICS_SAMPLE, SPLIT_FASTQ, PROCESSED_BAM_QC:PBQC_FLAGSTAT_RM_SHORT_READS_BAM, MICROBIAL_SCREENING:MS_BOWTIE2_BUILD, MAPPING:M_SPLIT_FASTQ, RAW_FASTQ_QC:RFQC_MULTIQC, COMPETITIVE_MAPPING:CM_FAI_TO_BED_TARGET, ANGSD_DOHAPLOCALL, BP_SAMREMOVEDUP_LIB_INDEX, BAM_PROCESSING:BP_AMBER, SEXING:S_X_CHR_SEXING, CM_MERGED_UNMERGED_READS_BAM, CREATE_REPEATS_BED, PBQC_FLAGSTAT_DEDUP_SAMPLE, MS_SAMREMOVEDUP_SAMPLE, COMPETITIVE_MAPPING:CM_BOWTIE2, RAW_BAM_QC:RBQC_SAMTOOLS_VIEW_SUBSAMPLE, COMPETITIVE_MAPPING:CM_FAI_TO_BED, BAM_PROCESSING:BP_GATK_INDEL_REALIGNER_INDEX, BOWTIE2_BUILD, BP_SAMTOOLS_MERGE_SAMPLE_INDEX, MICROBIAL_SCREENING:MS_MERGED_UNMERGED_READS_BAM, CREATE_AMBER_SAMPLESHEET, IA_MAPPING_ITERATIVE_ASSEMBLER, IA_CONSENSUS_CALL_MIA, SORT_IDXSTATS, M_BWA_ALN_SHORT, MS_BWA_ALN, RBQC_SAMTOOLS_FLAGSTAT, BAM_PROCESSING:BP_SAMTOOLS_MERGE_SAMPLE, RCI_CREATE_REPEATS_BED, PROCESSED_BAM_QC:PBQC_MULTIQC_MQ_FILTERED_BAM, CM_SAMTOOLS_FAIDX_TARGET, MICROBIAL_SCREENING:MS_BWA_INDEX, PBQC_MULTIQC_DEDUP_SAMPLE, FP_KRAKEN2, REPEAT_CPG_IDENTIFICATION:RCI_REPEATMASKER, M_SAMTOOLS_FAIDX, MICROBIAL_SCREENING:MS_BWA_ALN_SHORT, TC_SAMTOOLS_IDXSTATS, BEDTOOLS_SUBTRACT, MS_BWA_ALN_MEM_MERGE, BAM_PROCESSING:BP_ESTIMATE_READ_LEN_CUTOFF, M_BWA_ALN, ITERATIVE_ASSEMBLY:IA_MAPPING_ITERATIVE_ASSEMBLER, REPEAT_CPG_IDENTIFICATION:RCI_CREATE_REPEATS_BED, FASTQ_PROCESSING:FP_ADAPTCLEAN, COMPETITIVE_MAPPING:CM_SAMTOOLS_INDEX_TARGET, MICROBIAL_SCREENING:MS_BWA_ALN_MEM_MERGE, ANGSD_HAPLOTOPLINK, VARIANT_CALLING_BCFTOOLS:VCB_BCFTOOLS_RM_INDELS, BP_SAMTOOLS_VIEW_SUBSAMPLE, MS_SAMTOOLS_MERGE_SAMPLE, PBQC_MULTIQC_DEDUP_LIB, RBQC_AMBER, PRESEQ, PBQC_MULTIQC_RM_SHORT_READS_BAM, BP_SAMTOOLS_MERGE_SAMPLE, TC_BOWTIE2_BUILD
Aug-23 12:15:56.870 [main] DEBUG nextflow.Session - Igniting dataflow network (107)
Aug-23 12:15:56.880 [main] DEBUG nextflow.processor.TaskProcessor - Starting process > INPUT_CHECK:SAMPLESHEET_CHECK
Aug-23 12:15:56.881 [main] DEBUG nextflow.processor.TaskProcessor - Starting process > RAW_FASTQ_QC:RFQC_FASTQC
Aug-23 12:15:56.881 [main] DEBUG nextflow.processor.TaskProcessor - Starting process > RAW_FASTQ_QC:RFQC_MULTIQC
Aug-23 12:15:56.881 [main] DEBUG nextflow.processor.TaskProcessor - Starting process > FASTQ_PROCESSING:FP_FASTP
Aug-23 12:15:56.881 [main] DEBUG nextflow.processor.TaskProcessor - Starting process > PROCESSED_FASTQ_QC:PFQC_FASTQC
Aug-23 12:15:56.881 [main] DEBUG nextflow.processor.TaskProcessor - Starting process > PROCESSED_FASTQ_QC:PFQC_MULTIQC
Aug-23 12:15:56.881 [main] DEBUG nextflow.processor.TaskProcessor - Starting process > MAPPING:M_SAMTOOLS_FAIDX
Aug-23 12:15:56.881 [main] DEBUG nextflow.processor.TaskProcessor - Starting process > MAPPING:M_BWA_INDEX
Aug-23 12:15:56.882 [main] DEBUG nextflow.processor.TaskProcessor - Starting process > MAPPING:M_BWA_ALN
Aug-23 12:15:56.882 [main] DEBUG nextflow.processor.TaskProcessor - Starting process > MAPPING:M_RAW_BAM_INDEX
Aug-23 12:15:56.882 [main] DEBUG nextflow.processor.TaskProcessor - Starting process > RAW_BAM_QC:RBQC_SAMTOOLS_FLAGSTAT
Aug-23 12:15:56.882 [main] DEBUG nextflow.processor.TaskProcessor - Starting process > RAW_BAM_QC:RBQC_MULTIQC_BAM
Aug-23 12:15:56.882 [main] DEBUG nextflow.processor.TaskProcessor - Starting process > RAW_BAM_QC:RBQC_SAMTOOLS_VIEW_SUBSAMPLE
Aug-23 12:15:56.882 [main] DEBUG nextflow.processor.TaskProcessor - Starting process > RAW_BAM_QC:RBQC_CREATE_AMBER_SAMPLESHEET
Aug-23 12:15:56.882 [main] DEBUG nextflow.processor.TaskProcessor - Starting process > RAW_BAM_QC:RBQC_AMBER
Aug-23 12:15:56.882 [main] DEBUG nextflow.processor.TaskProcessor - Starting process > BAM_PROCESSING:BP_SAMTOOLS_MERGE_LIB
Aug-23 12:15:56.883 [main] DEBUG nextflow.processor.TaskProcessor - Starting process > BAM_PROCESSING:BP_SAMTOOLS_MERGE_LIB_INDEX
Aug-23 12:15:56.883 [main] DEBUG nextflow.processor.TaskProcessor - Starting process > BAM_PROCESSING:BP_SAMTOOLS_VIEW_MQ
Aug-23 12:15:56.883 [main] DEBUG nextflow.processor.TaskProcessor - Starting process > BAM_PROCESSING:BP_SAMTOOLS_VIEW_MQ_INDEX
Aug-23 12:15:56.883 [main] DEBUG nextflow.processor.TaskProcessor - Starting process > BAM_PROCESSING:BP_SAMTOOLS_VIEW_SUBSAMPLE
Aug-23 12:15:56.883 [main] DEBUG nextflow.processor.TaskProcessor - Starting process > BAM_PROCESSING:BP_CREATE_AMBER_SAMPLESHEET
Aug-23 12:15:56.883 [main] DEBUG nextflow.processor.TaskProcessor - Starting process > BAM_PROCESSING:BP_AMBER
Aug-23 12:15:56.883 [main] DEBUG nextflow.processor.TaskProcessor - Starting process > BAM_PROCESSING:BP_SAMREMOVEDUP_LIB
Aug-23 12:15:56.883 [main] DEBUG nextflow.processor.TaskProcessor - Starting process > BAM_PROCESSING:BP_SAMREMOVEDUP_LIB_INDEX
Aug-23 12:15:56.884 [main] DEBUG nextflow.processor.TaskProcessor - Starting process > BAM_PROCESSING:BP_MAPDAMAGE2
Aug-23 12:15:56.884 [main] DEBUG nextflow.processor.TaskProcessor - Starting process > BAM_PROCESSING:BP_SAMTOOLS_MERGE_SAMPLE
Aug-23 12:15:56.884 [main] DEBUG nextflow.processor.TaskProcessor - Starting process > BAM_PROCESSING:BP_SAMTOOLS_MERGE_SAMPLE_INDEX
Aug-23 12:15:56.884 [main] DEBUG nextflow.processor.TaskProcessor - Starting process > BAM_PROCESSING:BP_SAMREMOVEDUP_SAMPLE
Aug-23 12:15:56.884 [main] DEBUG nextflow.processor.TaskProcessor - Starting process > BAM_PROCESSING:BP_SAMREMOVEDUP_SAMPLE_INDEX
Aug-23 12:15:56.884 [main] DEBUG nextflow.processor.TaskProcessor - Starting process > BAM_PROCESSING:BP_CREATE_SEQUENCE_DICTIONARY
Aug-23 12:15:56.884 [main] DEBUG nextflow.processor.TaskProcessor - Starting process > BAM_PROCESSING:BP_GATK_INDEL_REALIGNER
Aug-23 12:15:56.884 [main] DEBUG nextflow.processor.TaskProcessor - Starting process > BAM_PROCESSING:BP_GATK_INDEL_REALIGNER_INDEX
Aug-23 12:15:56.885 [main] DEBUG nextflow.processor.TaskProcessor - Starting process > PROCESSED_BAM_QC:PBQC_FLAGSTAT_MERGED_BAM_LIB
Aug-23 12:15:56.885 [main] DEBUG nextflow.processor.TaskProcessor - Starting process > PROCESSED_BAM_QC:PBQC_MULTIQC_MERGED_BAM_LIB
Aug-23 12:15:56.885 [main] DEBUG nextflow.processor.TaskProcessor - Starting process > PROCESSED_BAM_QC:PBQC_FLAGSTAT_MQ_FILTERED_BAM
Aug-23 12:15:56.885 [main] DEBUG nextflow.processor.TaskProcessor - Starting process > PROCESSED_BAM_QC:PBQC_MULTIQC_MQ_FILTERED_BAM
Aug-23 12:15:56.885 [main] DEBUG nextflow.processor.TaskProcessor - Starting process > PROCESSED_BAM_QC:PBQC_FLAGSTAT_DEDUP_LIB
Aug-23 12:15:56.885 [main] DEBUG nextflow.processor.TaskProcessor - Starting process > PROCESSED_BAM_QC:PBQC_MULTIQC_DEDUP_LIB
Aug-23 12:15:56.886 [main] DEBUG nextflow.processor.TaskProcessor - Starting process > PROCESSED_BAM_QC:PBQC_FLAGSTAT_MERGED_BAM_SAMPLE
Aug-23 12:15:56.886 [main] DEBUG nextflow.processor.TaskProcessor - Starting process > PROCESSED_BAM_QC:PBQC_MULTIQC_MERGED_BAM_SAMPLE
Aug-23 12:15:56.886 [main] DEBUG nextflow.processor.TaskProcessor - Starting process > PROCESSED_BAM_QC:PBQC_FLAGSTAT_DEDUP_SAMPLE
Aug-23 12:15:56.886 [main] DEBUG nextflow.processor.TaskProcessor - Starting process > PROCESSED_BAM_QC:PBQC_MULTIQC_DEDUP_SAMPLE
Aug-23 12:15:56.886 [main] DEBUG nextflow.processor.TaskProcessor - Starting process > PROCESSED_BAM_QC:PBQC_SAMTOOLS_DEPTH_MEAN
Aug-23 12:15:56.887 [main] DEBUG nextflow.processor.TaskProcessor - Starting process > MAPPING_METRICS:MM_MAPPING_METRICS_LIB
Aug-23 12:15:56.887 [main] DEBUG nextflow.processor.TaskProcessor - Starting process > MAPPING_METRICS:MM_SORT_METRICS_LIB
Aug-23 12:15:56.887 [main] DEBUG nextflow.processor.TaskProcessor - Starting process > MAPPING_METRICS:MM_MAPPING_METRICS_SAMPLE
Aug-23 12:15:56.887 [main] DEBUG nextflow.processor.TaskProcessor - Starting process > MAPPING_METRICS:MM_SORT_METRICS_SAMPLE
Aug-23 12:15:56.887 [main] DEBUG nextflow.processor.TaskProcessor - Starting process > MICROBIAL_SCREENING:SAMTOOLS_UNMAPPED_READS
Aug-23 12:15:56.887 [main] DEBUG nextflow.processor.TaskProcessor - Starting process > MICROBIAL_SCREENING:MS_BWA_INDEX
Aug-23 12:15:56.888 [main] DEBUG nextflow.processor.TaskProcessor - Starting process > MICROBIAL_SCREENING:MS_BWA_ALN
Aug-23 12:15:56.888 [main] DEBUG nextflow.processor.TaskProcessor - Starting process > MICROBIAL_SCREENING:MS_RAW_BAM_INDEX
Aug-23 12:15:56.888 [main] DEBUG nextflow.processor.TaskProcessor - Starting process > MICROBIAL_SCREENING:MS_SAMTOOLS_VIEW_MQ
Aug-23 12:15:56.888 [main] DEBUG nextflow.processor.TaskProcessor - Starting process > MICROBIAL_SCREENING:MS_SAMTOOLS_MERGE_SAMPLE
Aug-23 12:15:56.888 [main] DEBUG nextflow.processor.TaskProcessor - Starting process > MICROBIAL_SCREENING:MS_SAMREMOVEDUP_SAMPLE
Aug-23 12:15:56.888 [main] DEBUG nextflow.processor.TaskProcessor - Starting process > MICROBIAL_SCREENING:MS_SAMREMOVEDUP_SAMPLE_INDEX
Aug-23 12:15:56.888 [main] DEBUG nextflow.processor.TaskProcessor - Starting process > MICROBIAL_SCREENING:MS_FILTERBAM
Aug-23 12:15:56.888 [main] DEBUG nextflow.processor.TaskProcessor - Starting process > MICROBIAL_SCREENING:MS_FILTERBAM_PLOT
Aug-23 12:15:56.892 [main] DEBUG nextflow.script.ScriptRunner - Parsed script files:
  _nf_script_8e0483fb0d76459e: /cfs/klemming/projects/supr/museomics_store_2025/bees/virginia/DNAharvester/modules/local/awk/split_fastq.nf
  _nf_script_92ee22f14d4b3a35: /cfs/klemming/projects/supr/museomics_store_2025/bees/virginia/DNAharvester/modules/local/repeat_cpg_identification/create_repma_cpg_bed.nf
  _nf_script_13b3a65144f19398: /cfs/klemming/projects/supr/museomics_store_2025/bees/virginia/DNAharvester/modules/local/sexing/y_chr_sexing.nf
  _nf_script_eaef9fbc3baf4944: /cfs/klemming/projects/supr/museomics_store_2025/bees/virginia/DNAharvester/modules/local/fastp/main.nf
  _nf_script_c46988cd6ff724a5: /cfs/klemming/projects/supr/museomics_store_2025/bees/virginia/DNAharvester/modules/local/repeat_cpg_identification/repeatmasker.nf
  _nf_script_dd624267fca4a6b8: /cfs/klemming/projects/supr/museomics_store_2025/bees/virginia/DNAharvester/modules/local/amber/amber.nf
  _nf_script_f1af284eb69637da: /cfs/klemming/projects/supr/museomics_store_2025/bees/virginia/DNAharvester/modules/local/samtools/samtools_view_regions.nf
  _nf_script_db48bc6dac8ad60c: /cfs/klemming/projects/supr/museomics_store_2025/bees/virginia/DNAharvester/subworkflows/local/random_sampling_bam/main.nf
  _nf_script_7834b4ec49d25666: /cfs/klemming/projects/supr/museomics_store_2025/bees/virginia/DNAharvester/modules/local/bowtie2/bowtie2_build.nf
  _nf_script_0e9ace3dd13b441e: /cfs/klemming/projects/supr/museomics_store_2025/bees/virginia/DNAharvester/modules/local/angsd/variant_calling/main.nf
  _nf_script_eacd5ab4a17fcaff: /cfs/klemming/projects/supr/museomics_store_2025/bees/virginia/DNAharvester/modules/local/amber/create_amber_samplesheet.nf
  _nf_script_b2ea7fb45f1113ce: /cfs/klemming/projects/supr/museomics_store_2025/bees/virginia/DNAharvester/modules/local/samtools/samtools_view_mq.nf
  _nf_script_84452a419f650cac: /cfs/klemming/projects/supr/museomics_store_2025/bees/virginia/DNAharvester/subworkflows/local/mapping/main.nf
  _nf_script_740bf52eef790b92: /cfs/klemming/projects/supr/museomics_store_2025/bees/virginia/DNAharvester/modules/local/repeat_cpg_identification/create_repeats_bed.nf
  _nf_script_a567e5ee6ddec813: /cfs/klemming/projects/supr/museomics_store_2025/bees/virginia/DNAharvester/modules/local/mapdamage2/main.nf
  _nf_script_1600052a5af9ab84: /cfs/klemming/projects/supr/museomics_store_2025/bees/virginia/DNAharvester/modules/local/sexing/x_chr_sexing.nf
  _nf_script_3b1b012ee6c2814b: /cfs/klemming/projects/supr/museomics_store_2025/bees/virginia/DNAharvester/modules/local/samremovedup/main.nf
  _nf_script_c64e6f6dbf5e01be: /cfs/klemming/projects/supr/museomics_store_2025/bees/virginia/DNAharvester/modules/local/bcftools/bcftools_call.nf
  _nf_script_c087c08b661b07d4: /cfs/klemming/projects/supr/museomics_store_2025/bees/virginia/DNAharvester/subworkflows/local/taxonomic_classification/main.nf
  _nf_script_83eb2d0d20d299ba: /cfs/klemming/projects/supr/museomics_store_2025/bees/virginia/DNAharvester/modules/local/haplotofasta/main.nf
  _nf_script_f10902c39ce7e5a6: /cfs/klemming/projects/supr/museomics_store_2025/bees/virginia/DNAharvester/subworkflows/local/variant_calling/variant_calling_bcftools.nf
  _nf_script_661b1e5e4815a314: /cfs/klemming/projects/supr/museomics_store_2025/bees/virginia/DNAharvester/modules/local/bcftools/bcftools_filter.nf
  _nf_script_50338c1042971e60: /cfs/klemming/projects/supr/museomics_store_2025/bees/virginia/DNAharvester/modules/local/samtools/samtools_flagstat.nf
  _nf_script_9124d0c174321b56: /cfs/klemming/projects/supr/museomics_store_2025/bees/virginia/DNAharvester/modules/local/angsd/haplotoplink/main.nf
  _nf_script_5642cca7f92028d8: /cfs/klemming/projects/supr/museomics_store_2025/bees/virginia/DNAharvester/subworkflows/local/mapping_metrics/main.nf
  _nf_script_9cc6f1830f961a8a: /cfs/klemming/projects/supr/museomics_store_2025/bees/virginia/DNAharvester/subworkflows/local/fastq_processing/main.nf
  _nf_script_12216d5e6da8c9e2: /cfs/klemming/projects/supr/museomics_store_2025/bees/virginia/DNAharvester/modules/local/bwa/bwa_mem.nf
  _nf_script_4d3302a58979962a: /cfs/klemming/projects/supr/museomics_store_2025/bees/virginia/DNAharvester/modules/nf-core/samtools/index/main.nf
  _nf_script_c52e9a85bd031a3b: /cfs/klemming/projects/supr/museomics_store_2025/bees/virginia/DNAharvester/modules/local/repeat_cpg_identification/repeatmodeler.nf
  _nf_script_826c3c10f78ba77c: /cfs/klemming/projects/supr/museomics_store_2025/bees/virginia/DNAharvester/modules/local/samtools/samtools_merge.nf
  _nf_script_bbb2ec5d768b6cc1: /cfs/klemming/projects/supr/museomics_store_2025/bees/virginia/DNAharvester/modules/local/rm_transitions/rm_transitions.nf
  _nf_script_5119e23ce97c1574: /cfs/klemming/projects/supr/museomics_store_2025/bees/virginia/DNAharvester/modules/local/samtools/sort_idxstats.nf
  _nf_script_82cccedb795c9832: /cfs/klemming/projects/supr/museomics_store_2025/bees/virginia/DNAharvester/modules/local/bwa/bwa_aln.nf
  _nf_script_6ae421f1cceb7be6: /cfs/klemming/projects/supr/museomics_store_2025/bees/virginia/DNAharvester/modules/local/amber/estimate_read_len_cutoff.nf
  _nf_script_ac5cb7e7fd11b1ee: /cfs/klemming/projects/supr/museomics_store_2025/bees/virginia/DNAharvester/modules/local/mapping_metrics/sort_metrics.nf
  _nf_script_8046d51c2c045d61: /cfs/klemming/projects/supr/museomics_store_2025/bees/virginia/DNAharvester/modules/local/adaptclean/adaptclean.nf
  _nf_script_730119a4f4c01e0f: /cfs/klemming/projects/supr/museomics_store_2025/bees/virginia/DNAharvester/modules/local/preseq/preseq.nf
  _nf_script_2432eec5b000e6c9: /cfs/klemming/projects/supr/museomics_store_2025/bees/virginia/DNAharvester/subworkflows/local/processed_bam_qc/main.nf
  _nf_script_0356f6c00b420c55: /cfs/klemming/projects/supr/museomics_store_2025/bees/virginia/DNAharvester/modules/local/gunzip/main.nf
  _nf_script_9b69b63bd0c35965: /cfs/klemming/projects/supr/museomics_store_2025/bees/virginia/DNAharvester/modules/local/bowtie2/bowtie2.nf
  _nf_script_a50248d28326c311: /cfs/klemming/projects/supr/museomics_store_2025/bees/virginia/DNAharvester/modules/local/repeat_cpg_identification/create_cpg_bed.nf
  _nf_script_0653ec1588600cd0: /cfs/klemming/projects/supr/museomics_store_2025/bees/virginia/DNAharvester/modules/local/repeat_cpg_identification/create_repma_bed.nf
  _nf_script_ba4be7ec017f60fd: /cfs/klemming/projects/supr/museomics_store_2025/bees/virginia/DNAharvester/subworkflows/local/iterative_assembly/main.nf
  _nf_script_ef2bfdeaa46af6c3: /cfs/klemming/projects/supr/museomics_store_2025/bees/virginia/DNAharvester/modules/local/gatk/indel_realigner.nf
  _nf_script_8584af10145e2aca: /cfs/klemming/projects/supr/museomics_store_2025/bees/virginia/DNAharvester/modules/local/angsd/dohaplocall/main.nf
  _nf_script_544286b660eed7b5: /cfs/klemming/projects/supr/museomics_store_2025/bees/virginia/DNAharvester/modules/local/bedtools/subtract/main.nf
  _nf_script_784f431f3c14c8b3: /cfs/klemming/projects/supr/museomics_store_2025/bees/virginia/DNAharvester/modules/nf-core/multiqc/main.nf
  _nf_script_2248734a15efdb13: /cfs/klemming/projects/supr/museomics_store_2025/bees/virginia/DNAharvester/modules/local/bcftools/bcftools_rm_allelic_imbalance.nf
  _nf_script_012c1b3f02b0ca2f: /cfs/klemming/projects/supr/museomics_store_2025/bees/virginia/DNAharvester/subworkflows/local/repeat_cpg_identification/main.nf
  _nf_script_45bf212999896999: /cfs/klemming/projects/supr/museomics_store_2025/bees/virginia/DNAharvester/modules/local/filterbam/filterbam.nf
  _nf_script_22184987ca04bfcc: /cfs/klemming/projects/supr/museomics_store_2025/bees/virginia/DNAharvester/modules/local/samtools/samtools_idxstats.nf
  _nf_script_0f8bb973ae560944: /cfs/klemming/projects/supr/museomics_store_2025/bees/virginia/DNAharvester/modules/nf-core/fastqc/main.nf
  _nf_script_7d379cf56fab0cc5: /cfs/klemming/projects/supr/museomics_store_2025/bees/virginia/DNAharvester/modules/local/samplesheet_check/main.nf
  _nf_script_d37dddb09bb19ef2: /cfs/klemming/projects/supr/museomics_store_2025/bees/virginia/DNAharvester/modules/local/mapping_metrics/mapping_metrics_sample.nf
  _nf_script_58cb5415b829c1f7: /cfs/klemming/projects/supr/museomics_store_2025/bees/virginia/DNAharvester/modules/local/bwa/bwa_index.nf
  _nf_script_3e2ec03bbdb0f7c6: /cfs/klemming/projects/supr/museomics_store_2025/bees/virginia/DNAharvester/modules/local/samtools/samtools_rm_short_reads.nf
  _nf_script_127a950c078be17a: /cfs/klemming/projects/supr/museomics_store_2025/bees/virginia/DNAharvester/modules/local/bcftools/bcftools_rm_indels.nf
  _nf_script_a11ae751e7a40f41: /cfs/klemming/projects/supr/museomics_store_2025/bees/virginia/DNAharvester/modules/local/filterbam/filterbam_plot.nf
  _nf_script_1bfa79b5ee17789d: /cfs/klemming/projects/supr/museomics_store_2025/bees/virginia/DNAharvester/subworkflows/local/bam_processing/main.nf
  _nf_script_449d366ec0e9c232: /cfs/klemming/projects/supr/museomics_store_2025/bees/virginia/DNAharvester/subworkflows/local/competitive_mapping/main.nf
  _nf_script_4f74e64c2ed4adfe: /cfs/klemming/projects/supr/museomics_store_2025/bees/virginia/DNAharvester/subworkflows/local/raw_fastq_qc/main.nf
  _nf_script_878cc6e827889035: /cfs/klemming/projects/supr/museomics_store_2025/bees/virginia/DNAharvester/modules/local/picard/create_sequence_dictionary.nf
  _nf_script_a39f2f9d875a2ef7: /cfs/klemming/projects/supr/museomics_store_2025/bees/virginia/DNAharvester/modules/local/mapping_metrics/mapping_metrics_lib.nf
  _nf_script_be1ccb57a891568f: /cfs/klemming/projects/supr/museomics_store_2025/bees/virginia/DNAharvester/modules/local/mapping_iterative_assembler/consensus_call_mia.nf
  _nf_script_bb963b3c67b7d64a: /cfs/klemming/projects/supr/museomics_store_2025/bees/virginia/DNAharvester/modules/local/sexing/xy_ratio_sexing.nf
  _nf_script_e43d4d6f53f85623: /cfs/klemming/projects/supr/museomics_store_2025/bees/virginia/DNAharvester/modules/local/bcftools/bcftools_stats.nf
  _nf_script_ec11828712fa92a2: /cfs/klemming/projects/supr/museomics_store_2025/bees/virginia/DNAharvester/subworkflows/local/variant_calling/variant_calling_angsd.nf
  _nf_script_95286e210ff7a526: /cfs/klemming/projects/supr/museomics_store_2025/bees/virginia/DNAharvester/modules/local/samtools/samtools_view_subsample.nf
  _nf_script_8e2b5f7a7b32f070: /cfs/klemming/projects/supr/museomics_store_2025/bees/virginia/DNAharvester/modules/local/kraken2/kraken2.nf
  _nf_script_74363c4eb492f911: /cfs/klemming/projects/supr/museomics_store_2025/bees/virginia/DNAharvester/subworkflows/local/sexing/main.nf
  _nf_script_6c934013dec70d28: /cfs/klemming/projects/supr/museomics_store_2025/bees/virginia/DNAharvester/subworkflows/local/processed_fastq_qc/main.nf
  _nf_script_68e0f2a68b4fa1b4: /cfs/klemming/projects/supr/museomics_store_2025/bees/virginia/DNAharvester/modules/local/samtools/samtools_faidx.nf
  _nf_script_e377081f3a94a5f2: /cfs/klemming/projects/supr/museomics_store_2025/bees/virginia/DNAharvester/modules/local/samtools/samtools_depth_mean.nf
  _nf_script_44aa85dfc7898eed: /cfs/klemming/projects/supr/museomics_store_2025/bees/virginia/DNAharvester/subworkflows/local/microbial_screening/main.nf
  _nf_script_1782bab7813c6efe: /cfs/klemming/projects/supr/museomics_store_2025/bees/virginia/DNAharvester/subworkflows/local/input_check/main.nf
  _nf_script_a1e0bfcc87005d05: /cfs/klemming/projects/supr/museomics_store_2025/bees/virginia/DNAharvester/modules/local/samtools/samtools_unmapped_reads.nf
  _nf_script_7dd6f7f1c8b1f3b5: /cfs/klemming/projects/supr/museomics_store_2025/bees/virginia/DNAharvester/modules/local/mapping_iterative_assembler/mapping_iterative_assembler.nf
  _nf_script_5a61048d8442357c: /cfs/klemming/projects/supr/museomics_store_2025/bees/virginia/DNAharvester/modules/local/plink/recode/main.nf
  _nf_script_ed55edddc0dcb5fb: /cfs/klemming/projects/supr/museomics_store_2025/bees/virginia/DNAharvester/modules/local/fai2bed/main.nf
  Main: /cfs/klemming/projects/supr/museomics_store_2025/bees/virginia/DNAharvester/main.nf
  _nf_script_e645812f856674aa: /cfs/klemming/projects/supr/museomics_store_2025/bees/virginia/DNAharvester/subworkflows/local/raw_bam_qc/main.nf
  _nf_script_4189e1b46fec15bc: /cfs/klemming/projects/supr/museomics_store_2025/bees/virginia/DNAharvester/modules/local/preseq/plot_preseq.nf
Aug-23 12:15:56.892 [main] DEBUG nextflow.script.ScriptRunner - > Awaiting termination 
Aug-23 12:15:56.892 [main] DEBUG nextflow.Session - Session await
Aug-23 12:15:57.014 [Actor Thread 255] DEBUG nextflow.container.SingularityCache - Apptainer found local store for image=oras://community.wave.seqera.io/library/python:3.13.0--a8086dc1de1c4e39; path=/cfs/klemming/projects/supr/museomics_store_2025/bees/virginia/DNAharvester/work/singularity/community.wave.seqera.io-library-python-3.13.0--a8086dc1de1c4e39.img
Aug-23 12:15:57.014 [Actor Thread 227] DEBUG nextflow.container.SingularityCache - Apptainer found local store for image=docker://broadinstitute/picard:3.4.0; path=/cfs/klemming/projects/supr/museomics_store_2025/bees/virginia/DNAharvester/work/singularity/broadinstitute-picard-3.4.0.img
Aug-23 12:15:57.014 [Actor Thread 247] DEBUG nextflow.container.SingularityCache - Apptainer found local store for image=https://community-cr-prod.seqera.io/docker/registry/v2/blobs/sha256/9e/9edc2564215d5cd137a8b25ca8a311600987186d406b092022444adf3c4447f7/data; path=/cfs/klemming/projects/supr/museomics_store_2025/bees/virginia/DNAharvester/work/singularity/community-cr-prod.seqera.io-docker-registry-v2-blobs-sha256-9e-9edc2564215d5cd137a8b25ca8a311600987186d406b092022444adf3c4447f7-data.img
Aug-23 12:15:57.085 [Actor Thread 250] INFO  nextflow.processor.TaskProcessor - [skipping] Stored process > MICROBIAL_SCREENING:MS_BWA_INDEX
Aug-23 12:15:57.145 [Actor Thread 226] DEBUG n.processor.TaskFileCollector - Process `MAPPING:M_BWA_INDEX` is unable to find [UnixPath]: `/cfs/klemming/projects/supr/museomics_store_2025/bees/references/versions.yml` (pattern: `versions.yml`)
Aug-23 12:15:57.146 [Actor Thread 226] INFO  nextflow.processor.TaskProcessor - [skipping] Stored process > MAPPING:M_BWA_INDEX
Aug-23 12:15:57.170 [Actor Thread 236] INFO  nextflow.processor.TaskProcessor - [ec/9acd16] Cached process > BAM_PROCESSING:BP_CREATE_SEQUENCE_DICTIONARY (Bombus_pascuorum_ND_pepper.fasta)
Aug-23 12:15:57.170 [Actor Thread 240] INFO  nextflow.processor.TaskProcessor - [5f/e74411] Cached process > INPUT_CHECK:SAMPLESHEET_CHECK (vir_leg_abdomen_info_paths.csv)
Aug-23 12:15:57.170 [Actor Thread 253] INFO  nextflow.processor.TaskProcessor - [9f/ef784d] Cached process > MAPPING:M_SAMTOOLS_FAIDX (Bombus_pascuorum_ND_pepper.fasta)
Aug-23 12:15:57.231 [Actor Thread 257] DEBUG nextflow.container.SingularityCache - Apptainer found local store for image=oras://community.wave.seqera.io/library/fastp:0.24.0--0397de619771c7ae; path=/cfs/klemming/projects/supr/museomics_store_2025/bees/virginia/DNAharvester/work/singularity/community.wave.seqera.io-library-fastp-0.24.0--0397de619771c7ae.img
Aug-23 12:15:57.232 [Actor Thread 246] DEBUG nextflow.container.SingularityCache - Apptainer found local store for image=https://depot.galaxyproject.org/singularity/fastqc:0.11.9--0; path=/cfs/klemming/projects/supr/museomics_store_2025/bees/virginia/DNAharvester/work/singularity/depot.galaxyproject.org-singularity-fastqc-0.11.9--0.img
Aug-23 12:15:57.273 [Actor Thread 252] INFO  nextflow.processor.TaskProcessor - [17/bf6820] Cached process > RAW_FASTQ_QC:RFQC_FASTQC (AF048_library-1_L005)
Aug-23 12:15:57.275 [Actor Thread 242] INFO  nextflow.processor.TaskProcessor - [6a/a7dfe2] Cached process > RAW_FASTQ_QC:RFQC_FASTQC (AF042D_library-1_L002)
Aug-23 12:15:57.277 [Actor Thread 240] INFO  nextflow.processor.TaskProcessor - [f6/588445] Cached process > RAW_FASTQ_QC:RFQC_FASTQC (AF047D_library-1_L002)
Aug-23 12:15:57.277 [Actor Thread 244] INFO  nextflow.processor.TaskProcessor - [92/d72fe8] Cached process > RAW_FASTQ_QC:RFQC_FASTQC (AF047_library-1_L005)
Aug-23 12:15:57.279 [Actor Thread 232] INFO  nextflow.processor.TaskProcessor - [9b/019f49] Cached process > RAW_FASTQ_QC:RFQC_FASTQC (EX1_library-1_L002)
Aug-23 12:15:57.280 [Actor Thread 243] INFO  nextflow.processor.TaskProcessor - [06/5e145d] Cached process > RAW_FASTQ_QC:RFQC_FASTQC (AF049D_library-1_L002)
Aug-23 12:15:57.282 [Actor Thread 255] INFO  nextflow.processor.TaskProcessor - [96/93df79] Cached process > RAW_FASTQ_QC:RFQC_FASTQC (AF014D_library-1_L002)
Aug-23 12:15:57.282 [Actor Thread 234] INFO  nextflow.processor.TaskProcessor - [c7/4ae809] Cached process > RAW_FASTQ_QC:RFQC_FASTQC (AF042_library-1_L005)
Aug-23 12:15:57.286 [Actor Thread 256] INFO  nextflow.processor.TaskProcessor - [d3/e7c4eb] Cached process > RAW_FASTQ_QC:RFQC_FASTQC (AF014_library-1_L005)
Aug-23 12:15:57.286 [Actor Thread 254] INFO  nextflow.processor.TaskProcessor - [e8/d92333] Cached process > RAW_FASTQ_QC:RFQC_FASTQC (AF048D_library-1_L002)
Aug-23 12:15:57.288 [Actor Thread 245] INFO  nextflow.processor.TaskProcessor - [77/c92802] Cached process > RAW_FASTQ_QC:RFQC_FASTQC (AF049_library-1_L005)
Aug-23 12:15:57.318 [Actor Thread 242] DEBUG nextflow.util.ThreadPoolBuilder - Creating thread pool 'PublishDir' minSize=10; maxSize=768; workQueue=LinkedBlockingQueue[-1]; allowCoreThreadTimeout=false
Aug-23 12:15:57.343 [Actor Thread 254] DEBUG nextflow.container.SingularityCache - Apptainer found local store for image=oras://community.wave.seqera.io/library/multiqc_python:ab3ea06ab1e1c8ce; path=/cfs/klemming/projects/supr/museomics_store_2025/bees/virginia/DNAharvester/work/singularity/community.wave.seqera.io-library-multiqc_python-ab3ea06ab1e1c8ce.img
Aug-23 12:15:57.386 [Actor Thread 246] INFO  nextflow.processor.TaskProcessor - [d3/b21ce6] Cached process > RAW_FASTQ_QC:RFQC_MULTIQC
Aug-23 12:15:57.516 [Actor Thread 237] INFO  nextflow.processor.TaskProcessor - [93/d16eca] Cached process > FASTQ_PROCESSING:FP_FASTP (AF049D_library-1_L002)
Aug-23 12:15:57.516 [Actor Thread 253] INFO  nextflow.processor.TaskProcessor - [cb/86ac12] Cached process > FASTQ_PROCESSING:FP_FASTP (AF047D_library-1_L002)
Aug-23 12:15:57.516 [Actor Thread 249] INFO  nextflow.processor.TaskProcessor - [c0/64aa60] Cached process > FASTQ_PROCESSING:FP_FASTP (EX1_library-1_L002)
Aug-23 12:15:57.518 [Actor Thread 227] INFO  nextflow.processor.TaskProcessor - [ca/4066b1] Cached process > FASTQ_PROCESSING:FP_FASTP (AF048_library-1_L005)
Aug-23 12:15:57.518 [Actor Thread 247] INFO  nextflow.processor.TaskProcessor - [04/ee74e2] Cached process > FASTQ_PROCESSING:FP_FASTP (AF014D_library-1_L002)
Aug-23 12:15:57.518 [Actor Thread 230] INFO  nextflow.processor.TaskProcessor - [da/b77656] Cached process > FASTQ_PROCESSING:FP_FASTP (AF047_library-1_L005)
Aug-23 12:15:57.521 [Actor Thread 233] INFO  nextflow.processor.TaskProcessor - [3b/bde39a] Cached process > FASTQ_PROCESSING:FP_FASTP (AF014_library-1_L005)
Aug-23 12:15:57.523 [Actor Thread 236] INFO  nextflow.processor.TaskProcessor - [93/22addf] Cached process > FASTQ_PROCESSING:FP_FASTP (AF042D_library-1_L002)
Aug-23 12:15:57.527 [Actor Thread 224] INFO  nextflow.processor.TaskProcessor - [ac/c4756a] Cached process > FASTQ_PROCESSING:FP_FASTP (AF049_library-1_L005)
Aug-23 12:15:57.528 [Actor Thread 248] INFO  nextflow.processor.TaskProcessor - [2b/a3f55e] Cached process > FASTQ_PROCESSING:FP_FASTP (AF048D_library-1_L002)
Aug-23 12:15:57.533 [Actor Thread 229] INFO  nextflow.processor.TaskProcessor - [69/1f37e6] Cached process > FASTQ_PROCESSING:FP_FASTP (AF042_library-1_L005)
Aug-23 12:15:57.557 [Actor Thread 246] DEBUG nextflow.processor.TaskProcessor - Process RAW_FASTQ_QC:RFQC_MULTIQC > Skipping output binding because one or more optional files are missing: fileoutparam<2>
Aug-23 12:15:57.557 [Actor Thread 226] DEBUG nextflow.processor.TaskProcessor - Process MAPPING:M_BWA_INDEX > Skipping output binding because one or more optional files are missing: fileoutparam<2>
Aug-23 12:15:57.557 [Actor Thread 237] DEBUG nextflow.processor.TaskProcessor - Process FASTQ_PROCESSING:FP_FASTP > Skipping output binding because one or more optional files are missing: fileoutparam<0:1>
Aug-23 12:15:57.558 [Actor Thread 237] DEBUG nextflow.processor.TaskProcessor - Process FASTQ_PROCESSING:FP_FASTP > Skipping output binding because one or more optional files are missing: fileoutparam<2:1>
Aug-23 12:15:57.560 [Actor Thread 229] DEBUG nextflow.processor.TaskProcessor - Process FASTQ_PROCESSING:FP_FASTP > Skipping output binding because one or more optional files are missing: fileoutparam<0:1>
Aug-23 12:15:57.561 [Actor Thread 229] DEBUG nextflow.processor.TaskProcessor - Process FASTQ_PROCESSING:FP_FASTP > Skipping output binding because one or more optional files are missing: fileoutparam<2:1>
Aug-23 12:15:57.564 [Actor Thread 248] DEBUG nextflow.processor.TaskProcessor - Process FASTQ_PROCESSING:FP_FASTP > Skipping output binding because one or more optional files are missing: fileoutparam<0:1>
Aug-23 12:15:57.564 [Actor Thread 248] DEBUG nextflow.processor.TaskProcessor - Process FASTQ_PROCESSING:FP_FASTP > Skipping output binding because one or more optional files are missing: fileoutparam<2:1>
Aug-23 12:15:57.567 [Actor Thread 224] DEBUG nextflow.processor.TaskProcessor - Process FASTQ_PROCESSING:FP_FASTP > Skipping output binding because one or more optional files are missing: fileoutparam<0:1>
Aug-23 12:15:57.567 [Actor Thread 224] DEBUG nextflow.processor.TaskProcessor - Process FASTQ_PROCESSING:FP_FASTP > Skipping output binding because one or more optional files are missing: fileoutparam<2:1>
Aug-23 12:15:57.571 [Actor Thread 236] DEBUG nextflow.processor.TaskProcessor - Process FASTQ_PROCESSING:FP_FASTP > Skipping output binding because one or more optional files are missing: fileoutparam<0:1>
Aug-23 12:15:57.571 [Actor Thread 236] DEBUG nextflow.processor.TaskProcessor - Process FASTQ_PROCESSING:FP_FASTP > Skipping output binding because one or more optional files are missing: fileoutparam<2:1>
Aug-23 12:15:57.574 [Actor Thread 233] DEBUG nextflow.processor.TaskProcessor - Process FASTQ_PROCESSING:FP_FASTP > Skipping output binding because one or more optional files are missing: fileoutparam<0:1>
Aug-23 12:15:57.575 [Actor Thread 233] DEBUG nextflow.processor.TaskProcessor - Process FASTQ_PROCESSING:FP_FASTP > Skipping output binding because one or more optional files are missing: fileoutparam<2:1>
Aug-23 12:15:57.578 [Actor Thread 230] DEBUG nextflow.processor.TaskProcessor - Process FASTQ_PROCESSING:FP_FASTP > Skipping output binding because one or more optional files are missing: fileoutparam<0:1>
Aug-23 12:15:57.578 [Actor Thread 230] DEBUG nextflow.processor.TaskProcessor - Process FASTQ_PROCESSING:FP_FASTP > Skipping output binding because one or more optional files are missing: fileoutparam<2:1>
Aug-23 12:15:57.581 [Actor Thread 227] DEBUG nextflow.processor.TaskProcessor - Process FASTQ_PROCESSING:FP_FASTP > Skipping output binding because one or more optional files are missing: fileoutparam<0:1>
Aug-23 12:15:57.581 [Actor Thread 227] DEBUG nextflow.processor.TaskProcessor - Process FASTQ_PROCESSING:FP_FASTP > Skipping output binding because one or more optional files are missing: fileoutparam<2:1>
Aug-23 12:15:57.582 [Actor Thread 234] DEBUG nextflow.container.SingularityCache - Apptainer found local store for image=oras://community.wave.seqera.io/library/bwa_samtools:813d9b5fea3890ec; path=/cfs/klemming/projects/supr/museomics_store_2025/bees/virginia/DNAharvester/work/singularity/community.wave.seqera.io-library-bwa_samtools-813d9b5fea3890ec.img
Aug-23 12:15:57.584 [Actor Thread 247] DEBUG nextflow.processor.TaskProcessor - Process FASTQ_PROCESSING:FP_FASTP > Skipping output binding because one or more optional files are missing: fileoutparam<0:1>
Aug-23 12:15:57.585 [Actor Thread 247] DEBUG nextflow.processor.TaskProcessor - Process FASTQ_PROCESSING:FP_FASTP > Skipping output binding because one or more optional files are missing: fileoutparam<2:1>
Aug-23 12:15:57.587 [Actor Thread 249] DEBUG nextflow.processor.TaskProcessor - Process FASTQ_PROCESSING:FP_FASTP > Skipping output binding because one or more optional files are missing: fileoutparam<0:1>
Aug-23 12:15:57.588 [Actor Thread 249] DEBUG nextflow.processor.TaskProcessor - Process FASTQ_PROCESSING:FP_FASTP > Skipping output binding because one or more optional files are missing: fileoutparam<2:1>
Aug-23 12:15:57.591 [Actor Thread 254] INFO  nextflow.processor.TaskProcessor - [eb/80c1c7] Cached process > PROCESSED_FASTQ_QC:PFQC_FASTQC (AF049D_library-1_L002)
Aug-23 12:15:57.591 [Actor Thread 253] DEBUG nextflow.processor.TaskProcessor - Process FASTQ_PROCESSING:FP_FASTP > Skipping output binding because one or more optional files are missing: fileoutparam<0:1>
Aug-23 12:15:57.591 [Actor Thread 253] DEBUG nextflow.processor.TaskProcessor - Process FASTQ_PROCESSING:FP_FASTP > Skipping output binding because one or more optional files are missing: fileoutparam<2:1>
Aug-23 12:15:57.604 [Actor Thread 245] INFO  nextflow.processor.TaskProcessor - [b0/c6e53c] Cached process > PROCESSED_FASTQ_QC:PFQC_FASTQC (AF048D_library-1_L002)
Aug-23 12:15:57.608 [Actor Thread 240] INFO  nextflow.processor.TaskProcessor - [eb/3069ab] Cached process > PROCESSED_FASTQ_QC:PFQC_FASTQC (AF049_library-1_L005)
Aug-23 12:15:57.608 [Actor Thread 244] INFO  nextflow.processor.TaskProcessor - [a5/3ebee4] Cached process > PROCESSED_FASTQ_QC:PFQC_FASTQC (AF042_library-1_L005)
Aug-23 12:15:57.618 [Actor Thread 228] INFO  nextflow.processor.TaskProcessor - [65/915151] Cached process > PROCESSED_FASTQ_QC:PFQC_FASTQC (AF042D_library-1_L002)
Aug-23 12:15:57.619 [Actor Thread 248] INFO  nextflow.processor.TaskProcessor - [f3/793675] Cached process > PROCESSED_FASTQ_QC:PFQC_FASTQC (AF014_library-1_L005)
Aug-23 12:15:57.621 [Actor Thread 246] INFO  nextflow.processor.TaskProcessor - [42/4a3888] Cached process > PROCESSED_FASTQ_QC:PFQC_FASTQC (AF047_library-1_L005)
Aug-23 12:15:57.625 [Actor Thread 241] INFO  nextflow.processor.TaskProcessor - [60/5e4d09] Cached process > PROCESSED_FASTQ_QC:PFQC_FASTQC (EX1_library-1_L002)
Aug-23 12:15:57.626 [Actor Thread 234] INFO  nextflow.processor.TaskProcessor - [ac/77f80a] Cached process > PROCESSED_FASTQ_QC:PFQC_FASTQC (AF014D_library-1_L002)
Aug-23 12:15:57.632 [Actor Thread 251] INFO  nextflow.processor.TaskProcessor - [4d/fe1c35] Cached process > PROCESSED_FASTQ_QC:PFQC_FASTQC (AF048_library-1_L005)
Aug-23 12:15:57.638 [Actor Thread 252] INFO  nextflow.processor.TaskProcessor - [86/4190d0] Cached process > MAPPING:M_BWA_ALN (AF014_library-1_L005)
Aug-23 12:15:57.638 [Actor Thread 227] INFO  nextflow.processor.TaskProcessor - [b1/8aa2d5] Cached process > MAPPING:M_BWA_ALN (AF047D_library-1_L002)
Aug-23 12:15:57.639 [Actor Thread 237] INFO  nextflow.processor.TaskProcessor - [f8/caa0e1] Cached process > MAPPING:M_BWA_ALN (AF042D_library-1_L002)
Aug-23 12:15:57.640 [Actor Thread 238] INFO  nextflow.processor.TaskProcessor - [6e/a7decd] Cached process > MAPPING:M_BWA_ALN (AF048_library-1_L005)
Aug-23 12:15:57.641 [Actor Thread 235] INFO  nextflow.processor.TaskProcessor - [10/100bbd] Cached process > PROCESSED_FASTQ_QC:PFQC_FASTQC (AF047D_library-1_L002)
Aug-23 12:15:57.647 [Actor Thread 226] INFO  nextflow.processor.TaskProcessor - [a0/f2de7b] Cached process > MAPPING:M_BWA_ALN (AF049_library-1_L005)
Aug-23 12:15:57.648 [Actor Thread 231] INFO  nextflow.processor.TaskProcessor - [1a/d13334] Cached process > MAPPING:M_BWA_ALN (EX1_library-1_L002)
Aug-23 12:15:57.648 [Actor Thread 242] INFO  nextflow.processor.TaskProcessor - [4a/c86b8e] Cached process > MAPPING:M_BWA_ALN (AF042_library-1_L005)
Aug-23 12:15:57.651 [Actor Thread 224] INFO  nextflow.processor.TaskProcessor - [4e/19e12d] Cached process > MAPPING:M_BWA_ALN (AF014D_library-1_L002)
Aug-23 12:15:57.652 [Actor Thread 229] INFO  nextflow.processor.TaskProcessor - [26/f3ce0c] Cached process > MAPPING:M_BWA_ALN (AF047_library-1_L005)
Aug-23 12:15:57.654 [Actor Thread 232] INFO  nextflow.processor.TaskProcessor - [28/cb64c4] Cached process > MAPPING:M_BWA_ALN (AF048D_library-1_L002)
Aug-23 12:15:57.665 [Actor Thread 222] DEBUG nextflow.container.SingularityCache - Apptainer found local store for image=oras://community.wave.seqera.io/library/samtools:1.20--ad906e74fde1812b; path=/cfs/klemming/projects/supr/museomics_store_2025/bees/virginia/DNAharvester/work/singularity/community.wave.seqera.io-library-samtools-1.20--ad906e74fde1812b.img
Aug-23 12:15:57.676 [Actor Thread 256] INFO  nextflow.processor.TaskProcessor - [89/8b21a6] Cached process > MAPPING:M_BWA_ALN (AF049D_library-1_L002)
Aug-23 12:15:57.699 [Actor Thread 252] INFO  nextflow.processor.TaskProcessor - [18/71e00a] Cached process > MAPPING:M_RAW_BAM_INDEX (AF042_library-1_L005)
Aug-23 12:15:57.700 [Actor Thread 240] INFO  nextflow.processor.TaskProcessor - [79/d185a7] Cached process > MICROBIAL_SCREENING:SAMTOOLS_UNMAPPED_READS (AF014_library-1_L005)
Aug-23 12:15:57.701 [Actor Thread 242] INFO  nextflow.processor.TaskProcessor - [ed/e867e5] Cached process > MAPPING:M_RAW_BAM_INDEX (AF014D_library-1_L002)
Aug-23 12:15:57.701 [Actor Thread 225] INFO  nextflow.processor.TaskProcessor - [2e/b757b7] Cached process > MICROBIAL_SCREENING:SAMTOOLS_UNMAPPED_READS (EX1_library-1_L002)
Aug-23 12:15:57.702 [Actor Thread 252] DEBUG nextflow.processor.TaskProcessor - Process MAPPING:M_RAW_BAM_INDEX > Skipping output binding because one or more optional files are missing: fileoutparam<1:1>
Aug-23 12:15:57.702 [Actor Thread 252] DEBUG nextflow.processor.TaskProcessor - Process MAPPING:M_RAW_BAM_INDEX > Skipping output binding because one or more optional files are missing: fileoutparam<2:1>
Aug-23 12:15:57.703 [Actor Thread 233] INFO  nextflow.processor.TaskProcessor - [47/fc3e06] Cached process > MICROBIAL_SCREENING:SAMTOOLS_UNMAPPED_READS (AF042D_library-1_L002)
Aug-23 12:15:57.703 [Actor Thread 255] INFO  nextflow.processor.TaskProcessor - [bc/3115fb] Cached process > MICROBIAL_SCREENING:SAMTOOLS_UNMAPPED_READS (AF047D_library-1_L002)
Aug-23 12:15:57.704 [Actor Thread 226] INFO  nextflow.processor.TaskProcessor - [ed/6f429a] Cached process > MICROBIAL_SCREENING:SAMTOOLS_UNMAPPED_READS (AF047_library-1_L005)
Aug-23 12:15:57.704 [Actor Thread 242] DEBUG nextflow.processor.TaskProcessor - Process MAPPING:M_RAW_BAM_INDEX > Skipping output binding because one or more optional files are missing: fileoutparam<1:1>
Aug-23 12:15:57.705 [Actor Thread 245] INFO  nextflow.processor.TaskProcessor - [d0/5ee121] Cached process > MAPPING:M_RAW_BAM_INDEX (AF047D_library-1_L002)
Aug-23 12:15:57.705 [Actor Thread 236] INFO  nextflow.processor.TaskProcessor - [98/8e51aa] Cached process > MAPPING:M_RAW_BAM_INDEX (AF042D_library-1_L002)
Aug-23 12:15:57.705 [Actor Thread 242] DEBUG nextflow.processor.TaskProcessor - Process MAPPING:M_RAW_BAM_INDEX > Skipping output binding because one or more optional files are missing: fileoutparam<2:1>
Aug-23 12:15:57.705 [Actor Thread 220] INFO  nextflow.processor.TaskProcessor - [32/e0efe2] Cached process > MICROBIAL_SCREENING:SAMTOOLS_UNMAPPED_READS (AF042_library-1_L005)
Aug-23 12:15:57.707 [Actor Thread 236] DEBUG nextflow.processor.TaskProcessor - Process MAPPING:M_RAW_BAM_INDEX > Skipping output binding because one or more optional files are missing: fileoutparam<1:1>
Aug-23 12:15:57.708 [Actor Thread 236] DEBUG nextflow.processor.TaskProcessor - Process MAPPING:M_RAW_BAM_INDEX > Skipping output binding because one or more optional files are missing: fileoutparam<2:1>
Aug-23 12:15:57.708 [Actor Thread 250] INFO  nextflow.processor.TaskProcessor - [58/514bcb] Cached process > MAPPING:M_RAW_BAM_INDEX (AF049_library-1_L005)
Aug-23 12:15:57.711 [Actor Thread 245] DEBUG nextflow.processor.TaskProcessor - Process MAPPING:M_RAW_BAM_INDEX > Skipping output binding because one or more optional files are missing: fileoutparam<1:1>
Aug-23 12:15:57.711 [Actor Thread 245] DEBUG nextflow.processor.TaskProcessor - Process MAPPING:M_RAW_BAM_INDEX > Skipping output binding because one or more optional files are missing: fileoutparam<2:1>
Aug-23 12:15:57.713 [Actor Thread 251] INFO  nextflow.processor.TaskProcessor - [44/ad516d] Cached process > MAPPING:M_RAW_BAM_INDEX (AF014_library-1_L005)
Aug-23 12:15:57.712 [Actor Thread 241] INFO  nextflow.processor.TaskProcessor - [55/8f2bb2] Cached process > MAPPING:M_RAW_BAM_INDEX (AF048_library-1_L005)
Aug-23 12:15:57.714 [Actor Thread 250] DEBUG nextflow.processor.TaskProcessor - Process MAPPING:M_RAW_BAM_INDEX > Skipping output binding because one or more optional files are missing: fileoutparam<1:1>
Aug-23 12:15:57.714 [Actor Thread 250] DEBUG nextflow.processor.TaskProcessor - Process MAPPING:M_RAW_BAM_INDEX > Skipping output binding because one or more optional files are missing: fileoutparam<2:1>
Aug-23 12:15:57.715 [Actor Thread 221] INFO  nextflow.processor.TaskProcessor - [83/5109c7] Cached process > RAW_BAM_QC:RBQC_SAMTOOLS_VIEW_SUBSAMPLE (AF048D_library-1_L002)
Aug-23 12:15:57.715 [Actor Thread 257] INFO  nextflow.processor.TaskProcessor - [ca/a018ac] Cached process > RAW_BAM_QC:RBQC_SAMTOOLS_VIEW_SUBSAMPLE (AF042D_library-1_L002)
Aug-23 12:15:57.716 [Actor Thread 230] INFO  nextflow.processor.TaskProcessor - [2a/4d504c] Cached process > MICROBIAL_SCREENING:SAMTOOLS_UNMAPPED_READS (AF048_library-1_L005)
Aug-23 12:15:57.717 [Actor Thread 211] INFO  nextflow.processor.TaskProcessor - [03/a1208b] Cached process > MICROBIAL_SCREENING:SAMTOOLS_UNMAPPED_READS (AF048D_library-1_L002)
Aug-23 12:15:57.717 [Actor Thread 241] DEBUG nextflow.processor.TaskProcessor - Process MAPPING:M_RAW_BAM_INDEX > Skipping output binding because one or more optional files are missing: fileoutparam<1:1>
Aug-23 12:15:57.718 [Actor Thread 241] DEBUG nextflow.processor.TaskProcessor - Process MAPPING:M_RAW_BAM_INDEX > Skipping output binding because one or more optional files are missing: fileoutparam<2:1>
Aug-23 12:15:57.719 [Actor Thread 217] INFO  nextflow.processor.TaskProcessor - [69/b3e2e8] Cached process > RAW_BAM_QC:RBQC_SAMTOOLS_VIEW_SUBSAMPLE (AF047_library-1_L005)
Aug-23 12:15:57.719 [Actor Thread 248] INFO  nextflow.processor.TaskProcessor - [0c/4a6cc6] Cached process > MAPPING:M_RAW_BAM_INDEX (AF047_library-1_L005)
Aug-23 12:15:57.720 [Actor Thread 234] INFO  nextflow.processor.TaskProcessor - [ae/c229ca] Cached process > MICROBIAL_SCREENING:SAMTOOLS_UNMAPPED_READS (AF049_library-1_L005)
Aug-23 12:15:57.720 [Actor Thread 228] INFO  nextflow.processor.TaskProcessor - [48/3ff0c8] Cached process > MICROBIAL_SCREENING:SAMTOOLS_UNMAPPED_READS (AF049D_library-1_L002)
Aug-23 12:15:57.721 [Actor Thread 253] INFO  nextflow.processor.TaskProcessor - [ad/948f8a] Cached process > RAW_BAM_QC:RBQC_SAMTOOLS_VIEW_SUBSAMPLE (AF014_library-1_L005)
Aug-23 12:15:57.721 [Actor Thread 235] INFO  nextflow.processor.TaskProcessor - [74/2748e8] Cached process > RAW_BAM_QC:RBQC_SAMTOOLS_VIEW_SUBSAMPLE (EX1_library-1_L002)
Aug-23 12:15:57.721 [Actor Thread 251] DEBUG nextflow.processor.TaskProcessor - Process MAPPING:M_RAW_BAM_INDEX > Skipping output binding because one or more optional files are missing: fileoutparam<1:1>
Aug-23 12:15:57.721 [Actor Thread 251] DEBUG nextflow.processor.TaskProcessor - Process MAPPING:M_RAW_BAM_INDEX > Skipping output binding because one or more optional files are missing: fileoutparam<2:1>
Aug-23 12:15:57.721 [Actor Thread 215] INFO  nextflow.processor.TaskProcessor - [7d/e0111d] Cached process > MAPPING:M_RAW_BAM_INDEX (AF048D_library-1_L002)
Aug-23 12:15:57.723 [Actor Thread 249] INFO  nextflow.processor.TaskProcessor - [97/192843] Cached process > RAW_BAM_QC:RBQC_SAMTOOLS_VIEW_SUBSAMPLE (AF048_library-1_L005)
Aug-23 12:15:57.723 [Actor Thread 237] INFO  nextflow.processor.TaskProcessor - [25/29f561] Cached process > RAW_BAM_QC:RBQC_SAMTOOLS_VIEW_SUBSAMPLE (AF049_library-1_L005)
Aug-23 12:15:57.724 [Actor Thread 232] INFO  nextflow.processor.TaskProcessor - [9b/4af4af] Cached process > RAW_BAM_QC:RBQC_SAMTOOLS_VIEW_SUBSAMPLE (AF049D_library-1_L002)
Aug-23 12:15:57.724 [Actor Thread 248] DEBUG nextflow.processor.TaskProcessor - Process MAPPING:M_RAW_BAM_INDEX > Skipping output binding because one or more optional files are missing: fileoutparam<1:1>
Aug-23 12:15:57.724 [Actor Thread 216] INFO  nextflow.processor.TaskProcessor - [83/da9661] Cached process > MAPPING:M_RAW_BAM_INDEX (EX1_library-1_L002)
Aug-23 12:15:57.725 [Actor Thread 248] DEBUG nextflow.processor.TaskProcessor - Process MAPPING:M_RAW_BAM_INDEX > Skipping output binding because one or more optional files are missing: fileoutparam<2:1>
Aug-23 12:15:57.725 [Actor Thread 239] INFO  nextflow.processor.TaskProcessor - [c7/745646] Cached process > RAW_BAM_QC:RBQC_SAMTOOLS_VIEW_SUBSAMPLE (AF047D_library-1_L002)
Aug-23 12:15:57.728 [Actor Thread 247] INFO  nextflow.processor.TaskProcessor - [f9/328454] Cached process > RAW_BAM_QC:RBQC_SAMTOOLS_VIEW_SUBSAMPLE (AF042_library-1_L005)
Aug-23 12:15:57.728 [Actor Thread 216] DEBUG nextflow.processor.TaskProcessor - Process MAPPING:M_RAW_BAM_INDEX > Skipping output binding because one or more optional files are missing: fileoutparam<1:1>
Aug-23 12:15:57.729 [Actor Thread 216] DEBUG nextflow.processor.TaskProcessor - Process MAPPING:M_RAW_BAM_INDEX > Skipping output binding because one or more optional files are missing: fileoutparam<2:1>
Aug-23 12:15:57.730 [Actor Thread 241] DEBUG nextflow.container.SingularityCache - Apptainer found local store for image=oras://community.wave.seqera.io/library/htslib_samtools:1.20--9fb9031594b6902c; path=/cfs/klemming/projects/supr/museomics_store_2025/bees/virginia/DNAharvester/work/singularity/community.wave.seqera.io-library-htslib_samtools-1.20--9fb9031594b6902c.img
Aug-23 12:15:57.730 [Actor Thread 238] INFO  nextflow.processor.TaskProcessor - [e4/13c1bb] Cached process > MICROBIAL_SCREENING:SAMTOOLS_UNMAPPED_READS (AF014D_library-1_L002)
Aug-23 12:15:57.731 [Actor Thread 219] INFO  nextflow.processor.TaskProcessor - [02/0b441d] Cached process > RAW_BAM_QC:RBQC_SAMTOOLS_VIEW_SUBSAMPLE (AF014D_library-1_L002)
Aug-23 12:15:57.732 [Actor Thread 215] DEBUG nextflow.processor.TaskProcessor - Process MAPPING:M_RAW_BAM_INDEX > Skipping output binding because one or more optional files are missing: fileoutparam<1:1>
Aug-23 12:15:57.732 [Actor Thread 244] INFO  nextflow.processor.TaskProcessor - [1b/4a7a37] Cached process > PROCESSED_FASTQ_QC:PFQC_MULTIQC
Aug-23 12:15:57.733 [Actor Thread 215] DEBUG nextflow.processor.TaskProcessor - Process MAPPING:M_RAW_BAM_INDEX > Skipping output binding because one or more optional files are missing: fileoutparam<2:1>
Aug-23 12:15:57.734 [Actor Thread 246] INFO  nextflow.processor.TaskProcessor - [ae/6e9208] Cached process > MAPPING:M_RAW_BAM_INDEX (AF049D_library-1_L002)
Aug-23 12:15:57.735 [Actor Thread 244] DEBUG nextflow.processor.TaskProcessor - Process PROCESSED_FASTQ_QC:PFQC_MULTIQC > Skipping output binding because one or more optional files are missing: fileoutparam<2>
Aug-23 12:15:57.737 [Actor Thread 246] DEBUG nextflow.processor.TaskProcessor - Process MAPPING:M_RAW_BAM_INDEX > Skipping output binding because one or more optional files are missing: fileoutparam<1:1>
Aug-23 12:15:57.738 [Actor Thread 246] DEBUG nextflow.processor.TaskProcessor - Process MAPPING:M_RAW_BAM_INDEX > Skipping output binding because one or more optional files are missing: fileoutparam<2:1>
Aug-23 12:15:57.748 [Actor Thread 210] INFO  nextflow.processor.TaskProcessor - [dd/dbf724] Cached process > BAM_PROCESSING:BP_SAMTOOLS_MERGE_LIB (AF014D_library-1)
Aug-23 12:15:57.748 [Actor Thread 208] INFO  nextflow.processor.TaskProcessor - [3c/17a5a5] Cached process > BAM_PROCESSING:BP_SAMTOOLS_MERGE_LIB (AF048D_library-1)
Aug-23 12:15:57.750 [Actor Thread 231] INFO  nextflow.processor.TaskProcessor - [56/753eb3] Cached process > BAM_PROCESSING:BP_SAMTOOLS_MERGE_LIB (AF049_library-1)
Aug-23 12:15:57.751 [Actor Thread 210] DEBUG nextflow.processor.TaskProcessor - Process BAM_PROCESSING:BP_SAMTOOLS_MERGE_LIB > Skipping output binding because one or more optional files are missing: fileoutparam<1:1>
Aug-23 12:15:57.751 [Actor Thread 210] DEBUG nextflow.processor.TaskProcessor - Process BAM_PROCESSING:BP_SAMTOOLS_MERGE_LIB > Skipping output binding because one or more optional files are missing: fileoutparam<2:1>
Aug-23 12:15:57.752 [Actor Thread 210] DEBUG nextflow.processor.TaskProcessor - Process BAM_PROCESSING:BP_SAMTOOLS_MERGE_LIB > Skipping output binding because one or more optional files are missing: fileoutparam<3:1>
Aug-23 12:15:57.753 [Actor Thread 231] DEBUG nextflow.processor.TaskProcessor - Process BAM_PROCESSING:BP_SAMTOOLS_MERGE_LIB > Skipping output binding because one or more optional files are missing: fileoutparam<1:1>
Aug-23 12:15:57.753 [Actor Thread 231] DEBUG nextflow.processor.TaskProcessor - Process BAM_PROCESSING:BP_SAMTOOLS_MERGE_LIB > Skipping output binding because one or more optional files are missing: fileoutparam<2:1>
Aug-23 12:15:57.754 [Actor Thread 231] DEBUG nextflow.processor.TaskProcessor - Process BAM_PROCESSING:BP_SAMTOOLS_MERGE_LIB > Skipping output binding because one or more optional files are missing: fileoutparam<3:1>
Aug-23 12:15:57.754 [Actor Thread 212] INFO  nextflow.processor.TaskProcessor - [02/681e4a] Cached process > BAM_PROCESSING:BP_SAMTOOLS_MERGE_LIB (EX1_library-1)
Aug-23 12:15:57.755 [Actor Thread 209] INFO  nextflow.processor.TaskProcessor - [34/5743f1] Cached process > BAM_PROCESSING:BP_SAMTOOLS_MERGE_LIB (AF047_library-1)
Aug-23 12:15:57.755 [Actor Thread 200] INFO  nextflow.processor.TaskProcessor - [84/94ce2f] Cached process > RAW_BAM_QC:RBQC_SAMTOOLS_FLAGSTAT (AF042_library-1_L005)
Aug-23 12:15:57.756 [Actor Thread 208] DEBUG nextflow.processor.TaskProcessor - Process BAM_PROCESSING:BP_SAMTOOLS_MERGE_LIB > Skipping output binding because one or more optional files are missing: fileoutparam<1:1>
Aug-23 12:15:57.756 [Actor Thread 208] DEBUG nextflow.processor.TaskProcessor - Process BAM_PROCESSING:BP_SAMTOOLS_MERGE_LIB > Skipping output binding because one or more optional files are missing: fileoutparam<2:1>
Aug-23 12:15:57.756 [Actor Thread 208] DEBUG nextflow.processor.TaskProcessor - Process BAM_PROCESSING:BP_SAMTOOLS_MERGE_LIB > Skipping output binding because one or more optional files are missing: fileoutparam<3:1>
Aug-23 12:15:57.758 [Actor Thread 213] INFO  nextflow.processor.TaskProcessor - [d6/66de2f] Cached process > BAM_PROCESSING:BP_SAMTOOLS_MERGE_LIB (AF042D_library-1)
Aug-23 12:15:57.758 [Actor Thread 221] INFO  nextflow.processor.TaskProcessor - [f5/12b48f] Cached process > RAW_BAM_QC:RBQC_SAMTOOLS_FLAGSTAT (AF048_library-1_L005)
Aug-23 12:15:57.759 [Actor Thread 194] INFO  nextflow.processor.TaskProcessor - [e6/a4fcfa] Cached process > RAW_BAM_QC:RBQC_SAMTOOLS_FLAGSTAT (AF049_library-1_L005)
Aug-23 12:15:57.759 [Actor Thread 218] INFO  nextflow.processor.TaskProcessor - [fa/65a35d] Cached process > BAM_PROCESSING:BP_SAMTOOLS_MERGE_LIB (AF047D_library-1)
Aug-23 12:15:57.759 [Actor Thread 254] INFO  nextflow.processor.TaskProcessor - [e6/09be0d] Cached process > BAM_PROCESSING:BP_SAMTOOLS_MERGE_LIB (AF042_library-1)
Aug-23 12:15:57.760 [Actor Thread 209] DEBUG nextflow.processor.TaskProcessor - Process BAM_PROCESSING:BP_SAMTOOLS_MERGE_LIB > Skipping output binding because one or more optional files are missing: fileoutparam<1:1>
Aug-23 12:15:57.760 [Actor Thread 209] DEBUG nextflow.processor.TaskProcessor - Process BAM_PROCESSING:BP_SAMTOOLS_MERGE_LIB > Skipping output binding because one or more optional files are missing: fileoutparam<2:1>
Aug-23 12:15:57.761 [Actor Thread 209] DEBUG nextflow.processor.TaskProcessor - Process BAM_PROCESSING:BP_SAMTOOLS_MERGE_LIB > Skipping output binding because one or more optional files are missing: fileoutparam<3:1>
Aug-23 12:15:57.762 [Actor Thread 240] INFO  nextflow.processor.TaskProcessor - [c7/9bc616] Cached process > RAW_BAM_QC:RBQC_CREATE_AMBER_SAMPLESHEET (AF049_library-1_L005)
Aug-23 12:15:57.763 [Actor Thread 236] INFO  nextflow.processor.TaskProcessor - [7c/dce745] Cached process > RAW_BAM_QC:RBQC_CREATE_AMBER_SAMPLESHEET (AF042D_library-1_L002)
Aug-23 12:15:57.763 [Actor Thread 204] INFO  nextflow.processor.TaskProcessor - [6c/b1aa20] Cached process > MICROBIAL_SCREENING:MS_BWA_ALN (AF014_library-1_L005)
Aug-23 12:15:57.763 [Actor Thread 206] INFO  nextflow.processor.TaskProcessor - [59/70bb4d] Cached process > RAW_BAM_QC:RBQC_SAMTOOLS_FLAGSTAT (AF047D_library-1_L002)
Aug-23 12:15:57.765 [Actor Thread 224] INFO  nextflow.processor.TaskProcessor - [29/f92a24] Cached process > BAM_PROCESSING:BP_SAMTOOLS_MERGE_LIB (AF048_library-1)
Aug-23 12:15:57.765 [Actor Thread 212] DEBUG nextflow.processor.TaskProcessor - Process BAM_PROCESSING:BP_SAMTOOLS_MERGE_LIB > Skipping output binding because one or more optional files are missing: fileoutparam<1:1>
Aug-23 12:15:57.765 [Actor Thread 212] DEBUG nextflow.processor.TaskProcessor - Process BAM_PROCESSING:BP_SAMTOOLS_MERGE_LIB > Skipping output binding because one or more optional files are missing: fileoutparam<2:1>
Aug-23 12:15:57.766 [Actor Thread 212] DEBUG nextflow.processor.TaskProcessor - Process BAM_PROCESSING:BP_SAMTOOLS_MERGE_LIB > Skipping output binding because one or more optional files are missing: fileoutparam<3:1>
Aug-23 12:15:57.766 [Actor Thread 207] INFO  nextflow.processor.TaskProcessor - [97/228e56] Cached process > BAM_PROCESSING:BP_SAMTOOLS_MERGE_LIB (AF049D_library-1)
Aug-23 12:15:57.766 [Actor Thread 233] INFO  nextflow.processor.TaskProcessor - [99/bb3358] Cached process > RAW_BAM_QC:RBQC_SAMTOOLS_FLAGSTAT (AF014D_library-1_L002)
Aug-23 12:15:57.766 [Actor Thread 217] INFO  nextflow.processor.TaskProcessor - [14/5c7b9f] Cached process > RAW_BAM_QC:RBQC_CREATE_AMBER_SAMPLESHEET (AF014_library-1_L005)
Aug-23 12:15:57.769 [Actor Thread 257] INFO  nextflow.processor.TaskProcessor - [ca/728447] Cached process > RAW_BAM_QC:RBQC_SAMTOOLS_FLAGSTAT (AF048D_library-1_L002)
Aug-23 12:15:57.770 [Actor Thread 226] INFO  nextflow.processor.TaskProcessor - [b1/7a8d77] Cached process > RAW_BAM_QC:RBQC_CREATE_AMBER_SAMPLESHEET (AF047D_library-1_L002)
Aug-23 12:15:57.770 [Actor Thread 214] INFO  nextflow.processor.TaskProcessor - [03/a95974] Cached process > RAW_BAM_QC:RBQC_SAMTOOLS_FLAGSTAT (AF014_library-1_L005)
Aug-23 12:15:57.770 [Actor Thread 191] INFO  nextflow.processor.TaskProcessor - [bd/8b4f89] Cached process > RAW_BAM_QC:RBQC_CREATE_AMBER_SAMPLESHEET (EX1_library-1_L002)
Aug-23 12:15:57.771 [Actor Thread 207] DEBUG nextflow.processor.TaskProcessor - Process BAM_PROCESSING:BP_SAMTOOLS_MERGE_LIB > Skipping output binding because one or more optional files are missing: fileoutparam<1:1>
Aug-23 12:15:57.771 [Actor Thread 253] INFO  nextflow.processor.TaskProcessor - [f9/b1348b] Cached process > RAW_BAM_QC:RBQC_CREATE_AMBER_SAMPLESHEET (AF048_library-1_L005)
Aug-23 12:15:57.771 [Actor Thread 197] INFO  nextflow.processor.TaskProcessor - [97/0f1fea] Cached process > RAW_BAM_QC:RBQC_CREATE_AMBER_SAMPLESHEET (AF047_library-1_L005)
Aug-23 12:15:57.771 [Actor Thread 198] INFO  nextflow.processor.TaskProcessor - [03/5e2593] Cached process > MICROBIAL_SCREENING:MS_BWA_ALN (AF048D_library-1_L002)
Aug-23 12:15:57.771 [Actor Thread 207] DEBUG nextflow.processor.TaskProcessor - Process BAM_PROCESSING:BP_SAMTOOLS_MERGE_LIB > Skipping output binding because one or more optional files are missing: fileoutparam<2:1>
Aug-23 12:15:57.771 [Actor Thread 195] INFO  nextflow.processor.TaskProcessor - [92/565cb8] Cached process > MICROBIAL_SCREENING:MS_BWA_ALN (AF042_library-1_L005)
Aug-23 12:15:57.771 [Actor Thread 255] INFO  nextflow.processor.TaskProcessor - [9f/a4a9fa] Cached process > RAW_BAM_QC:RBQC_SAMTOOLS_FLAGSTAT (AF042D_library-1_L002)
Aug-23 12:15:57.772 [Actor Thread 207] DEBUG nextflow.processor.TaskProcessor - Process BAM_PROCESSING:BP_SAMTOOLS_MERGE_LIB > Skipping output binding because one or more optional files are missing: fileoutparam<3:1>
Aug-23 12:15:57.777 [Actor Thread 203] INFO  nextflow.processor.TaskProcessor - [be/d7f7fb] Cached process > MICROBIAL_SCREENING:MS_BWA_ALN (EX1_library-1_L002)
Aug-23 12:15:57.777 [Actor Thread 199] INFO  nextflow.processor.TaskProcessor - [c4/7ba242] Cached process > MICROBIAL_SCREENING:MS_BWA_ALN (AF042D_library-1_L002)
Aug-23 12:15:57.777 [Actor Thread 205] INFO  nextflow.processor.TaskProcessor - [fc/b326d3] Cached process > MICROBIAL_SCREENING:MS_BWA_ALN (AF047D_library-1_L002)
Aug-23 12:15:57.777 [Actor Thread 193] INFO  nextflow.processor.TaskProcessor - [25/021174] Cached process > MICROBIAL_SCREENING:MS_BWA_ALN (AF048_library-1_L005)
Aug-23 12:15:57.778 [Actor Thread 228] INFO  nextflow.processor.TaskProcessor - [4a/465913] Cached process > RAW_BAM_QC:RBQC_SAMTOOLS_FLAGSTAT (AF047_library-1_L005)
Aug-23 12:15:57.778 [Actor Thread 224] DEBUG nextflow.processor.TaskProcessor - Process BAM_PROCESSING:BP_SAMTOOLS_MERGE_LIB > Skipping output binding because one or more optional files are missing: fileoutparam<1:1>
Aug-23 12:15:57.779 [Actor Thread 224] DEBUG nextflow.processor.TaskProcessor - Process BAM_PROCESSING:BP_SAMTOOLS_MERGE_LIB > Skipping output binding because one or more optional files are missing: fileoutparam<2:1>
Aug-23 12:15:57.780 [Actor Thread 224] DEBUG nextflow.processor.TaskProcessor - Process BAM_PROCESSING:BP_SAMTOOLS_MERGE_LIB > Skipping output binding because one or more optional files are missing: fileoutparam<3:1>
Aug-23 12:15:57.782 [Actor Thread 250] INFO  nextflow.processor.TaskProcessor - [3b/0b424e] Cached process > MICROBIAL_SCREENING:MS_BWA_ALN (AF049_library-1_L005)
Aug-23 12:15:57.782 [Actor Thread 190] INFO  nextflow.processor.TaskProcessor - [77/5e4e1a] Cached process > RAW_BAM_QC:RBQC_CREATE_AMBER_SAMPLESHEET (AF049D_library-1_L002)
Aug-23 12:15:57.783 [Actor Thread 242] INFO  nextflow.processor.TaskProcessor - [52/a9ebe8] Cached process > MICROBIAL_SCREENING:MS_BWA_ALN (AF049D_library-1_L002)
Aug-23 12:15:57.784 [Actor Thread 232] INFO  nextflow.processor.TaskProcessor - [88/e4b3c3] Cached process > MICROBIAL_SCREENING:MS_BWA_ALN (AF014D_library-1_L002)
Aug-23 12:15:57.785 [Actor Thread 230] INFO  nextflow.processor.TaskProcessor - [6a/814ce8] Cached process > RAW_BAM_QC:RBQC_CREATE_AMBER_SAMPLESHEET (AF042_library-1_L005)
Aug-23 12:15:57.785 [Actor Thread 202] INFO  nextflow.processor.TaskProcessor - [0d/da4436] Cached process > MICROBIAL_SCREENING:MS_BWA_ALN (AF047_library-1_L005)
Aug-23 12:15:57.785 [Actor Thread 189] INFO  nextflow.processor.TaskProcessor - [3a/4a16f0] Cached process > RAW_BAM_QC:RBQC_SAMTOOLS_FLAGSTAT (EX1_library-1_L002)
Aug-23 12:15:57.786 [Actor Thread 222] INFO  nextflow.processor.TaskProcessor - [9f/4e81a7] Cached process > RAW_BAM_QC:RBQC_CREATE_AMBER_SAMPLESHEET (AF014D_library-1_L002)
Aug-23 12:15:57.787 [Actor Thread 254] DEBUG nextflow.processor.TaskProcessor - Process BAM_PROCESSING:BP_SAMTOOLS_MERGE_LIB > Skipping output binding because one or more optional files are missing: fileoutparam<1:1>
Aug-23 12:15:57.787 [Actor Thread 254] DEBUG nextflow.processor.TaskProcessor - Process BAM_PROCESSING:BP_SAMTOOLS_MERGE_LIB > Skipping output binding because one or more optional files are missing: fileoutparam<2:1>
Aug-23 12:15:57.788 [Actor Thread 254] DEBUG nextflow.processor.TaskProcessor - Process BAM_PROCESSING:BP_SAMTOOLS_MERGE_LIB > Skipping output binding because one or more optional files are missing: fileoutparam<3:1>
Aug-23 12:15:57.791 [Actor Thread 219] INFO  nextflow.processor.TaskProcessor - [fd/4f5afc] Cached process > RAW_BAM_QC:RBQC_SAMTOOLS_FLAGSTAT (AF049D_library-1_L002)
Aug-23 12:15:57.795 [Actor Thread 183] DEBUG nextflow.container.SingularityCache - Apptainer found local store for image=oras://community.wave.seqera.io/library/pysam_matplotlib_wget:29119c93f69dc707; path=/cfs/klemming/projects/supr/museomics_store_2025/bees/virginia/DNAharvester/work/singularity/community.wave.seqera.io-library-pysam_matplotlib_wget-29119c93f69dc707.img
Aug-23 12:15:57.796 [Actor Thread 218] DEBUG nextflow.processor.TaskProcessor - Process BAM_PROCESSING:BP_SAMTOOLS_MERGE_LIB > Skipping output binding because one or more optional files are missing: fileoutparam<1:1>
Aug-23 12:15:57.797 [Actor Thread 218] DEBUG nextflow.processor.TaskProcessor - Process BAM_PROCESSING:BP_SAMTOOLS_MERGE_LIB > Skipping output binding because one or more optional files are missing: fileoutparam<2:1>
Aug-23 12:15:57.798 [Actor Thread 218] DEBUG nextflow.processor.TaskProcessor - Process BAM_PROCESSING:BP_SAMTOOLS_MERGE_LIB > Skipping output binding because one or more optional files are missing: fileoutparam<3:1>
Aug-23 12:15:57.800 [Actor Thread 229] INFO  nextflow.processor.TaskProcessor - [3c/9bf2e6] Cached process > BAM_PROCESSING:BP_SAMTOOLS_MERGE_LIB (AF014_library-1)
Aug-23 12:15:57.805 [Actor Thread 213] DEBUG nextflow.processor.TaskProcessor - Process BAM_PROCESSING:BP_SAMTOOLS_MERGE_LIB > Skipping output binding because one or more optional files are missing: fileoutparam<1:1>
Aug-23 12:15:57.806 [Actor Thread 213] DEBUG nextflow.processor.TaskProcessor - Process BAM_PROCESSING:BP_SAMTOOLS_MERGE_LIB > Skipping output binding because one or more optional files are missing: fileoutparam<2:1>
Aug-23 12:15:57.806 [Actor Thread 243] INFO  nextflow.processor.TaskProcessor - [8e/f88d1f] Cached process > BAM_PROCESSING:BP_SAMTOOLS_MERGE_LIB_INDEX (AF014D_library-1)
Aug-23 12:15:57.807 [Actor Thread 213] DEBUG nextflow.processor.TaskProcessor - Process BAM_PROCESSING:BP_SAMTOOLS_MERGE_LIB > Skipping output binding because one or more optional files are missing: fileoutparam<3:1>
Aug-23 12:15:57.811 [Actor Thread 244] INFO  nextflow.processor.TaskProcessor - [98/be0b28] Cached process > BAM_PROCESSING:BP_SAMTOOLS_VIEW_MQ (AF014D_library-1)
Aug-23 12:15:57.812 [Actor Thread 243] DEBUG nextflow.processor.TaskProcessor - Process BAM_PROCESSING:BP_SAMTOOLS_MERGE_LIB_INDEX > Skipping output binding because one or more optional files are missing: fileoutparam<1:1>
Aug-23 12:15:57.812 [Actor Thread 243] DEBUG nextflow.processor.TaskProcessor - Process BAM_PROCESSING:BP_SAMTOOLS_MERGE_LIB_INDEX > Skipping output binding because one or more optional files are missing: fileoutparam<2:1>
Aug-23 12:15:57.813 [Actor Thread 229] DEBUG nextflow.processor.TaskProcessor - Process BAM_PROCESSING:BP_SAMTOOLS_MERGE_LIB > Skipping output binding because one or more optional files are missing: fileoutparam<1:1>
Aug-23 12:15:57.814 [Actor Thread 229] DEBUG nextflow.processor.TaskProcessor - Process BAM_PROCESSING:BP_SAMTOOLS_MERGE_LIB > Skipping output binding because one or more optional files are missing: fileoutparam<2:1>
Aug-23 12:15:57.814 [Actor Thread 229] DEBUG nextflow.processor.TaskProcessor - Process BAM_PROCESSING:BP_SAMTOOLS_MERGE_LIB > Skipping output binding because one or more optional files are missing: fileoutparam<3:1>
Aug-23 12:15:57.815 [Actor Thread 216] INFO  nextflow.processor.TaskProcessor - [b8/311b9e] Cached process > BAM_PROCESSING:BP_SAMTOOLS_VIEW_MQ (AF049_library-1)
Aug-23 12:15:57.825 [Actor Thread 215] INFO  nextflow.processor.TaskProcessor - [19/6a73c3] Cached process > BAM_PROCESSING:BP_SAMTOOLS_MERGE_LIB_INDEX (AF049_library-1)
Aug-23 12:15:57.833 [Actor Thread 245] INFO  nextflow.processor.TaskProcessor - [87/676961] Cached process > BAM_PROCESSING:BP_SAMTOOLS_MERGE_LIB_INDEX (AF049D_library-1)
Aug-23 12:15:57.834 [Actor Thread 215] DEBUG nextflow.processor.TaskProcessor - Process BAM_PROCESSING:BP_SAMTOOLS_MERGE_LIB_INDEX > Skipping output binding because one or more optional files are missing: fileoutparam<1:1>
Aug-23 12:15:57.834 [Actor Thread 215] DEBUG nextflow.processor.TaskProcessor - Process BAM_PROCESSING:BP_SAMTOOLS_MERGE_LIB_INDEX > Skipping output binding because one or more optional files are missing: fileoutparam<2:1>
Aug-23 12:15:57.835 [Actor Thread 207] INFO  nextflow.processor.TaskProcessor - [03/935c9c] Cached process > MICROBIAL_SCREENING:MS_SAMTOOLS_VIEW_MQ (AF048D_library-1_L002)
Aug-23 12:15:57.836 [Actor Thread 201] INFO  nextflow.processor.TaskProcessor - [d2/7be4e3] Cached process > BAM_PROCESSING:BP_SAMTOOLS_VIEW_MQ (EX1_library-1)
Aug-23 12:15:57.836 [Actor Thread 194] INFO  nextflow.processor.TaskProcessor - [4f/3c29a6] Cached process > MICROBIAL_SCREENING:MS_SAMTOOLS_VIEW_MQ (AF042_library-1_L005)
Aug-23 12:15:57.839 [Actor Thread 231] INFO  nextflow.processor.TaskProcessor - [3a/67089c] Cached process > BAM_PROCESSING:BP_SAMTOOLS_MERGE_LIB_INDEX (EX1_library-1)
Aug-23 12:15:57.840 [Actor Thread 208] INFO  nextflow.processor.TaskProcessor - [6b/f777cc] Cached process > BAM_PROCESSING:BP_SAMTOOLS_MERGE_LIB_INDEX (AF048D_library-1)
Aug-23 12:15:57.841 [Actor Thread 245] DEBUG nextflow.processor.TaskProcessor - Process BAM_PROCESSING:BP_SAMTOOLS_MERGE_LIB_INDEX > Skipping output binding because one or more optional files are missing: fileoutparam<1:1>
Aug-23 12:15:57.842 [Actor Thread 245] DEBUG nextflow.processor.TaskProcessor - Process BAM_PROCESSING:BP_SAMTOOLS_MERGE_LIB_INDEX > Skipping output binding because one or more optional files are missing: fileoutparam<2:1>
Aug-23 12:15:57.842 [Actor Thread 237] INFO  nextflow.processor.TaskProcessor - [98/a4031f] Cached process > BAM_PROCESSING:BP_SAMTOOLS_VIEW_MQ (AF048D_library-1)
Aug-23 12:15:57.842 [Actor Thread 249] INFO  nextflow.processor.TaskProcessor - [d0/521ca8] Cached process > BAM_PROCESSING:BP_SAMTOOLS_MERGE_LIB_INDEX (AF047_library-1)
Aug-23 12:15:57.843 [Actor Thread 217] INFO  nextflow.processor.TaskProcessor - [fc/68ea0d] Cached process > RAW_BAM_QC:RBQC_AMBER (AF047D_library-1_L002)
Aug-23 12:15:57.843 [Actor Thread 221] INFO  nextflow.processor.TaskProcessor - [fc/a93b6f] Cached process > RAW_BAM_QC:RBQC_AMBER (AF014_library-1_L005)
Aug-23 12:15:57.843 [Actor Thread 241] INFO  nextflow.processor.TaskProcessor - [7d/37499e] Cached process > MICROBIAL_SCREENING:MS_RAW_BAM_INDEX (AF048D_library-1_L002)
Aug-23 12:15:57.844 [Actor Thread 209] INFO  nextflow.processor.TaskProcessor - [f3/0152e3] Cached process > BAM_PROCESSING:BP_SAMTOOLS_VIEW_MQ (AF049D_library-1)
Aug-23 12:15:57.844 [Actor Thread 245] DEBUG nextflow.container.SingularityCache - Apptainer found local store for image=oras://community.wave.seqera.io/library/samtools_python:3740ccb1c28d345d; path=/cfs/klemming/projects/supr/museomics_store_2025/bees/virginia/DNAharvester/work/singularity/community.wave.seqera.io-library-samtools_python-3740ccb1c28d345d.img
Aug-23 12:15:57.846 [Actor Thread 208] DEBUG nextflow.processor.TaskProcessor - Process BAM_PROCESSING:BP_SAMTOOLS_MERGE_LIB_INDEX > Skipping output binding because one or more optional files are missing: fileoutparam<1:1>
Aug-23 12:15:57.847 [Actor Thread 238] INFO  nextflow.processor.TaskProcessor - [25/4d90fb] Cached process > MICROBIAL_SCREENING:MS_SAMTOOLS_VIEW_MQ (EX1_library-1_L002)
Aug-23 12:15:57.847 [Actor Thread 208] DEBUG nextflow.processor.TaskProcessor - Process BAM_PROCESSING:BP_SAMTOOLS_MERGE_LIB_INDEX > Skipping output binding because one or more optional files are missing: fileoutparam<2:1>
Aug-23 12:15:57.848 [Actor Thread 234] INFO  nextflow.processor.TaskProcessor - [1a/b6a53d] Cached process > MICROBIAL_SCREENING:MS_RAW_BAM_INDEX (AF014_library-1_L005)
Aug-23 12:15:57.849 [Actor Thread 206] INFO  nextflow.processor.TaskProcessor - [fc/7326ec] Cached process > MICROBIAL_SCREENING:MS_SAMTOOLS_VIEW_MQ (AF047D_library-1_L002)
Aug-23 12:15:57.849 [Actor Thread 241] DEBUG nextflow.processor.TaskProcessor - Process MICROBIAL_SCREENING:MS_RAW_BAM_INDEX > Skipping output binding because one or more optional files are missing: fileoutparam<1:1>
Aug-23 12:15:57.849 [Actor Thread 195] INFO  nextflow.processor.TaskProcessor - [87/70d95f] Cached process > BAM_PROCESSING:BP_SAMTOOLS_VIEW_MQ (AF042_library-1)
Aug-23 12:15:57.849 [Actor Thread 220] INFO  nextflow.processor.TaskProcessor - [1c/0ddfa7] Cached process > BAM_PROCESSING:BP_SAMTOOLS_VIEW_MQ (AF047_library-1)
Aug-23 12:15:57.849 [Actor Thread 225] INFO  nextflow.processor.TaskProcessor - [9b/5f8c0c] Cached process > RAW_BAM_QC:RBQC_AMBER (AF042D_library-1_L002)
Aug-23 12:15:57.850 [Actor Thread 241] DEBUG nextflow.processor.TaskProcessor - Process MICROBIAL_SCREENING:MS_RAW_BAM_INDEX > Skipping output binding because one or more optional files are missing: fileoutparam<2:1>
Aug-23 12:15:57.852 [Actor Thread 200] INFO  nextflow.processor.TaskProcessor - [10/cdf985] Cached process > MICROBIAL_SCREENING:MS_RAW_BAM_INDEX (AF047D_library-1_L002)
Aug-23 12:15:57.853 [Actor Thread 235] INFO  nextflow.processor.TaskProcessor - [13/6d8e0a] Cached process > MICROBIAL_SCREENING:MS_SAMTOOLS_VIEW_MQ (AF014_library-1_L005)
Aug-23 12:15:57.853 [Actor Thread 231] DEBUG nextflow.processor.TaskProcessor - Process BAM_PROCESSING:BP_SAMTOOLS_MERGE_LIB_INDEX > Skipping output binding because one or more optional files are missing: fileoutparam<1:1>
Aug-23 12:15:57.854 [Actor Thread 210] INFO  nextflow.processor.TaskProcessor - [65/e57aa4] Cached process > RAW_BAM_QC:RBQC_AMBER (AF049_library-1_L005)
Aug-23 12:15:57.854 [Actor Thread 231] DEBUG nextflow.processor.TaskProcessor - Process BAM_PROCESSING:BP_SAMTOOLS_MERGE_LIB_INDEX > Skipping output binding because one or more optional files are missing: fileoutparam<2:1>
Aug-23 12:15:57.855 [Actor Thread 236] INFO  nextflow.processor.TaskProcessor - [1b/c9890e] Cached process > BAM_PROCESSING:BP_SAMTOOLS_VIEW_MQ (AF048_library-1)
Aug-23 12:15:57.856 [Actor Thread 240] INFO  nextflow.processor.TaskProcessor - [fa/914e86] Cached process > MICROBIAL_SCREENING:MS_SAMTOOLS_VIEW_MQ (AF042D_library-1_L002)
Aug-23 12:15:57.857 [Actor Thread 234] DEBUG nextflow.processor.TaskProcessor - Process MICROBIAL_SCREENING:MS_RAW_BAM_INDEX > Skipping output binding because one or more optional files are missing: fileoutparam<1:1>
Aug-23 12:15:57.858 [Actor Thread 187] INFO  nextflow.processor.TaskProcessor - [b3/753d14] Cached process > MICROBIAL_SCREENING:MS_RAW_BAM_INDEX (EX1_library-1_L002)
Aug-23 12:15:57.858 [Actor Thread 234] DEBUG nextflow.processor.TaskProcessor - Process MICROBIAL_SCREENING:MS_RAW_BAM_INDEX > Skipping output binding because one or more optional files are missing: fileoutparam<2:1>
Aug-23 12:15:57.859 [Actor Thread 212] INFO  nextflow.processor.TaskProcessor - [de/2ff066] Cached process > MICROBIAL_SCREENING:MS_RAW_BAM_INDEX (AF042_library-1_L005)
Aug-23 12:15:57.859 [Actor Thread 198] INFO  nextflow.processor.TaskProcessor - [db/198c8e] Cached process > MICROBIAL_SCREENING:MS_RAW_BAM_INDEX (AF042D_library-1_L002)
Aug-23 12:15:57.861 [Actor Thread 193] INFO  nextflow.processor.TaskProcessor - [f5/44ba0d] Cached process > MICROBIAL_SCREENING:MS_SAMTOOLS_VIEW_MQ (AF014D_library-1_L002)
Aug-23 12:15:57.861 [Actor Thread 230] INFO  nextflow.processor.TaskProcessor - [52/9b8e94] Cached process > MICROBIAL_SCREENING:MS_RAW_BAM_INDEX (AF014D_library-1_L002)
Aug-23 12:15:57.863 [Actor Thread 196] INFO  nextflow.processor.TaskProcessor - [11/389579] Cached process > RAW_BAM_QC:RBQC_AMBER (AF047_library-1_L005)
Aug-23 12:15:57.863 [Actor Thread 197] INFO  nextflow.processor.TaskProcessor - [0d/37c821] Cached process > MICROBIAL_SCREENING:MS_RAW_BAM_INDEX (AF048_library-1_L005)
Aug-23 12:15:57.863 [Actor Thread 249] DEBUG nextflow.processor.TaskProcessor - Process BAM_PROCESSING:BP_SAMTOOLS_MERGE_LIB_INDEX > Skipping output binding because one or more optional files are missing: fileoutparam<1:1>
Aug-23 12:15:57.864 [Actor Thread 188] INFO  nextflow.processor.TaskProcessor - [14/76e214] Cached process > RAW_BAM_QC:RBQC_AMBER (AF048_library-1_L005)
Aug-23 12:15:57.864 [Actor Thread 249] DEBUG nextflow.processor.TaskProcessor - Process BAM_PROCESSING:BP_SAMTOOLS_MERGE_LIB_INDEX > Skipping output binding because one or more optional files are missing: fileoutparam<2:1>
Aug-23 12:15:57.865 [Actor Thread 187] DEBUG nextflow.processor.TaskProcessor - Process MICROBIAL_SCREENING:MS_RAW_BAM_INDEX > Skipping output binding because one or more optional files are missing: fileoutparam<1:1>
Aug-23 12:15:57.866 [Actor Thread 187] DEBUG nextflow.processor.TaskProcessor - Process MICROBIAL_SCREENING:MS_RAW_BAM_INDEX > Skipping output binding because one or more optional files are missing: fileoutparam<2:1>
Aug-23 12:15:57.866 [Actor Thread 185] INFO  nextflow.processor.TaskProcessor - [bd/59b337] Cached process > BAM_PROCESSING:BP_SAMTOOLS_MERGE_LIB_INDEX (AF048_library-1)
Aug-23 12:15:57.866 [Actor Thread 254] INFO  nextflow.processor.TaskProcessor - [3e/3d1eb0] Cached process > MICROBIAL_SCREENING:MS_SAMTOOLS_VIEW_MQ (AF047_library-1_L005)
Aug-23 12:15:57.869 [Actor Thread 226] INFO  nextflow.processor.TaskProcessor - [69/f061ed] Cached process > MICROBIAL_SCREENING:MS_SAMTOOLS_VIEW_MQ (AF048_library-1_L005)
Aug-23 12:15:57.870 [Actor Thread 239] INFO  nextflow.processor.TaskProcessor - [d7/c93069] Cached process > RAW_BAM_QC:RBQC_AMBER (AF049D_library-1_L002)
Aug-23 12:15:57.871 [Actor Thread 180] INFO  nextflow.processor.TaskProcessor - [93/f8659f] Cached process > BAM_PROCESSING:BP_SAMTOOLS_VIEW_MQ (AF042D_library-1)
Aug-23 12:15:57.871 [Actor Thread 205] INFO  nextflow.processor.TaskProcessor - [e1/3a8ee1] Cached process > MICROBIAL_SCREENING:MS_SAMTOOLS_VIEW_MQ (AF049_library-1_L005)
Aug-23 12:15:57.872 [Actor Thread 204] INFO  nextflow.processor.TaskProcessor - [2a/1fefbe] Cached process > RAW_BAM_QC:RBQC_AMBER (EX1_library-1_L002)
Aug-23 12:15:57.872 [Actor Thread 179] INFO  nextflow.processor.TaskProcessor - [23/bd2c68] Cached process > MICROBIAL_SCREENING:MS_SAMTOOLS_VIEW_MQ (AF049D_library-1_L002)
Aug-23 12:15:57.872 [Actor Thread 200] DEBUG nextflow.processor.TaskProcessor - Process MICROBIAL_SCREENING:MS_RAW_BAM_INDEX > Skipping output binding because one or more optional files are missing: fileoutparam<1:1>
Aug-23 12:15:57.872 [Actor Thread 214] INFO  nextflow.processor.TaskProcessor - [dd/14de6a] Cached process > BAM_PROCESSING:BP_SAMTOOLS_VIEW_MQ (AF014_library-1)
Aug-23 12:15:57.873 [Actor Thread 185] DEBUG nextflow.processor.TaskProcessor - Process BAM_PROCESSING:BP_SAMTOOLS_MERGE_LIB_INDEX > Skipping output binding because one or more optional files are missing: fileoutparam<1:1>
Aug-23 12:15:57.873 [Actor Thread 200] DEBUG nextflow.processor.TaskProcessor - Process MICROBIAL_SCREENING:MS_RAW_BAM_INDEX > Skipping output binding because one or more optional files are missing: fileoutparam<2:1>
Aug-23 12:15:57.874 [Actor Thread 185] DEBUG nextflow.processor.TaskProcessor - Process BAM_PROCESSING:BP_SAMTOOLS_MERGE_LIB_INDEX > Skipping output binding because one or more optional files are missing: fileoutparam<2:1>
Aug-23 12:15:57.875 [Actor Thread 233] INFO  nextflow.processor.TaskProcessor - [db/db5c33] Cached process > BAM_PROCESSING:BP_SAMTOOLS_MERGE_LIB_INDEX (AF047D_library-1)
Aug-23 12:15:57.875 [Actor Thread 191] INFO  nextflow.processor.TaskProcessor - [27/dc83d3] Cached process > BAM_PROCESSING:BP_SAMTOOLS_MERGE_LIB_INDEX (AF042_library-1)
Aug-23 12:15:57.875 [Actor Thread 211] INFO  nextflow.processor.TaskProcessor - [72/bafd1a] Cached process > MICROBIAL_SCREENING:MS_RAW_BAM_INDEX (AF049_library-1_L005)
Aug-23 12:15:57.875 [Actor Thread 203] INFO  nextflow.processor.TaskProcessor - [0f/707bb5] Cached process > RAW_BAM_QC:RBQC_AMBER (AF014D_library-1_L002)
Aug-23 12:15:57.876 [Actor Thread 250] INFO  nextflow.processor.TaskProcessor - [e2/4cda17] Cached process > PROCESSED_BAM_QC:PBQC_FLAGSTAT_MERGED_BAM_LIB (AF014D_library-1)
Aug-23 12:15:57.876 [Actor Thread 204] DEBUG nextflow.processor.TaskProcessor - Process RAW_BAM_QC:RBQC_AMBER > Skipping output binding because one or more optional files are missing: fileoutparam<0:1>
Aug-23 12:15:57.879 [Actor Thread 178] INFO  nextflow.processor.TaskProcessor - [01/9d547c] Cached process > BAM_PROCESSING:BP_SAMTOOLS_VIEW_MQ (AF047D_library-1)
Aug-23 12:15:57.879 [Actor Thread 197] DEBUG nextflow.processor.TaskProcessor - Process MICROBIAL_SCREENING:MS_RAW_BAM_INDEX > Skipping output binding because one or more optional files are missing: fileoutparam<1:1>
Aug-23 12:15:57.880 [Actor Thread 233] DEBUG nextflow.processor.TaskProcessor - Process BAM_PROCESSING:BP_SAMTOOLS_MERGE_LIB_INDEX > Skipping output binding because one or more optional files are missing: fileoutparam<1:1>
Aug-23 12:15:57.880 [Actor Thread 197] DEBUG nextflow.processor.TaskProcessor - Process MICROBIAL_SCREENING:MS_RAW_BAM_INDEX > Skipping output binding because one or more optional files are missing: fileoutparam<2:1>
Aug-23 12:15:57.881 [Actor Thread 233] DEBUG nextflow.processor.TaskProcessor - Process BAM_PROCESSING:BP_SAMTOOLS_MERGE_LIB_INDEX > Skipping output binding because one or more optional files are missing: fileoutparam<2:1>
Aug-23 12:15:57.883 [Actor Thread 224] INFO  nextflow.processor.TaskProcessor - [36/a56236] Cached process > RAW_BAM_QC:RBQC_AMBER (AF042_library-1_L005)
Aug-23 12:15:57.887 [Actor Thread 186] INFO  nextflow.processor.TaskProcessor - [2e/8235b8] Cached process > MICROBIAL_SCREENING:MS_RAW_BAM_INDEX (AF049D_library-1_L002)
Aug-23 12:15:57.887 [Actor Thread 184] INFO  nextflow.processor.TaskProcessor - [9e/8fd590] Cached process > MICROBIAL_SCREENING:MS_RAW_BAM_INDEX (AF047_library-1_L005)
Aug-23 12:15:57.888 [Actor Thread 230] DEBUG nextflow.processor.TaskProcessor - Process MICROBIAL_SCREENING:MS_RAW_BAM_INDEX > Skipping output binding because one or more optional files are missing: fileoutparam<1:1>
Aug-23 12:15:57.888 [Actor Thread 202] INFO  nextflow.processor.TaskProcessor - [6c/23ec42] Cached process > BAM_PROCESSING:BP_SAMTOOLS_MERGE_LIB_INDEX (AF042D_library-1)
Aug-23 12:15:57.888 [Actor Thread 191] DEBUG nextflow.processor.TaskProcessor - Process BAM_PROCESSING:BP_SAMTOOLS_MERGE_LIB_INDEX > Skipping output binding because one or more optional files are missing: fileoutparam<1:1>
Aug-23 12:15:57.889 [Actor Thread 230] DEBUG nextflow.processor.TaskProcessor - Process MICROBIAL_SCREENING:MS_RAW_BAM_INDEX > Skipping output binding because one or more optional files are missing: fileoutparam<2:1>
Aug-23 12:15:57.890 [Actor Thread 191] DEBUG nextflow.processor.TaskProcessor - Process BAM_PROCESSING:BP_SAMTOOLS_MERGE_LIB_INDEX > Skipping output binding because one or more optional files are missing: fileoutparam<2:1>
Aug-23 12:15:57.892 [Actor Thread 252] INFO  nextflow.processor.TaskProcessor - [4d/650455] Cached process > RAW_BAM_QC:RBQC_CREATE_AMBER_SAMPLESHEET (AF048D_library-1_L002)
Aug-23 12:15:57.897 [Actor Thread 202] DEBUG nextflow.processor.TaskProcessor - Process BAM_PROCESSING:BP_SAMTOOLS_MERGE_LIB_INDEX > Skipping output binding because one or more optional files are missing: fileoutparam<1:1>
Aug-23 12:15:57.897 [Actor Thread 198] DEBUG nextflow.processor.TaskProcessor - Process MICROBIAL_SCREENING:MS_RAW_BAM_INDEX > Skipping output binding because one or more optional files are missing: fileoutparam<1:1>
Aug-23 12:15:57.898 [Actor Thread 253] INFO  nextflow.processor.TaskProcessor - [8f/b3d7a7] Cached process > BAM_PROCESSING:BP_SAMTOOLS_MERGE_LIB_INDEX (AF014_library-1)
Aug-23 12:15:57.899 [Actor Thread 202] DEBUG nextflow.processor.TaskProcessor - Process BAM_PROCESSING:BP_SAMTOOLS_MERGE_LIB_INDEX > Skipping output binding because one or more optional files are missing: fileoutparam<2:1>
Aug-23 12:15:57.899 [Actor Thread 198] DEBUG nextflow.processor.TaskProcessor - Process MICROBIAL_SCREENING:MS_RAW_BAM_INDEX > Skipping output binding because one or more optional files are missing: fileoutparam<2:1>
Aug-23 12:15:57.902 [Actor Thread 246] INFO  nextflow.processor.TaskProcessor - [d8/74ef7b] Cached process > BAM_PROCESSING:BP_SAMTOOLS_VIEW_MQ_INDEX (AF014D_library-1)
Aug-23 12:15:57.906 [Actor Thread 253] DEBUG nextflow.processor.TaskProcessor - Process BAM_PROCESSING:BP_SAMTOOLS_MERGE_LIB_INDEX > Skipping output binding because one or more optional files are missing: fileoutparam<1:1>
Aug-23 12:15:57.907 [Actor Thread 243] INFO  nextflow.processor.TaskProcessor - [55/37684e] Cached process > BAM_PROCESSING:BP_SAMTOOLS_VIEW_MQ_INDEX (AF049_library-1)
Aug-23 12:15:57.908 [Actor Thread 244] INFO  nextflow.processor.TaskProcessor - [95/4f1672] Cached process > BAM_PROCESSING:BP_SAMREMOVEDUP_LIB (AF049_library-1)
Aug-23 12:15:57.909 [Actor Thread 181] INFO  nextflow.processor.TaskProcessor - [9c/7bec98] Cached process > BAM_PROCESSING:BP_SAMTOOLS_VIEW_SUBSAMPLE (AF014D_library-1)
Aug-23 12:15:57.910 [Actor Thread 251] INFO  nextflow.processor.TaskProcessor - [a7/6fe345] Cached process > BAM_PROCESSING:BP_SAMREMOVEDUP_LIB (AF014D_library-1)
Aug-23 12:15:57.911 [Actor Thread 232] INFO  nextflow.processor.TaskProcessor - [c3/577fb9] Cached process > RAW_BAM_QC:RBQC_MULTIQC_BAM
Aug-23 12:15:57.913 [Actor Thread 212] DEBUG nextflow.processor.TaskProcessor - Process MICROBIAL_SCREENING:MS_RAW_BAM_INDEX > Skipping output binding because one or more optional files are missing: fileoutparam<1:1>
Aug-23 12:15:57.915 [Actor Thread 199] INFO  nextflow.processor.TaskProcessor - [34/b2bf1d] Cached process > BAM_PROCESSING:BP_SAMTOOLS_VIEW_SUBSAMPLE (AF049_library-1)
Aug-23 12:15:57.920 [Actor Thread 218] INFO  nextflow.processor.TaskProcessor - [18/c61851] Cached process > PROCESSED_BAM_QC:PBQC_FLAGSTAT_MERGED_BAM_LIB (AF049_library-1)
Aug-23 12:15:57.922 [Actor Thread 229] INFO  nextflow.processor.TaskProcessor - [f9/49c595] Cached process > PROCESSED_BAM_QC:PBQC_FLAGSTAT_MERGED_BAM_LIB (AF049D_library-1)
Aug-23 12:15:57.923 [Actor Thread 212] DEBUG nextflow.processor.TaskProcessor - Process MICROBIAL_SCREENING:MS_RAW_BAM_INDEX > Skipping output binding because one or more optional files are missing: fileoutparam<2:1>
Aug-23 12:15:57.923 [Actor Thread 182] INFO  nextflow.processor.TaskProcessor - [45/7f37d1] Cached process > BAM_PROCESSING:BP_SAMREMOVEDUP_LIB (EX1_library-1)
Aug-23 12:15:57.924 [Actor Thread 253] DEBUG nextflow.processor.TaskProcessor - Process BAM_PROCESSING:BP_SAMTOOLS_MERGE_LIB_INDEX > Skipping output binding because one or more optional files are missing: fileoutparam<2:1>
Aug-23 12:15:57.926 [Actor Thread 213] INFO  nextflow.processor.TaskProcessor - [d0/486307] Cached process > BAM_PROCESSING:BP_SAMREMOVEDUP_LIB (AF048D_library-1)
Aug-23 12:15:57.926 [Actor Thread 194] INFO  nextflow.processor.TaskProcessor - [f4/a6aff4] Cached process > PROCESSED_BAM_QC:PBQC_FLAGSTAT_MERGED_BAM_LIB (AF048D_library-1)
Aug-23 12:15:57.927 [Actor Thread 246] DEBUG nextflow.processor.TaskProcessor - Process BAM_PROCESSING:BP_SAMTOOLS_VIEW_MQ_INDEX > Skipping output binding because one or more optional files are missing: fileoutparam<1:1>
Aug-23 12:15:57.927 [Actor Thread 246] DEBUG nextflow.processor.TaskProcessor - Process BAM_PROCESSING:BP_SAMTOOLS_VIEW_MQ_INDEX > Skipping output binding because one or more optional files are missing: fileoutparam<2:1>
Aug-23 12:15:57.928 [Actor Thread 232] DEBUG nextflow.processor.TaskProcessor - Process RAW_BAM_QC:RBQC_MULTIQC_BAM > Skipping output binding because one or more optional files are missing: fileoutparam<2>
Aug-23 12:15:57.928 [Actor Thread 215] INFO  nextflow.processor.TaskProcessor - [c2/ad0687] Cached process > BAM_PROCESSING:BP_SAMTOOLS_VIEW_SUBSAMPLE (EX1_library-1)
Aug-23 12:15:57.933 [Actor Thread 206] INFO  nextflow.processor.TaskProcessor - [af/807ece] Cached process > PROCESSED_BAM_QC:PBQC_FLAGSTAT_MERGED_BAM_LIB (EX1_library-1)
Aug-23 12:15:57.932 [Actor Thread 184] DEBUG nextflow.processor.TaskProcessor - Process MICROBIAL_SCREENING:MS_RAW_BAM_INDEX > Skipping output binding because one or more optional files are missing: fileoutparam<1:1>
Aug-23 12:15:57.935 [Actor Thread 184] DEBUG nextflow.processor.TaskProcessor - Process MICROBIAL_SCREENING:MS_RAW_BAM_INDEX > Skipping output binding because one or more optional files are missing: fileoutparam<2:1>
Aug-23 12:15:57.935 [Actor Thread 243] DEBUG nextflow.processor.TaskProcessor - Process BAM_PROCESSING:BP_SAMTOOLS_VIEW_MQ_INDEX > Skipping output binding because one or more optional files are missing: fileoutparam<1:1>
Aug-23 12:15:57.936 [Actor Thread 243] DEBUG nextflow.processor.TaskProcessor - Process BAM_PROCESSING:BP_SAMTOOLS_VIEW_MQ_INDEX > Skipping output binding because one or more optional files are missing: fileoutparam<2:1>
Aug-23 12:15:57.938 [Actor Thread 209] INFO  nextflow.processor.TaskProcessor - [bd/eedc92] Cached process > BAM_PROCESSING:BP_SAMREMOVEDUP_LIB (AF047_library-1)
Aug-23 12:15:57.938 [Actor Thread 176] INFO  nextflow.processor.TaskProcessor - [08/b31ede] Cached process > BAM_PROCESSING:BP_SAMTOOLS_VIEW_MQ_INDEX (EX1_library-1)
Aug-23 12:15:57.939 [Actor Thread 245] INFO  nextflow.processor.TaskProcessor - [34/ea9e02] Cached process > BAM_PROCESSING:BP_SAMTOOLS_VIEW_MQ_INDEX (AF048D_library-1)
Aug-23 12:15:57.939 [Actor Thread 201] INFO  nextflow.processor.TaskProcessor - [c8/cfef39] Cached process > BAM_PROCESSING:BP_SAMTOOLS_VIEW_MQ_INDEX (AF047_library-1)
Aug-23 12:15:57.942 [Actor Thread 216] INFO  nextflow.processor.TaskProcessor - [7f/8e25a3] Cached process > BAM_PROCESSING:BP_SAMREMOVEDUP_LIB (AF049D_library-1)
Aug-23 12:15:57.969 [Actor Thread 237] INFO  nextflow.processor.TaskProcessor - [52/137480] Cached process > BAM_PROCESSING:BP_SAMTOOLS_VIEW_SUBSAMPLE (AF049D_library-1)
Aug-23 12:15:57.971 [Actor Thread 186] DEBUG nextflow.processor.TaskProcessor - Process MICROBIAL_SCREENING:MS_RAW_BAM_INDEX > Skipping output binding because one or more optional files are missing: fileoutparam<1:1>
Aug-23 12:15:57.974 [Actor Thread 186] DEBUG nextflow.processor.TaskProcessor - Process MICROBIAL_SCREENING:MS_RAW_BAM_INDEX > Skipping output binding because one or more optional files are missing: fileoutparam<2:1>
Aug-23 12:15:57.974 [Actor Thread 176] DEBUG nextflow.processor.TaskProcessor - Process BAM_PROCESSING:BP_SAMTOOLS_VIEW_MQ_INDEX > Skipping output binding because one or more optional files are missing: fileoutparam<1:1>
Aug-23 12:15:57.974 [Actor Thread 248] INFO  nextflow.processor.TaskProcessor - [ed/57b8e0] Cached process > BAM_PROCESSING:BP_SAMTOOLS_VIEW_SUBSAMPLE (AF042_library-1)
Aug-23 12:15:57.974 [Actor Thread 173] INFO  nextflow.processor.TaskProcessor - [88/d9e2ed] Cached process > BAM_PROCESSING:BP_SAMREMOVEDUP_LIB (AF042_library-1)
Aug-23 12:15:57.975 [Actor Thread 176] DEBUG nextflow.processor.TaskProcessor - Process BAM_PROCESSING:BP_SAMTOOLS_VIEW_MQ_INDEX > Skipping output binding because one or more optional files are missing: fileoutparam<2:1>
Aug-23 12:15:57.980 [Actor Thread 193] INFO  nextflow.processor.TaskProcessor - [dd/ca4740] Cached process > PROCESSED_BAM_QC:PBQC_FLAGSTAT_MERGED_BAM_LIB (AF048_library-1)
Aug-23 12:15:57.980 [Actor Thread 257] INFO  nextflow.processor.TaskProcessor - [57/40c598] Cached process > PROCESSED_BAM_QC:PBQC_FLAGSTAT_MERGED_BAM_LIB (AF047_library-1)
Aug-23 12:15:57.980 [Actor Thread 238] INFO  nextflow.processor.TaskProcessor - [ce/7097d7] Cached process > BAM_PROCESSING:BP_SAMTOOLS_VIEW_SUBSAMPLE (AF047_library-1)
Aug-23 12:15:57.980 [Actor Thread 183] INFO  nextflow.processor.TaskProcessor - [a1/25159f] Cached process > BAM_PROCESSING:BP_SAMTOOLS_VIEW_SUBSAMPLE (AF048D_library-1)
Aug-23 12:15:57.981 [Actor Thread 211] DEBUG nextflow.processor.TaskProcessor - Process MICROBIAL_SCREENING:MS_RAW_BAM_INDEX > Skipping output binding because one or more optional files are missing: fileoutparam<1:1>
Aug-23 12:15:57.981 [Actor Thread 175] INFO  nextflow.processor.TaskProcessor - [72/20606a] Cached process > BAM_PROCESSING:BP_SAMTOOLS_VIEW_MQ_INDEX (AF049D_library-1)
Aug-23 12:15:57.982 [Actor Thread 189] INFO  nextflow.processor.TaskProcessor - [1a/1c7040] Cached process > BAM_PROCESSING:BP_SAMTOOLS_VIEW_SUBSAMPLE (AF048_library-1)
Aug-23 12:15:57.982 [Actor Thread 201] DEBUG nextflow.processor.TaskProcessor - Process BAM_PROCESSING:BP_SAMTOOLS_VIEW_MQ_INDEX > Skipping output binding because one or more optional files are missing: fileoutparam<1:1>
Aug-23 12:15:57.982 [Actor Thread 211] DEBUG nextflow.processor.TaskProcessor - Process MICROBIAL_SCREENING:MS_RAW_BAM_INDEX > Skipping output binding because one or more optional files are missing: fileoutparam<2:1>
Aug-23 12:15:57.982 [Actor Thread 200] INFO  nextflow.processor.TaskProcessor - [6f/32bdec] Cached process > PROCESSED_BAM_QC:PBQC_FLAGSTAT_MERGED_BAM_LIB (AF042_library-1)
Aug-23 12:15:57.983 [Actor Thread 201] DEBUG nextflow.processor.TaskProcessor - Process BAM_PROCESSING:BP_SAMTOOLS_VIEW_MQ_INDEX > Skipping output binding because one or more optional files are missing: fileoutparam<2:1>
Aug-23 12:15:57.984 [Actor Thread 223] INFO  nextflow.processor.TaskProcessor - [ca/0e829f] Cached process > BAM_PROCESSING:BP_SAMTOOLS_VIEW_MQ_INDEX (AF042_library-1)
Aug-23 12:15:57.986 [Actor Thread 208] INFO  nextflow.processor.TaskProcessor - [17/a1c59a] Cached process > BAM_PROCESSING:BP_SAMTOOLS_VIEW_SUBSAMPLE (AF014_library-1)
Aug-23 12:15:57.988 [Actor Thread 219] INFO  nextflow.processor.TaskProcessor - [35/0dceb8] Cached process > PROCESSED_BAM_QC:PBQC_FLAGSTAT_MERGED_BAM_LIB (AF042D_library-1)
Aug-23 12:15:57.989 [Actor Thread 221] INFO  nextflow.processor.TaskProcessor - [a3/e76c18] Cached process > BAM_PROCESSING:BP_SAMTOOLS_VIEW_MQ_INDEX (AF042D_library-1)
Aug-23 12:15:57.990 [Actor Thread 245] DEBUG nextflow.processor.TaskProcessor - Process BAM_PROCESSING:BP_SAMTOOLS_VIEW_MQ_INDEX > Skipping output binding because one or more optional files are missing: fileoutparam<1:1>
Aug-23 12:15:57.991 [Actor Thread 166] INFO  nextflow.processor.TaskProcessor - [ce/f092f6] Cached process > PROCESSED_BAM_QC:PBQC_FLAGSTAT_MERGED_BAM_LIB (AF047D_library-1)
Aug-23 12:15:57.991 [Actor Thread 245] DEBUG nextflow.processor.TaskProcessor - Process BAM_PROCESSING:BP_SAMTOOLS_VIEW_MQ_INDEX > Skipping output binding because one or more optional files are missing: fileoutparam<2:1>
Aug-23 12:15:57.992 [Actor Thread 207] INFO  nextflow.processor.TaskProcessor - [3e/ffbcdb] Cached process > BAM_PROCESSING:BP_SAMTOOLS_VIEW_SUBSAMPLE (AF042D_library-1)
Aug-23 12:15:57.992 [Actor Thread 235] INFO  nextflow.processor.TaskProcessor - [61/e8813c] Cached process > BAM_PROCESSING:BP_SAMREMOVEDUP_LIB (AF042D_library-1)
Aug-23 12:15:57.992 [Actor Thread 180] INFO  nextflow.processor.TaskProcessor - [54/82a01b] Cached process > BAM_PROCESSING:BP_SAMREMOVEDUP_LIB (AF014_library-1)
Aug-23 12:15:57.993 [Actor Thread 168] INFO  nextflow.processor.TaskProcessor - [ff/492c21] Cached process > BAM_PROCESSING:BP_SAMTOOLS_VIEW_MQ_INDEX (AF048_library-1)
Aug-23 12:15:57.999 [Actor Thread 221] DEBUG nextflow.processor.TaskProcessor - Process BAM_PROCESSING:BP_SAMTOOLS_VIEW_MQ_INDEX > Skipping output binding because one or more optional files are missing: fileoutparam<1:1>
Aug-23 12:15:58.002 [Actor Thread 221] DEBUG nextflow.processor.TaskProcessor - Process BAM_PROCESSING:BP_SAMTOOLS_VIEW_MQ_INDEX > Skipping output binding because one or more optional files are missing: fileoutparam<2:1>
Aug-23 12:15:58.008 [Actor Thread 205] INFO  nextflow.processor.TaskProcessor - [9b/30874b] Cached process > BAM_PROCESSING:BP_SAMTOOLS_VIEW_MQ_INDEX (AF047D_library-1)
Aug-23 12:15:58.011 [Actor Thread 195] INFO  nextflow.processor.TaskProcessor - [6d/411ab0] Cached process > BAM_PROCESSING:BP_SAMTOOLS_VIEW_SUBSAMPLE (AF047D_library-1)
Aug-23 12:15:58.013 [Actor Thread 231] INFO  nextflow.processor.TaskProcessor - [cc/64ab39] Cached process > BAM_PROCESSING:BP_SAMTOOLS_VIEW_MQ_INDEX (AF014_library-1)
Aug-23 12:15:58.013 [Actor Thread 223] DEBUG nextflow.processor.TaskProcessor - Process BAM_PROCESSING:BP_SAMTOOLS_VIEW_MQ_INDEX > Skipping output binding because one or more optional files are missing: fileoutparam<1:1>
Aug-23 12:15:58.014 [Actor Thread 223] DEBUG nextflow.processor.TaskProcessor - Process BAM_PROCESSING:BP_SAMTOOLS_VIEW_MQ_INDEX > Skipping output binding because one or more optional files are missing: fileoutparam<2:1>
Aug-23 12:15:58.015 [Actor Thread 241] INFO  nextflow.processor.TaskProcessor - [a0/f174dc] Cached process > MICROBIAL_SCREENING:MS_SAMTOOLS_MERGE_SAMPLE (AF048D)
Aug-23 12:15:58.021 [Actor Thread 241] DEBUG nextflow.processor.TaskProcessor - Process MICROBIAL_SCREENING:MS_SAMTOOLS_MERGE_SAMPLE > Skipping output binding because one or more optional files are missing: fileoutparam<1:1>
Aug-23 12:15:58.021 [Actor Thread 175] DEBUG nextflow.processor.TaskProcessor - Process BAM_PROCESSING:BP_SAMTOOLS_VIEW_MQ_INDEX > Skipping output binding because one or more optional files are missing: fileoutparam<1:1>
Aug-23 12:15:58.022 [Actor Thread 241] DEBUG nextflow.processor.TaskProcessor - Process MICROBIAL_SCREENING:MS_SAMTOOLS_MERGE_SAMPLE > Skipping output binding because one or more optional files are missing: fileoutparam<2:1>
Aug-23 12:15:58.022 [Actor Thread 175] DEBUG nextflow.processor.TaskProcessor - Process BAM_PROCESSING:BP_SAMTOOLS_VIEW_MQ_INDEX > Skipping output binding because one or more optional files are missing: fileoutparam<2:1>
Aug-23 12:15:58.022 [Actor Thread 241] DEBUG nextflow.processor.TaskProcessor - Process MICROBIAL_SCREENING:MS_SAMTOOLS_MERGE_SAMPLE > Skipping output binding because one or more optional files are missing: fileoutparam<3:1>
Aug-23 12:15:58.023 [Actor Thread 214] INFO  nextflow.processor.TaskProcessor - [46/403bf6] Cached process > RAW_BAM_QC:RBQC_AMBER (AF048D_library-1_L002)
Aug-23 12:15:58.024 [Actor Thread 247] INFO  nextflow.processor.TaskProcessor - [62/395508] Cached process > BAM_PROCESSING:BP_CREATE_AMBER_SAMPLESHEET (EX1_library-1)
Aug-23 12:15:58.025 [Actor Thread 230] INFO  nextflow.processor.TaskProcessor - [c9/ff466b] Cached process > PROCESSED_BAM_QC:PBQC_FLAGSTAT_MERGED_BAM_LIB (AF014_library-1)
Aug-23 12:15:58.029 [Actor Thread 231] DEBUG nextflow.processor.TaskProcessor - Process BAM_PROCESSING:BP_SAMTOOLS_VIEW_MQ_INDEX > Skipping output binding because one or more optional files are missing: fileoutparam<1:1>
Aug-23 12:15:58.030 [Actor Thread 231] DEBUG nextflow.processor.TaskProcessor - Process BAM_PROCESSING:BP_SAMTOOLS_VIEW_MQ_INDEX > Skipping output binding because one or more optional files are missing: fileoutparam<2:1>
Aug-23 12:15:58.031 [Actor Thread 199] INFO  nextflow.processor.TaskProcessor - [f9/22d08f] Cached process > BAM_PROCESSING:BP_CREATE_AMBER_SAMPLESHEET (AF049_library-1)
Aug-23 12:15:58.031 [Actor Thread 227] INFO  nextflow.processor.TaskProcessor - [a2/6b0c8a] Cached process > BAM_PROCESSING:BP_SAMREMOVEDUP_LIB (AF048_library-1)
Aug-23 12:15:58.034 [Actor Thread 226] INFO  nextflow.processor.TaskProcessor - [76/043c65] Cached process > MICROBIAL_SCREENING:MS_SAMTOOLS_MERGE_SAMPLE (EX1)
Aug-23 12:15:58.036 [Actor Thread 205] DEBUG nextflow.processor.TaskProcessor - Process BAM_PROCESSING:BP_SAMTOOLS_VIEW_MQ_INDEX > Skipping output binding because one or more optional files are missing: fileoutparam<1:1>
Aug-23 12:15:58.037 [Actor Thread 205] DEBUG nextflow.processor.TaskProcessor - Process BAM_PROCESSING:BP_SAMTOOLS_VIEW_MQ_INDEX > Skipping output binding because one or more optional files are missing: fileoutparam<2:1>
Aug-23 12:15:58.038 [Actor Thread 249] INFO  nextflow.processor.TaskProcessor - [d9/5b33cf] Cached process > MICROBIAL_SCREENING:MS_SAMTOOLS_MERGE_SAMPLE (AF014)
Aug-23 12:15:58.038 [Actor Thread 239] INFO  nextflow.processor.TaskProcessor - [31/d0f7e5] Cached process > BAM_PROCESSING:BP_CREATE_AMBER_SAMPLESHEET (AF049D_library-1)
Aug-23 12:15:58.040 [Actor Thread 170] INFO  nextflow.processor.TaskProcessor - [b2/b625b9] Cached process > MICROBIAL_SCREENING:MS_SAMTOOLS_MERGE_SAMPLE (AF042D)
Aug-23 12:15:58.042 [Actor Thread 204] INFO  nextflow.processor.TaskProcessor - [8e/243757] Cached process > BAM_PROCESSING:BP_SAMREMOVEDUP_LIB_INDEX (AF014D_library-1)
Aug-23 12:15:58.042 [Actor Thread 203] INFO  nextflow.processor.TaskProcessor - [68/4a6d79] Cached process > PROCESSED_BAM_QC:PBQC_FLAGSTAT_MQ_FILTERED_BAM (AF014D_library-1)
Aug-23 12:15:58.042 [Actor Thread 188] INFO  nextflow.processor.TaskProcessor - [12/9081c6] Cached process > MICROBIAL_SCREENING:MS_SAMTOOLS_MERGE_SAMPLE (AF047)
Aug-23 12:15:58.043 [Actor Thread 226] DEBUG nextflow.processor.TaskProcessor - Process MICROBIAL_SCREENING:MS_SAMTOOLS_MERGE_SAMPLE > Skipping output binding because one or more optional files are missing: fileoutparam<1:1>
Aug-23 12:15:58.043 [Actor Thread 198] INFO  nextflow.processor.TaskProcessor - [60/c9dad0] Cached process > BAM_PROCESSING:BP_SAMREMOVEDUP_LIB_INDEX (EX1_library-1)
Aug-23 12:15:58.044 [Actor Thread 179] INFO  nextflow.processor.TaskProcessor - [60/c359e1] Cached process > MICROBIAL_SCREENING:MS_SAMTOOLS_MERGE_SAMPLE (AF042)
Aug-23 12:15:58.044 [Actor Thread 226] DEBUG nextflow.processor.TaskProcessor - Process MICROBIAL_SCREENING:MS_SAMTOOLS_MERGE_SAMPLE > Skipping output binding because one or more optional files are missing: fileoutparam<2:1>
Aug-23 12:15:58.044 [Actor Thread 202] INFO  nextflow.processor.TaskProcessor - [5f/1f8c54] Cached process > PROCESSED_BAM_QC:PBQC_FLAGSTAT_MQ_FILTERED_BAM (AF049_library-1)
Aug-23 12:15:58.045 [Actor Thread 226] DEBUG nextflow.processor.TaskProcessor - Process MICROBIAL_SCREENING:MS_SAMTOOLS_MERGE_SAMPLE > Skipping output binding because one or more optional files are missing: fileoutparam<3:1>
Aug-23 12:15:58.045 [Actor Thread 168] DEBUG nextflow.processor.TaskProcessor - Process BAM_PROCESSING:BP_SAMTOOLS_VIEW_MQ_INDEX > Skipping output binding because one or more optional files are missing: fileoutparam<1:1>
Aug-23 12:15:58.045 [Actor Thread 246] INFO  nextflow.processor.TaskProcessor - [59/255695] Cached process > BAM_PROCESSING:BP_CREATE_AMBER_SAMPLESHEET (AF042_library-1)
Aug-23 12:15:58.046 [Actor Thread 217] INFO  nextflow.processor.TaskProcessor - [98/4668c6] Cached process > BAM_PROCESSING:BP_SAMREMOVEDUP_LIB (AF047D_library-1)
Aug-23 12:15:58.046 [Actor Thread 196] INFO  nextflow.processor.TaskProcessor - [f9/83ab90] Cached process > MICROBIAL_SCREENING:MS_SAMTOOLS_MERGE_SAMPLE (AF047D)
Aug-23 12:15:58.046 [Actor Thread 168] DEBUG nextflow.processor.TaskProcessor - Process BAM_PROCESSING:BP_SAMTOOLS_VIEW_MQ_INDEX > Skipping output binding because one or more optional files are missing: fileoutparam<2:1>
Aug-23 12:15:58.046 [Actor Thread 254] INFO  nextflow.processor.TaskProcessor - [c0/3cd4ef] Cached process > MICROBIAL_SCREENING:MS_SAMTOOLS_MERGE_SAMPLE (AF049D)
Aug-23 12:15:58.047 [Actor Thread 174] INFO  nextflow.processor.TaskProcessor - [b2/bcf251] Cached process > BAM_PROCESSING:BP_CREATE_AMBER_SAMPLESHEET (AF014D_library-1)
Aug-23 12:15:58.048 [Actor Thread 204] DEBUG nextflow.processor.TaskProcessor - Process BAM_PROCESSING:BP_SAMREMOVEDUP_LIB_INDEX > Skipping output binding because one or more optional files are missing: fileoutparam<1:1>
Aug-23 12:15:58.049 [Actor Thread 165] INFO  nextflow.processor.TaskProcessor - [f5/2ef454] Cached process > MICROBIAL_SCREENING:MS_SAMTOOLS_MERGE_SAMPLE (AF014D)
Aug-23 12:15:58.049 [Actor Thread 204] DEBUG nextflow.processor.TaskProcessor - Process BAM_PROCESSING:BP_SAMREMOVEDUP_LIB_INDEX > Skipping output binding because one or more optional files are missing: fileoutparam<2:1>
Aug-23 12:15:58.051 [Actor Thread 224] INFO  nextflow.processor.TaskProcessor - [6d/1a7baf] Cached process > BAM_PROCESSING:BP_SAMREMOVEDUP_LIB_INDEX (AF049_library-1)
Aug-23 12:15:58.052 [Actor Thread 190] INFO  nextflow.processor.TaskProcessor - [7f/758d7b] Cached process > MICROBIAL_SCREENING:MS_SAMTOOLS_MERGE_SAMPLE (AF048)
Aug-23 12:15:58.053 [Actor Thread 179] DEBUG nextflow.processor.TaskProcessor - Process MICROBIAL_SCREENING:MS_SAMTOOLS_MERGE_SAMPLE > Skipping output binding because one or more optional files are missing: fileoutparam<1:1>
Aug-23 12:15:58.053 [Actor Thread 173] INFO  nextflow.processor.TaskProcessor - [7b/4a8a75] Cached process > BAM_PROCESSING:BP_CREATE_AMBER_SAMPLESHEET (AF047_library-1)
Aug-23 12:15:58.054 [Actor Thread 179] DEBUG nextflow.processor.TaskProcessor - Process MICROBIAL_SCREENING:MS_SAMTOOLS_MERGE_SAMPLE > Skipping output binding because one or more optional files are missing: fileoutparam<2:1>
Aug-23 12:15:58.055 [Actor Thread 179] DEBUG nextflow.processor.TaskProcessor - Process MICROBIAL_SCREENING:MS_SAMTOOLS_MERGE_SAMPLE > Skipping output binding because one or more optional files are missing: fileoutparam<3:1>
Aug-23 12:15:58.056 [Actor Thread 198] DEBUG nextflow.processor.TaskProcessor - Process BAM_PROCESSING:BP_SAMREMOVEDUP_LIB_INDEX > Skipping output binding because one or more optional files are missing: fileoutparam<1:1>
Aug-23 12:15:58.057 [Actor Thread 232] INFO  nextflow.processor.TaskProcessor - [ff/fe906c] Cached process > BAM_PROCESSING:BP_CREATE_AMBER_SAMPLESHEET (AF042D_library-1)
Aug-23 12:15:58.057 [Actor Thread 198] DEBUG nextflow.processor.TaskProcessor - Process BAM_PROCESSING:BP_SAMREMOVEDUP_LIB_INDEX > Skipping output binding because one or more optional files are missing: fileoutparam<2:1>
Aug-23 12:15:58.059 [Actor Thread 245] INFO  nextflow.processor.TaskProcessor - [a1/5c92c6] Cached process > BAM_PROCESSING:BP_CREATE_AMBER_SAMPLESHEET (AF048D_library-1)
Aug-23 12:15:58.063 [Actor Thread 188] DEBUG nextflow.processor.TaskProcessor - Process MICROBIAL_SCREENING:MS_SAMTOOLS_MERGE_SAMPLE > Skipping output binding because one or more optional files are missing: fileoutparam<1:1>
Aug-23 12:15:58.063 [Actor Thread 176] INFO  nextflow.processor.TaskProcessor - [89/8d4b06] Cached process > PROCESSED_BAM_QC:PBQC_FLAGSTAT_MQ_FILTERED_BAM (AF047_library-1)
Aug-23 12:15:58.064 [Actor Thread 188] DEBUG nextflow.processor.TaskProcessor - Process MICROBIAL_SCREENING:MS_SAMTOOLS_MERGE_SAMPLE > Skipping output binding because one or more optional files are missing: fileoutparam<2:1>
Aug-23 12:15:58.064 [Actor Thread 224] DEBUG nextflow.processor.TaskProcessor - Process BAM_PROCESSING:BP_SAMREMOVEDUP_LIB_INDEX > Skipping output binding because one or more optional files are missing: fileoutparam<1:1>
Aug-23 12:15:58.065 [Actor Thread 188] DEBUG nextflow.processor.TaskProcessor - Process MICROBIAL_SCREENING:MS_SAMTOOLS_MERGE_SAMPLE > Skipping output binding because one or more optional files are missing: fileoutparam<3:1>
Aug-23 12:15:58.065 [Actor Thread 224] DEBUG nextflow.processor.TaskProcessor - Process BAM_PROCESSING:BP_SAMREMOVEDUP_LIB_INDEX > Skipping output binding because one or more optional files are missing: fileoutparam<2:1>
Aug-23 12:15:58.068 [Actor Thread 201] INFO  nextflow.processor.TaskProcessor - [bb/f1f29d] Cached process > PROCESSED_BAM_QC:PBQC_FLAGSTAT_MQ_FILTERED_BAM (AF048D_library-1)
Aug-23 12:15:58.068 [Actor Thread 178] INFO  nextflow.processor.TaskProcessor - [9c/1feac8] Cached process > PROCESSED_BAM_QC:PBQC_FLAGSTAT_MQ_FILTERED_BAM (EX1_library-1)
Aug-23 12:15:58.070 [Actor Thread 221] INFO  nextflow.processor.TaskProcessor - [e9/b7f1e8] Cached process > BAM_PROCESSING:BP_CREATE_AMBER_SAMPLESHEET (AF047D_library-1)
Aug-23 12:15:58.074 [Actor Thread 170] DEBUG nextflow.processor.TaskProcessor - Process MICROBIAL_SCREENING:MS_SAMTOOLS_MERGE_SAMPLE > Skipping output binding because one or more optional files are missing: fileoutparam<1:1>
Aug-23 12:15:58.075 [Actor Thread 170] DEBUG nextflow.processor.TaskProcessor - Process MICROBIAL_SCREENING:MS_SAMTOOLS_MERGE_SAMPLE > Skipping output binding because one or more optional files are missing: fileoutparam<2:1>
Aug-23 12:15:58.076 [Actor Thread 170] DEBUG nextflow.processor.TaskProcessor - Process MICROBIAL_SCREENING:MS_SAMTOOLS_MERGE_SAMPLE > Skipping output binding because one or more optional files are missing: fileoutparam<3:1>
Aug-23 12:15:58.080 [Actor Thread 252] INFO  nextflow.processor.TaskProcessor - [45/175ffc] Cached process > BAM_PROCESSING:BP_SAMREMOVEDUP_LIB_INDEX (AF047_library-1)
Aug-23 12:15:58.084 [Actor Thread 249] DEBUG nextflow.processor.TaskProcessor - Process MICROBIAL_SCREENING:MS_SAMTOOLS_MERGE_SAMPLE > Skipping output binding because one or more optional files are missing: fileoutparam<1:1>
Aug-23 12:15:58.084 [Actor Thread 249] DEBUG nextflow.processor.TaskProcessor - Process MICROBIAL_SCREENING:MS_SAMTOOLS_MERGE_SAMPLE > Skipping output binding because one or more optional files are missing: fileoutparam<2:1>
Aug-23 12:15:58.085 [Actor Thread 249] DEBUG nextflow.processor.TaskProcessor - Process MICROBIAL_SCREENING:MS_SAMTOOLS_MERGE_SAMPLE > Skipping output binding because one or more optional files are missing: fileoutparam<3:1>
Aug-23 12:15:58.086 [Actor Thread 180] INFO  nextflow.processor.TaskProcessor - [7e/61f09d] Cached process > BAM_PROCESSING:BP_CREATE_AMBER_SAMPLESHEET (AF014_library-1)
Aug-23 12:15:58.087 [Actor Thread 183] INFO  nextflow.processor.TaskProcessor - [30/cc9a82] Cached process > PROCESSED_BAM_QC:PBQC_FLAGSTAT_MQ_FILTERED_BAM (AF042D_library-1)
Aug-23 12:15:58.088 [Actor Thread 252] DEBUG nextflow.processor.TaskProcessor - Process BAM_PROCESSING:BP_SAMREMOVEDUP_LIB_INDEX > Skipping output binding because one or more optional files are missing: fileoutparam<1:1>
Aug-23 12:15:58.088 [Actor Thread 250] INFO  nextflow.processor.TaskProcessor - [66/bb2005] Cached process > BAM_PROCESSING:BP_SAMREMOVEDUP_LIB_INDEX (AF048D_library-1)
Aug-23 12:15:58.088 [Actor Thread 181] INFO  nextflow.processor.TaskProcessor - [4c/81a1e0] Cached process > BAM_PROCESSING:BP_CREATE_AMBER_SAMPLESHEET (AF048_library-1)
Aug-23 12:15:58.089 [Actor Thread 252] DEBUG nextflow.processor.TaskProcessor - Process BAM_PROCESSING:BP_SAMREMOVEDUP_LIB_INDEX > Skipping output binding because one or more optional files are missing: fileoutparam<2:1>
Aug-23 12:15:58.091 [Actor Thread 238] INFO  nextflow.processor.TaskProcessor - [ba/7c6f4c] Cached process > PROCESSED_BAM_QC:PBQC_FLAGSTAT_MQ_FILTERED_BAM (AF042_library-1)
Aug-23 12:15:58.094 [Actor Thread 190] DEBUG nextflow.processor.TaskProcessor - Process MICROBIAL_SCREENING:MS_SAMTOOLS_MERGE_SAMPLE > Skipping output binding because one or more optional files are missing: fileoutparam<1:1>
Aug-23 12:15:58.094 [Actor Thread 228] INFO  nextflow.processor.TaskProcessor - [75/bb6ae4] Cached process > MICROBIAL_SCREENING:MS_SAMTOOLS_MERGE_SAMPLE (AF049)
Aug-23 12:15:58.095 [Actor Thread 190] DEBUG nextflow.processor.TaskProcessor - Process MICROBIAL_SCREENING:MS_SAMTOOLS_MERGE_SAMPLE > Skipping output binding because one or more optional files are missing: fileoutparam<2:1>
Aug-23 12:15:58.096 [Actor Thread 190] DEBUG nextflow.processor.TaskProcessor - Process MICROBIAL_SCREENING:MS_SAMTOOLS_MERGE_SAMPLE > Skipping output binding because one or more optional files are missing: fileoutparam<3:1>
Aug-23 12:15:58.096 [Actor Thread 250] DEBUG nextflow.processor.TaskProcessor - Process BAM_PROCESSING:BP_SAMREMOVEDUP_LIB_INDEX > Skipping output binding because one or more optional files are missing: fileoutparam<1:1>
Aug-23 12:15:58.098 [Actor Thread 250] DEBUG nextflow.processor.TaskProcessor - Process BAM_PROCESSING:BP_SAMREMOVEDUP_LIB_INDEX > Skipping output binding because one or more optional files are missing: fileoutparam<2:1>
Aug-23 12:15:58.105 [Actor Thread 213] INFO  nextflow.processor.TaskProcessor - [35/93868a] Cached process > BAM_PROCESSING:BP_SAMREMOVEDUP_LIB_INDEX (AF049D_library-1)
Aug-23 12:15:58.106 [Actor Thread 165] DEBUG nextflow.processor.TaskProcessor - Process MICROBIAL_SCREENING:MS_SAMTOOLS_MERGE_SAMPLE > Skipping output binding because one or more optional files are missing: fileoutparam<1:1>
Aug-23 12:15:58.107 [Actor Thread 165] DEBUG nextflow.processor.TaskProcessor - Process MICROBIAL_SCREENING:MS_SAMTOOLS_MERGE_SAMPLE > Skipping output binding because one or more optional files are missing: fileoutparam<2:1>
Aug-23 12:15:58.108 [Actor Thread 165] DEBUG nextflow.processor.TaskProcessor - Process MICROBIAL_SCREENING:MS_SAMTOOLS_MERGE_SAMPLE > Skipping output binding because one or more optional files are missing: fileoutparam<3:1>
Aug-23 12:15:58.108 [Actor Thread 220] INFO  nextflow.processor.TaskProcessor - [e2/b77f27] Cached process > BAM_PROCESSING:BP_SAMREMOVEDUP_LIB_INDEX (AF042D_library-1)
Aug-23 12:15:58.108 [Actor Thread 210] INFO  nextflow.processor.TaskProcessor - [0f/dc0d99] Cached process > PROCESSED_BAM_QC:PBQC_FLAGSTAT_MQ_FILTERED_BAM (AF049D_library-1)
Aug-23 12:15:58.109 [Actor Thread 242] INFO  nextflow.processor.TaskProcessor - [6f/dc4fd7] Cached process > MICROBIAL_SCREENING:MS_SAMREMOVEDUP_SAMPLE (AF048D)
Aug-23 12:15:58.110 [Actor Thread 166] INFO  nextflow.processor.TaskProcessor - [13/ff19df] Cached process > PROCESSED_BAM_QC:PBQC_FLAGSTAT_MQ_FILTERED_BAM (AF014_library-1)
Aug-23 12:15:58.112 [Actor Thread 241] INFO  nextflow.processor.TaskProcessor - [8b/83bd5b] Cached process > PROCESSED_BAM_QC:PBQC_FLAGSTAT_MQ_FILTERED_BAM (AF047D_library-1)
Aug-23 12:15:58.112 [Actor Thread 213] DEBUG nextflow.processor.TaskProcessor - Process BAM_PROCESSING:BP_SAMREMOVEDUP_LIB_INDEX > Skipping output binding because one or more optional files are missing: fileoutparam<1:1>
Aug-23 12:15:58.113 [Actor Thread 213] DEBUG nextflow.processor.TaskProcessor - Process BAM_PROCESSING:BP_SAMREMOVEDUP_LIB_INDEX > Skipping output binding because one or more optional files are missing: fileoutparam<2:1>
Aug-23 12:15:58.113 [Actor Thread 229] INFO  nextflow.processor.TaskProcessor - [d1/d8c6e4] Cached process > BAM_PROCESSING:BP_SAMREMOVEDUP_LIB_INDEX (AF042_library-1)
Aug-23 12:15:58.117 [Actor Thread 254] DEBUG nextflow.processor.TaskProcessor - Process MICROBIAL_SCREENING:MS_SAMTOOLS_MERGE_SAMPLE > Skipping output binding because one or more optional files are missing: fileoutparam<1:1>
Aug-23 12:15:58.118 [Actor Thread 254] DEBUG nextflow.processor.TaskProcessor - Process MICROBIAL_SCREENING:MS_SAMTOOLS_MERGE_SAMPLE > Skipping output binding because one or more optional files are missing: fileoutparam<2:1>
Aug-23 12:15:58.118 [Actor Thread 254] DEBUG nextflow.processor.TaskProcessor - Process MICROBIAL_SCREENING:MS_SAMTOOLS_MERGE_SAMPLE > Skipping output binding because one or more optional files are missing: fileoutparam<3:1>
Aug-23 12:15:58.119 [Actor Thread 237] INFO  nextflow.processor.TaskProcessor - [10/b313b3] Cached process > BAM_PROCESSING:BP_AMBER (AF049_library-1)
Aug-23 12:15:58.121 [Actor Thread 229] DEBUG nextflow.processor.TaskProcessor - Process BAM_PROCESSING:BP_SAMREMOVEDUP_LIB_INDEX > Skipping output binding because one or more optional files are missing: fileoutparam<1:1>
Aug-23 12:15:58.122 [Actor Thread 229] DEBUG nextflow.processor.TaskProcessor - Process BAM_PROCESSING:BP_SAMREMOVEDUP_LIB_INDEX > Skipping output binding because one or more optional files are missing: fileoutparam<2:1>
Aug-23 12:15:58.125 [Actor Thread 250] DEBUG nextflow.container.SingularityCache - Apptainer found local store for image=oras://community.wave.seqera.io/library/mapdamage2:2.2.2--8f4bec4a1a18d520; path=/cfs/klemming/projects/supr/museomics_store_2025/bees/virginia/DNAharvester/work/singularity/community.wave.seqera.io-library-mapdamage2-2.2.2--8f4bec4a1a18d520.img
Aug-23 12:15:58.129 [Actor Thread 196] DEBUG nextflow.processor.TaskProcessor - Process MICROBIAL_SCREENING:MS_SAMTOOLS_MERGE_SAMPLE > Skipping output binding because one or more optional files are missing: fileoutparam<1:1>
Aug-23 12:15:58.130 [Actor Thread 196] DEBUG nextflow.processor.TaskProcessor - Process MICROBIAL_SCREENING:MS_SAMTOOLS_MERGE_SAMPLE > Skipping output binding because one or more optional files are missing: fileoutparam<2:1>
Aug-23 12:15:58.131 [Actor Thread 175] INFO  nextflow.processor.TaskProcessor - [14/ef80b6] Cached process > BAM_PROCESSING:BP_AMBER (EX1_library-1)
Aug-23 12:15:58.131 [Actor Thread 196] DEBUG nextflow.processor.TaskProcessor - Process MICROBIAL_SCREENING:MS_SAMTOOLS_MERGE_SAMPLE > Skipping output binding because one or more optional files are missing: fileoutparam<3:1>
Aug-23 12:15:58.134 [Actor Thread 220] DEBUG nextflow.processor.TaskProcessor - Process BAM_PROCESSING:BP_SAMREMOVEDUP_LIB_INDEX > Skipping output binding because one or more optional files are missing: fileoutparam<1:1>
Aug-23 12:15:58.137 [Actor Thread 212] INFO  nextflow.processor.TaskProcessor - [cb/0c68ea] Cached process > BAM_PROCESSING:BP_SAMREMOVEDUP_LIB_INDEX (AF014_library-1)
Aug-23 12:15:58.137 [Actor Thread 211] INFO  nextflow.processor.TaskProcessor - [f1/a5391a] Cached process > BAM_PROCESSING:BP_SAMREMOVEDUP_LIB_INDEX (AF048_library-1)
Aug-23 12:15:58.139 [Actor Thread 219] INFO  nextflow.processor.TaskProcessor - [07/1b4b1c] Cached process > BAM_PROCESSING:BP_AMBER (AF049D_library-1)
Aug-23 12:15:58.140 [Actor Thread 247] INFO  nextflow.processor.TaskProcessor - [10/3b018b] Cached process > PROCESSED_BAM_QC:PBQC_FLAGSTAT_MQ_FILTERED_BAM (AF048_library-1)
Aug-23 12:15:58.143 [Actor Thread 194] INFO  nextflow.processor.TaskProcessor - [82/df35ce] Cached process > MICROBIAL_SCREENING:MS_SAMREMOVEDUP_SAMPLE (AF042)
Aug-23 12:15:58.144 [Actor Thread 208] INFO  nextflow.processor.TaskProcessor - [25/2920e1] Cached process > BAM_PROCESSING:BP_AMBER (AF014D_library-1)
Aug-23 12:15:58.145 [Actor Thread 230] INFO  nextflow.processor.TaskProcessor - [c3/f79f66] Cached process > PROCESSED_BAM_QC:PBQC_FLAGSTAT_DEDUP_LIB (AF014D_library-1)
Aug-23 12:15:58.145 [Actor Thread 189] INFO  nextflow.processor.TaskProcessor - [14/563208] Cached process > MICROBIAL_SCREENING:MS_SAMREMOVEDUP_SAMPLE (EX1)
Aug-23 12:15:58.145 [Actor Thread 220] DEBUG nextflow.processor.TaskProcessor - Process BAM_PROCESSING:BP_SAMREMOVEDUP_LIB_INDEX > Skipping output binding because one or more optional files are missing: fileoutparam<2:1>
Aug-23 12:15:58.148 [Actor Thread 175] DEBUG nextflow.processor.TaskProcessor - Process BAM_PROCESSING:BP_AMBER > Skipping output binding because one or more optional files are missing: fileoutparam<0:1>
Aug-23 12:15:58.150 [Actor Thread 203] INFO  nextflow.processor.TaskProcessor - [f6/90571c] Cached process > PROCESSED_BAM_QC:PBQC_FLAGSTAT_DEDUP_LIB (AF049_library-1)
Aug-23 12:15:58.150 [Actor Thread 174] INFO  nextflow.processor.TaskProcessor - [0f/d537d8] Cached process > PROCESSED_BAM_QC:PBQC_FLAGSTAT_DEDUP_LIB (EX1_library-1)
Aug-23 12:15:58.153 [Actor Thread 239] INFO  nextflow.processor.TaskProcessor - [81/f1fa9f] Cached process > BAM_PROCESSING:BP_AMBER (AF042_library-1)
Aug-23 12:15:58.154 [Actor Thread 195] INFO  nextflow.processor.TaskProcessor - [f4/3392b9] Cached process > BAM_PROCESSING:BP_SAMREMOVEDUP_LIB_INDEX (AF047D_library-1)
Aug-23 12:15:58.156 [Actor Thread 198] INFO  nextflow.processor.TaskProcessor - [ff/6e612f] Cached process > MICROBIAL_SCREENING:MS_SAMREMOVEDUP_SAMPLE (AF047)
Aug-23 12:15:58.157 [Actor Thread 212] DEBUG nextflow.processor.TaskProcessor - Process BAM_PROCESSING:BP_SAMREMOVEDUP_LIB_INDEX > Skipping output binding because one or more optional files are missing: fileoutparam<1:1>
Aug-23 12:15:58.159 [Actor Thread 228] DEBUG nextflow.processor.TaskProcessor - Process MICROBIAL_SCREENING:MS_SAMTOOLS_MERGE_SAMPLE > Skipping output binding because one or more optional files are missing: fileoutparam<1:1>
Aug-23 12:15:58.159 [Actor Thread 212] DEBUG nextflow.processor.TaskProcessor - Process BAM_PROCESSING:BP_SAMREMOVEDUP_LIB_INDEX > Skipping output binding because one or more optional files are missing: fileoutparam<2:1>
Aug-23 12:15:58.160 [Actor Thread 231] INFO  nextflow.processor.TaskProcessor - [2f/734cc1] Cached process > BAM_PROCESSING:BP_AMBER (AF047_library-1)
Aug-23 12:15:58.161 [Actor Thread 228] DEBUG nextflow.processor.TaskProcessor - Process MICROBIAL_SCREENING:MS_SAMTOOLS_MERGE_SAMPLE > Skipping output binding because one or more optional files are missing: fileoutparam<2:1>
Aug-23 12:15:58.161 [Actor Thread 245] INFO  nextflow.processor.TaskProcessor - [a2/9fecfc] Cached process > MICROBIAL_SCREENING:MS_SAMREMOVEDUP_SAMPLE (AF042D)
Aug-23 12:15:58.161 [Actor Thread 248] INFO  nextflow.processor.TaskProcessor - [19/f6e0e5] Cached process > BAM_PROCESSING:BP_AMBER (AF048D_library-1)
Aug-23 12:15:58.162 [Actor Thread 188] INFO  nextflow.processor.TaskProcessor - [b0/7cf4f6] Cached process > PROCESSED_BAM_QC:PBQC_FLAGSTAT_DEDUP_LIB (AF047_library-1)
Aug-23 12:15:58.162 [Actor Thread 228] DEBUG nextflow.processor.TaskProcessor - Process MICROBIAL_SCREENING:MS_SAMTOOLS_MERGE_SAMPLE > Skipping output binding because one or more optional files are missing: fileoutparam<3:1>
Aug-23 12:15:58.167 [Actor Thread 223] INFO  nextflow.processor.TaskProcessor - [d2/302acf] Cached process > PROCESSED_BAM_QC:PBQC_MULTIQC_MERGED_BAM_LIB
Aug-23 12:15:58.169 [Actor Thread 211] DEBUG nextflow.processor.TaskProcessor - Process BAM_PROCESSING:BP_SAMREMOVEDUP_LIB_INDEX > Skipping output binding because one or more optional files are missing: fileoutparam<1:1>
Aug-23 12:15:58.170 [Actor Thread 202] INFO  nextflow.processor.TaskProcessor - [e2/1512cd] Cached process > MICROBIAL_SCREENING:MS_SAMREMOVEDUP_SAMPLE (AF014)
Aug-23 12:15:58.170 [Actor Thread 187] INFO  nextflow.processor.TaskProcessor - [06/8fbf43] Cached process > BAM_PROCESSING:BP_AMBER (AF042D_library-1)
Aug-23 12:15:58.170 [Actor Thread 211] DEBUG nextflow.processor.TaskProcessor - Process BAM_PROCESSING:BP_SAMREMOVEDUP_LIB_INDEX > Skipping output binding because one or more optional files are missing: fileoutparam<2:1>
Aug-23 12:15:58.171 [Actor Thread 205] INFO  nextflow.processor.TaskProcessor - [2c/63e081] Cached process > BAM_PROCESSING:BP_AMBER (AF047D_library-1)
Aug-23 12:15:58.174 [Actor Thread 223] DEBUG nextflow.processor.TaskProcessor - Process PROCESSED_BAM_QC:PBQC_MULTIQC_MERGED_BAM_LIB > Skipping output binding because one or more optional files are missing: fileoutparam<2>
Aug-23 12:15:58.179 [Actor Thread 170] INFO  nextflow.processor.TaskProcessor - [70/df784c] Cached process > BAM_PROCESSING:BP_AMBER (AF048_library-1)
Aug-23 12:15:58.215 [Actor Thread 195] DEBUG nextflow.processor.TaskProcessor - Process BAM_PROCESSING:BP_SAMREMOVEDUP_LIB_INDEX > Skipping output binding because one or more optional files are missing: fileoutparam<1:1>
Aug-23 12:15:58.217 [Actor Thread 195] DEBUG nextflow.processor.TaskProcessor - Process BAM_PROCESSING:BP_SAMREMOVEDUP_LIB_INDEX > Skipping output binding because one or more optional files are missing: fileoutparam<2:1>
Aug-23 12:15:58.220 [Actor Thread 204] INFO  nextflow.processor.TaskProcessor - [84/aef459] Cached process > PROCESSED_BAM_QC:PBQC_FLAGSTAT_DEDUP_LIB (AF048D_library-1)
Aug-23 12:15:58.234 [Actor Thread 252] INFO  nextflow.processor.TaskProcessor - [53/6c3dc3] Cached process > BAM_PROCESSING:BP_AMBER (AF014_library-1)
Aug-23 12:15:58.236 [Actor Thread 250] INFO  nextflow.processor.TaskProcessor - [73/4e5873] Cached process > MICROBIAL_SCREENING:MS_SAMREMOVEDUP_SAMPLE (AF047D)
Aug-23 12:15:58.236 [Actor Thread 249] INFO  nextflow.processor.TaskProcessor - [fd/4e6815] Cached process > PROCESSED_BAM_QC:PBQC_FLAGSTAT_DEDUP_LIB (AF049D_library-1)
Aug-23 12:15:58.236 [Actor Thread 176] INFO  nextflow.processor.TaskProcessor - [20/2cf90a] Cached process > MICROBIAL_SCREENING:MS_SAMREMOVEDUP_SAMPLE_INDEX (AF048D)
Aug-23 12:15:58.236 [Actor Thread 235] INFO  nextflow.processor.TaskProcessor - [ad/0c1162] Cached process > MICROBIAL_SCREENING:MS_SAMREMOVEDUP_SAMPLE (AF049D)
Aug-23 12:15:58.236 [Actor Thread 232] INFO  nextflow.processor.TaskProcessor - [9f/bf6120] Cached process > MICROBIAL_SCREENING:MS_SAMREMOVEDUP_SAMPLE (AF014D)
Aug-23 12:15:58.237 [Actor Thread 168] INFO  nextflow.processor.TaskProcessor - [8a/d46def] Cached process > PROCESSED_BAM_QC:PBQC_FLAGSTAT_DEDUP_LIB (AF042_library-1)
Aug-23 12:15:58.238 [Actor Thread 178] INFO  nextflow.processor.TaskProcessor - [fc/39e369] Cached process > MICROBIAL_SCREENING:MS_SAMREMOVEDUP_SAMPLE (AF048)
Aug-23 12:15:58.248 [Actor Thread 176] DEBUG nextflow.processor.TaskProcessor - Process MICROBIAL_SCREENING:MS_SAMREMOVEDUP_SAMPLE_INDEX > Skipping output binding because one or more optional files are missing: fileoutparam<1:1>
Aug-23 12:15:58.249 [Actor Thread 176] DEBUG nextflow.processor.TaskProcessor - Process MICROBIAL_SCREENING:MS_SAMREMOVEDUP_SAMPLE_INDEX > Skipping output binding because one or more optional files are missing: fileoutparam<2:1>
Aug-23 12:15:58.263 [Actor Thread 229] INFO  nextflow.processor.TaskProcessor - [b3/9d736d] Cached process > PROCESSED_BAM_QC:PBQC_FLAGSTAT_DEDUP_LIB (AF042D_library-1)
Aug-23 12:15:58.269 [Actor Thread 174] DEBUG nextflow.container.SingularityCache - Apptainer found local store for image=oras://community.wave.seqera.io/library/samtools_gawk_jq:0c240a96dd50ca44; path=/cfs/klemming/projects/supr/museomics_store_2025/bees/virginia/DNAharvester/work/singularity/community.wave.seqera.io-library-samtools_gawk_jq-0c240a96dd50ca44.img
Aug-23 12:15:58.280 [Actor Thread 177] INFO  nextflow.processor.TaskProcessor - [8c/feda5a] Cached process > MICROBIAL_SCREENING:MS_SAMREMOVEDUP_SAMPLE_INDEX (EX1)
Aug-23 12:15:58.281 [Actor Thread 254] INFO  nextflow.processor.TaskProcessor - [a7/fcc96f] Cached process > MICROBIAL_SCREENING:MS_SAMREMOVEDUP_SAMPLE (AF049)
Aug-23 12:15:58.284 [Actor Thread 194] INFO  nextflow.processor.TaskProcessor - [e9/b5f973] Cached process > MICROBIAL_SCREENING:MS_SAMREMOVEDUP_SAMPLE_INDEX (AF047)
Aug-23 12:15:58.288 [Actor Thread 200] INFO  nextflow.processor.TaskProcessor - [b7/5b9fd4] Cached process > MICROBIAL_SCREENING:MS_SAMREMOVEDUP_SAMPLE_INDEX (AF042)
Aug-23 12:15:58.288 [Actor Thread 217] INFO  nextflow.processor.TaskProcessor - [ba/e729a1] Cached process > PROCESSED_BAM_QC:PBQC_FLAGSTAT_DEDUP_LIB (AF014_library-1)
Aug-23 12:15:58.322 [Actor Thread 177] DEBUG nextflow.processor.TaskProcessor - Process MICROBIAL_SCREENING:MS_SAMREMOVEDUP_SAMPLE_INDEX > Skipping output binding because one or more optional files are missing: fileoutparam<1:1>
Aug-23 12:15:58.323 [Actor Thread 232] DEBUG nextflow.container.SingularityCache - Apptainer found local store for image=oras://community.wave.seqera.io/library/cxx-compiler_python_pip_bam-filter:d381468da6310c10; path=/cfs/klemming/projects/supr/museomics_store_2025/bees/virginia/DNAharvester/work/singularity/community.wave.seqera.io-library-cxx-compiler_python_pip_bam-filter-d381468da6310c10.img
Aug-23 12:15:58.323 [Actor Thread 242] INFO  nextflow.processor.TaskProcessor - [fc/fb867c] Cached process > PROCESSED_BAM_QC:PBQC_MULTIQC_MQ_FILTERED_BAM
Aug-23 12:15:58.323 [Actor Thread 227] DEBUG n.processor.TaskFileCollector - Process `BAM_PROCESSING:BP_MAPDAMAGE2 (2)` is unable to find [UnixPath]: `/cfs/klemming/projects/supr/museomics_store_2025/bees/virginia/DNAharvester/work/c1/74c5f77826e51be2f969ada36abc3f/EX1_library-1/EX1_library-1_Length_plot.pdf` (pattern: `EX1_library-1/EX1_library-1_Length_plot.pdf`)
Aug-23 12:15:58.324 [Actor Thread 177] DEBUG nextflow.processor.TaskProcessor - Process MICROBIAL_SCREENING:MS_SAMREMOVEDUP_SAMPLE_INDEX > Skipping output binding because one or more optional files are missing: fileoutparam<2:1>
Aug-23 12:15:58.326 [Actor Thread 246] DEBUG n.processor.TaskFileCollector - Process `BAM_PROCESSING:BP_MAPDAMAGE2 (1)` is unable to find [UnixPath]: `/cfs/klemming/projects/supr/museomics_store_2025/bees/virginia/DNAharvester/work/3e/092d0517cf03dcfd963348f788b014/AF014D_library-1/AF014D_library-1_Stats_out_MCMC_hist.pdf` (pattern: `AF014D_library-1/AF014D_library-1_Stats_out_MCMC_hist.pdf`)
Aug-23 12:15:58.326 [Actor Thread 256] INFO  nextflow.processor.TaskProcessor - [30/1e551c] Cached process > PROCESSED_BAM_QC:PBQC_FLAGSTAT_DEDUP_LIB (AF048_library-1)
Aug-23 12:15:58.327 [Actor Thread 180] INFO  nextflow.processor.TaskProcessor - [20/2c3cb3] Cached process > MICROBIAL_SCREENING:MS_SAMREMOVEDUP_SAMPLE_INDEX (AF014)
Aug-23 12:15:58.330 [Actor Thread 207] DEBUG n.processor.TaskFileCollector - Process `BAM_PROCESSING:BP_MAPDAMAGE2 (5)` is unable to find [UnixPath]: `/cfs/klemming/projects/supr/museomics_store_2025/bees/virginia/DNAharvester/work/cc/a7d3010eedf6c1af018b62ed0b2e20/AF048D_library-1/AF048D_library-1_Stats_out_MCMC_hist.pdf` (pattern: `AF048D_library-1/AF048D_library-1_Stats_out_MCMC_hist.pdf`)
Aug-23 12:15:58.330 [Actor Thread 242] DEBUG nextflow.processor.TaskProcessor - Process PROCESSED_BAM_QC:PBQC_MULTIQC_MQ_FILTERED_BAM > Skipping output binding because one or more optional files are missing: fileoutparam<2>
Aug-23 12:15:58.333 [Actor Thread 246] DEBUG n.processor.TaskFileCollector - Process `BAM_PROCESSING:BP_MAPDAMAGE2 (1)` is unable to find [UnixPath]: `/cfs/klemming/projects/supr/museomics_store_2025/bees/virginia/DNAharvester/work/3e/092d0517cf03dcfd963348f788b014/AF014D_library-1/AF014D_library-1_Stats_out_MCMC_iter.csv` (pattern: `AF014D_library-1/AF014D_library-1_Stats_out_MCMC_iter.csv`)
Aug-23 12:15:58.334 [Actor Thread 237] INFO  nextflow.processor.TaskProcessor - [a7/7b9fbc] Cached process > PROCESSED_BAM_QC:PBQC_FLAGSTAT_DEDUP_LIB (AF047D_library-1)
Aug-23 12:15:58.334 [Actor Thread 200] DEBUG nextflow.processor.TaskProcessor - Process MICROBIAL_SCREENING:MS_SAMREMOVEDUP_SAMPLE_INDEX > Skipping output binding because one or more optional files are missing: fileoutparam<1:1>
Aug-23 12:15:58.335 [Actor Thread 200] DEBUG nextflow.processor.TaskProcessor - Process MICROBIAL_SCREENING:MS_SAMREMOVEDUP_SAMPLE_INDEX > Skipping output binding because one or more optional files are missing: fileoutparam<2:1>
Aug-23 12:15:58.335 [Actor Thread 207] DEBUG n.processor.TaskFileCollector - Process `BAM_PROCESSING:BP_MAPDAMAGE2 (5)` is unable to find [UnixPath]: `/cfs/klemming/projects/supr/museomics_store_2025/bees/virginia/DNAharvester/work/cc/a7d3010eedf6c1af018b62ed0b2e20/AF048D_library-1/AF048D_library-1_Stats_out_MCMC_iter.csv` (pattern: `AF048D_library-1/AF048D_library-1_Stats_out_MCMC_iter.csv`)
Aug-23 12:15:58.339 [Actor Thread 246] DEBUG n.processor.TaskFileCollector - Process `BAM_PROCESSING:BP_MAPDAMAGE2 (1)` is unable to find [UnixPath]: `/cfs/klemming/projects/supr/museomics_store_2025/bees/virginia/DNAharvester/work/3e/092d0517cf03dcfd963348f788b014/AF014D_library-1/AF014D_library-1_Stats_out_MCMC_trace.pdf` (pattern: `AF014D_library-1/AF014D_library-1_Stats_out_MCMC_trace.pdf`)
Aug-23 12:15:58.341 [Actor Thread 207] DEBUG n.processor.TaskFileCollector - Process `BAM_PROCESSING:BP_MAPDAMAGE2 (5)` is unable to find [UnixPath]: `/cfs/klemming/projects/supr/museomics_store_2025/bees/virginia/DNAharvester/work/cc/a7d3010eedf6c1af018b62ed0b2e20/AF048D_library-1/AF048D_library-1_Stats_out_MCMC_trace.pdf` (pattern: `AF048D_library-1/AF048D_library-1_Stats_out_MCMC_trace.pdf`)
Aug-23 12:15:58.344 [Actor Thread 194] DEBUG nextflow.processor.TaskProcessor - Process MICROBIAL_SCREENING:MS_SAMREMOVEDUP_SAMPLE_INDEX > Skipping output binding because one or more optional files are missing: fileoutparam<1:1>
Aug-23 12:15:58.345 [Actor Thread 194] DEBUG nextflow.processor.TaskProcessor - Process MICROBIAL_SCREENING:MS_SAMREMOVEDUP_SAMPLE_INDEX > Skipping output binding because one or more optional files are missing: fileoutparam<2:1>
Aug-23 12:15:58.346 [Actor Thread 207] DEBUG n.processor.TaskFileCollector - Process `BAM_PROCESSING:BP_MAPDAMAGE2 (5)` is unable to find [UnixPath]: `/cfs/klemming/projects/supr/museomics_store_2025/bees/virginia/DNAharvester/work/cc/a7d3010eedf6c1af018b62ed0b2e20/AF048D_library-1/AF048D_library-1_Stats_out_MCMC_iter_summ_stat.csv` (pattern: `AF048D_library-1/AF048D_library-1_Stats_out_MCMC_iter_summ_stat.csv`)
Aug-23 12:15:58.347 [Actor Thread 246] DEBUG n.processor.TaskFileCollector - Process `BAM_PROCESSING:BP_MAPDAMAGE2 (1)` is unable to find [UnixPath]: `/cfs/klemming/projects/supr/museomics_store_2025/bees/virginia/DNAharvester/work/3e/092d0517cf03dcfd963348f788b014/AF014D_library-1/AF014D_library-1_Stats_out_MCMC_iter_summ_stat.csv` (pattern: `AF014D_library-1/AF014D_library-1_Stats_out_MCMC_iter_summ_stat.csv`)
Aug-23 12:15:58.347 [Actor Thread 227] DEBUG n.processor.TaskFileCollector - Process `BAM_PROCESSING:BP_MAPDAMAGE2 (2)` is unable to find [UnixPath]: `/cfs/klemming/projects/supr/museomics_store_2025/bees/virginia/DNAharvester/work/c1/74c5f77826e51be2f969ada36abc3f/EX1_library-1/EX1_library-1_Stats_out_MCMC_hist.pdf` (pattern: `EX1_library-1/EX1_library-1_Stats_out_MCMC_hist.pdf`)
Aug-23 12:15:58.353 [Actor Thread 227] DEBUG n.processor.TaskFileCollector - Process `BAM_PROCESSING:BP_MAPDAMAGE2 (2)` is unable to find [UnixPath]: `/cfs/klemming/projects/supr/museomics_store_2025/bees/virginia/DNAharvester/work/c1/74c5f77826e51be2f969ada36abc3f/EX1_library-1/EX1_library-1_Stats_out_MCMC_iter.csv` (pattern: `EX1_library-1/EX1_library-1_Stats_out_MCMC_iter.csv`)
Aug-23 12:15:58.354 [Actor Thread 207] DEBUG n.processor.TaskFileCollector - Process `BAM_PROCESSING:BP_MAPDAMAGE2 (5)` is unable to find [UnixPath]: `/cfs/klemming/projects/supr/museomics_store_2025/bees/virginia/DNAharvester/work/cc/a7d3010eedf6c1af018b62ed0b2e20/AF048D_library-1/AF048D_library-1_Stats_out_MCMC_post_pred.pdf` (pattern: `AF048D_library-1/AF048D_library-1_Stats_out_MCMC_post_pred.pdf`)
Aug-23 12:15:58.354 [Actor Thread 246] DEBUG n.processor.TaskFileCollector - Process `BAM_PROCESSING:BP_MAPDAMAGE2 (1)` is unable to find [UnixPath]: `/cfs/klemming/projects/supr/museomics_store_2025/bees/virginia/DNAharvester/work/3e/092d0517cf03dcfd963348f788b014/AF014D_library-1/AF014D_library-1_Stats_out_MCMC_post_pred.pdf` (pattern: `AF014D_library-1/AF014D_library-1_Stats_out_MCMC_post_pred.pdf`)
Aug-23 12:15:58.354 [Actor Thread 241] DEBUG n.processor.TaskFileCollector - Process `BAM_PROCESSING:BP_MAPDAMAGE2 (8)` is unable to find [UnixPath]: `/cfs/klemming/projects/supr/museomics_store_2025/bees/virginia/DNAharvester/work/24/5ea78db0898779a44bc295ef02e00e/AF042D_library-1/AF042D_library-1_Stats_out_MCMC_hist.pdf` (pattern: `AF042D_library-1/AF042D_library-1_Stats_out_MCMC_hist.pdf`)
Aug-23 12:15:58.355 [Actor Thread 180] DEBUG nextflow.processor.TaskProcessor - Process MICROBIAL_SCREENING:MS_SAMREMOVEDUP_SAMPLE_INDEX > Skipping output binding because one or more optional files are missing: fileoutparam<1:1>
Aug-23 12:15:58.356 [Actor Thread 180] DEBUG nextflow.processor.TaskProcessor - Process MICROBIAL_SCREENING:MS_SAMREMOVEDUP_SAMPLE_INDEX > Skipping output binding because one or more optional files are missing: fileoutparam<2:1>
Aug-23 12:15:58.360 [Actor Thread 207] DEBUG n.processor.TaskFileCollector - Process `BAM_PROCESSING:BP_MAPDAMAGE2 (5)` is unable to find [UnixPath]: `/cfs/klemming/projects/supr/museomics_store_2025/bees/virginia/DNAharvester/work/cc/a7d3010eedf6c1af018b62ed0b2e20/AF048D_library-1/AF048D_library-1_Stats_out_MCMC_correct_prob.csv` (pattern: `AF048D_library-1/AF048D_library-1_Stats_out_MCMC_correct_prob.csv`)
Aug-23 12:15:58.361 [Actor Thread 241] DEBUG n.processor.TaskFileCollector - Process `BAM_PROCESSING:BP_MAPDAMAGE2 (8)` is unable to find [UnixPath]: `/cfs/klemming/projects/supr/museomics_store_2025/bees/virginia/DNAharvester/work/24/5ea78db0898779a44bc295ef02e00e/AF042D_library-1/AF042D_library-1_Stats_out_MCMC_iter.csv` (pattern: `AF042D_library-1/AF042D_library-1_Stats_out_MCMC_iter.csv`)
Aug-23 12:15:58.361 [Actor Thread 165] DEBUG n.processor.TaskFileCollector - Process `BAM_PROCESSING:BP_MAPDAMAGE2 (6)` is unable to find [UnixPath]: `/cfs/klemming/projects/supr/museomics_store_2025/bees/virginia/DNAharvester/work/ac/be22f1c5ae94159c157337868eb2ae/AF049D_library-1/AF049D_library-1_Stats_out_MCMC_hist.pdf` (pattern: `AF049D_library-1/AF049D_library-1_Stats_out_MCMC_hist.pdf`)
Aug-23 12:15:58.361 [Actor Thread 246] DEBUG n.processor.TaskFileCollector - Process `BAM_PROCESSING:BP_MAPDAMAGE2 (1)` is unable to find [UnixPath]: `/cfs/klemming/projects/supr/museomics_store_2025/bees/virginia/DNAharvester/work/3e/092d0517cf03dcfd963348f788b014/AF014D_library-1/AF014D_library-1_Stats_out_MCMC_correct_prob.csv` (pattern: `AF014D_library-1/AF014D_library-1_Stats_out_MCMC_correct_prob.csv`)
Aug-23 12:15:58.362 [Actor Thread 227] DEBUG n.processor.TaskFileCollector - Process `BAM_PROCESSING:BP_MAPDAMAGE2 (2)` is unable to find [UnixPath]: `/cfs/klemming/projects/supr/museomics_store_2025/bees/virginia/DNAharvester/work/c1/74c5f77826e51be2f969ada36abc3f/EX1_library-1/EX1_library-1_Stats_out_MCMC_trace.pdf` (pattern: `EX1_library-1/EX1_library-1_Stats_out_MCMC_trace.pdf`)
Aug-23 12:15:58.365 [Actor Thread 197] DEBUG n.processor.TaskFileCollector - Process `BAM_PROCESSING:BP_MAPDAMAGE2 (4)` is unable to find [UnixPath]: `/cfs/klemming/projects/supr/museomics_store_2025/bees/virginia/DNAharvester/work/84/339f585cb81411efe6e22a0029d05f/AF047_library-1/AF047_library-1_Stats_out_MCMC_hist.pdf` (pattern: `AF047_library-1/AF047_library-1_Stats_out_MCMC_hist.pdf`)
Aug-23 12:15:58.366 [Actor Thread 241] DEBUG n.processor.TaskFileCollector - Process `BAM_PROCESSING:BP_MAPDAMAGE2 (8)` is unable to find [UnixPath]: `/cfs/klemming/projects/supr/museomics_store_2025/bees/virginia/DNAharvester/work/24/5ea78db0898779a44bc295ef02e00e/AF042D_library-1/AF042D_library-1_Stats_out_MCMC_trace.pdf` (pattern: `AF042D_library-1/AF042D_library-1_Stats_out_MCMC_trace.pdf`)
Aug-23 12:15:58.367 [Actor Thread 207] DEBUG n.processor.TaskFileCollector - Process `BAM_PROCESSING:BP_MAPDAMAGE2 (5)` is unable to find [UnixPath]: `/cfs/klemming/projects/supr/museomics_store_2025/bees/virginia/DNAharvester/work/cc/a7d3010eedf6c1af018b62ed0b2e20/AF048D_library-1/AF048D_library-1_dnacomp_genome.csv` (pattern: `AF048D_library-1/AF048D_library-1_dnacomp_genome.csv`)
Aug-23 12:15:58.367 [Actor Thread 165] DEBUG n.processor.TaskFileCollector - Process `BAM_PROCESSING:BP_MAPDAMAGE2 (6)` is unable to find [UnixPath]: `/cfs/klemming/projects/supr/museomics_store_2025/bees/virginia/DNAharvester/work/ac/be22f1c5ae94159c157337868eb2ae/AF049D_library-1/AF049D_library-1_Stats_out_MCMC_iter.csv` (pattern: `AF049D_library-1/AF049D_library-1_Stats_out_MCMC_iter.csv`)
Aug-23 12:15:58.368 [Actor Thread 246] DEBUG n.processor.TaskFileCollector - Process `BAM_PROCESSING:BP_MAPDAMAGE2 (1)` is unable to find [UnixPath]: `/cfs/klemming/projects/supr/museomics_store_2025/bees/virginia/DNAharvester/work/3e/092d0517cf03dcfd963348f788b014/AF014D_library-1/AF014D_library-1_dnacomp_genome.csv` (pattern: `AF014D_library-1/AF014D_library-1_dnacomp_genome.csv`)
Aug-23 12:15:58.372 [Actor Thread 227] DEBUG n.processor.TaskFileCollector - Process `BAM_PROCESSING:BP_MAPDAMAGE2 (2)` is unable to find [UnixPath]: `/cfs/klemming/projects/supr/museomics_store_2025/bees/virginia/DNAharvester/work/c1/74c5f77826e51be2f969ada36abc3f/EX1_library-1/EX1_library-1_Stats_out_MCMC_iter_summ_stat.csv` (pattern: `EX1_library-1/EX1_library-1_Stats_out_MCMC_iter_summ_stat.csv`)
Aug-23 12:15:58.372 [Actor Thread 197] DEBUG n.processor.TaskFileCollector - Process `BAM_PROCESSING:BP_MAPDAMAGE2 (4)` is unable to find [UnixPath]: `/cfs/klemming/projects/supr/museomics_store_2025/bees/virginia/DNAharvester/work/84/339f585cb81411efe6e22a0029d05f/AF047_library-1/AF047_library-1_Stats_out_MCMC_iter.csv` (pattern: `AF047_library-1/AF047_library-1_Stats_out_MCMC_iter.csv`)
Aug-23 12:15:58.373 [Actor Thread 241] DEBUG n.processor.TaskFileCollector - Process `BAM_PROCESSING:BP_MAPDAMAGE2 (8)` is unable to find [UnixPath]: `/cfs/klemming/projects/supr/museomics_store_2025/bees/virginia/DNAharvester/work/24/5ea78db0898779a44bc295ef02e00e/AF042D_library-1/AF042D_library-1_Stats_out_MCMC_iter_summ_stat.csv` (pattern: `AF042D_library-1/AF042D_library-1_Stats_out_MCMC_iter_summ_stat.csv`)
Aug-23 12:15:58.373 [Actor Thread 183] INFO  nextflow.processor.TaskProcessor - [59/33c85f] Cached process > MICROBIAL_SCREENING:MS_SAMREMOVEDUP_SAMPLE_INDEX (AF042D)
Aug-23 12:15:58.374 [Actor Thread 165] DEBUG n.processor.TaskFileCollector - Process `BAM_PROCESSING:BP_MAPDAMAGE2 (6)` is unable to find [UnixPath]: `/cfs/klemming/projects/supr/museomics_store_2025/bees/virginia/DNAharvester/work/ac/be22f1c5ae94159c157337868eb2ae/AF049D_library-1/AF049D_library-1_Stats_out_MCMC_trace.pdf` (pattern: `AF049D_library-1/AF049D_library-1_Stats_out_MCMC_trace.pdf`)
Aug-23 12:15:58.374 [Actor Thread 230] INFO  nextflow.processor.TaskProcessor - [57/faa08a] Cached process > BAM_PROCESSING:BP_SAMTOOLS_MERGE_SAMPLE (AF014)
Aug-23 12:15:58.374 [Actor Thread 249] INFO  nextflow.processor.TaskProcessor - [cc/f07e24] Cached process > MICROBIAL_SCREENING:MS_SAMREMOVEDUP_SAMPLE_INDEX (AF049D)
Aug-23 12:15:58.375 [Actor Thread 189] INFO  nextflow.processor.TaskProcessor - [3e/ccf350] Cached process > MICROBIAL_SCREENING:MS_SAMREMOVEDUP_SAMPLE_INDEX (AF048)
Aug-23 12:15:58.378 [Actor Thread 241] DEBUG n.processor.TaskFileCollector - Process `BAM_PROCESSING:BP_MAPDAMAGE2 (8)` is unable to find [UnixPath]: `/cfs/klemming/projects/supr/museomics_store_2025/bees/virginia/DNAharvester/work/24/5ea78db0898779a44bc295ef02e00e/AF042D_library-1/AF042D_library-1_Stats_out_MCMC_post_pred.pdf` (pattern: `AF042D_library-1/AF042D_library-1_Stats_out_MCMC_post_pred.pdf`)
Aug-23 12:15:58.378 [Actor Thread 219] INFO  nextflow.processor.TaskProcessor - [6a/d73d08] Cached process > BAM_PROCESSING:BP_SAMTOOLS_MERGE_SAMPLE (AF049)
Aug-23 12:15:58.378 [Actor Thread 188] INFO  nextflow.processor.TaskProcessor - [5f/29fa61] Cached process > BAM_PROCESSING:BP_SAMTOOLS_MERGE_SAMPLE (EX1)
Aug-23 12:15:58.379 [Actor Thread 197] DEBUG n.processor.TaskFileCollector - Process `BAM_PROCESSING:BP_MAPDAMAGE2 (4)` is unable to find [UnixPath]: `/cfs/klemming/projects/supr/museomics_store_2025/bees/virginia/DNAharvester/work/84/339f585cb81411efe6e22a0029d05f/AF047_library-1/AF047_library-1_Stats_out_MCMC_trace.pdf` (pattern: `AF047_library-1/AF047_library-1_Stats_out_MCMC_trace.pdf`)
Aug-23 12:15:58.379 [Actor Thread 227] DEBUG n.processor.TaskFileCollector - Process `BAM_PROCESSING:BP_MAPDAMAGE2 (2)` is unable to find [UnixPath]: `/cfs/klemming/projects/supr/museomics_store_2025/bees/virginia/DNAharvester/work/c1/74c5f77826e51be2f969ada36abc3f/EX1_library-1/EX1_library-1_Stats_out_MCMC_post_pred.pdf` (pattern: `EX1_library-1/EX1_library-1_Stats_out_MCMC_post_pred.pdf`)
Aug-23 12:15:58.380 [Actor Thread 175] INFO  nextflow.processor.TaskProcessor - [08/e69784] Cached process > MICROBIAL_SCREENING:MS_SAMREMOVEDUP_SAMPLE_INDEX (AF047D)
Aug-23 12:15:58.381 [Actor Thread 239] INFO  nextflow.processor.TaskProcessor - [8f/a8f4a5] Cached process > BAM_PROCESSING:BP_SAMTOOLS_MERGE_SAMPLE (AF047D)
Aug-23 12:15:58.381 [Actor Thread 198] INFO  nextflow.processor.TaskProcessor - [8a/09c6aa] Cached process > BAM_PROCESSING:BP_SAMTOOLS_MERGE_SAMPLE (AF048)
Aug-23 12:15:58.383 [Actor Thread 226] DEBUG n.processor.TaskFileCollector - Process `BAM_PROCESSING:BP_MAPDAMAGE2 (3)` is unable to find [UnixPath]: `/cfs/klemming/projects/supr/museomics_store_2025/bees/virginia/DNAharvester/work/b8/c67c7b8b23e67e7861f7164d33718a/AF049_library-1/AF049_library-1_Stats_out_MCMC_hist.pdf` (pattern: `AF049_library-1/AF049_library-1_Stats_out_MCMC_hist.pdf`)
Aug-23 12:15:58.384 [Actor Thread 223] INFO  nextflow.processor.TaskProcessor - [10/ee02bf] Cached process > BAM_PROCESSING:BP_SAMTOOLS_MERGE_SAMPLE (AF014D)
Aug-23 12:15:58.388 [Actor Thread 226] DEBUG n.processor.TaskFileCollector - Process `BAM_PROCESSING:BP_MAPDAMAGE2 (3)` is unable to find [UnixPath]: `/cfs/klemming/projects/supr/museomics_store_2025/bees/virginia/DNAharvester/work/b8/c67c7b8b23e67e7861f7164d33718a/AF049_library-1/AF049_library-1_Stats_out_MCMC_iter.csv` (pattern: `AF049_library-1/AF049_library-1_Stats_out_MCMC_iter.csv`)
Aug-23 12:15:58.389 [Actor Thread 227] DEBUG n.processor.TaskFileCollector - Process `BAM_PROCESSING:BP_MAPDAMAGE2 (2)` is unable to find [UnixPath]: `/cfs/klemming/projects/supr/museomics_store_2025/bees/virginia/DNAharvester/work/c1/74c5f77826e51be2f969ada36abc3f/EX1_library-1/EX1_library-1_Stats_out_MCMC_correct_prob.csv` (pattern: `EX1_library-1/EX1_library-1_Stats_out_MCMC_correct_prob.csv`)
Aug-23 12:15:58.390 [Actor Thread 197] DEBUG n.processor.TaskFileCollector - Process `BAM_PROCESSING:BP_MAPDAMAGE2 (4)` is unable to find [UnixPath]: `/cfs/klemming/projects/supr/museomics_store_2025/bees/virginia/DNAharvester/work/84/339f585cb81411efe6e22a0029d05f/AF047_library-1/AF047_library-1_Stats_out_MCMC_iter_summ_stat.csv` (pattern: `AF047_library-1/AF047_library-1_Stats_out_MCMC_iter_summ_stat.csv`)
Aug-23 12:15:58.390 [Actor Thread 241] DEBUG n.processor.TaskFileCollector - Process `BAM_PROCESSING:BP_MAPDAMAGE2 (8)` is unable to find [UnixPath]: `/cfs/klemming/projects/supr/museomics_store_2025/bees/virginia/DNAharvester/work/24/5ea78db0898779a44bc295ef02e00e/AF042D_library-1/AF042D_library-1_Stats_out_MCMC_correct_prob.csv` (pattern: `AF042D_library-1/AF042D_library-1_Stats_out_MCMC_correct_prob.csv`)
Aug-23 12:15:58.391 [Actor Thread 165] DEBUG n.processor.TaskFileCollector - Process `BAM_PROCESSING:BP_MAPDAMAGE2 (6)` is unable to find [UnixPath]: `/cfs/klemming/projects/supr/museomics_store_2025/bees/virginia/DNAharvester/work/ac/be22f1c5ae94159c157337868eb2ae/AF049D_library-1/AF049D_library-1_Stats_out_MCMC_iter_summ_stat.csv` (pattern: `AF049D_library-1/AF049D_library-1_Stats_out_MCMC_iter_summ_stat.csv`)
Aug-23 12:15:58.391 [Actor Thread 196] INFO  nextflow.processor.TaskProcessor - [a6/cccdea] Cached process > BAM_PROCESSING:BP_SAMTOOLS_MERGE_SAMPLE (AF042D)
Aug-23 12:15:58.391 [Actor Thread 245] INFO  nextflow.processor.TaskProcessor - [61/ae1ef9] Cached process > BAM_PROCESSING:BP_SAMTOOLS_MERGE_SAMPLE (AF047)
Aug-23 12:15:58.393 [Actor Thread 198] DEBUG nextflow.processor.TaskProcessor - Process BAM_PROCESSING:BP_SAMTOOLS_MERGE_SAMPLE > Skipping output binding because one or more optional files are missing: fileoutparam<1:1>
Aug-23 12:15:58.393 [Actor Thread 226] DEBUG n.processor.TaskFileCollector - Process `BAM_PROCESSING:BP_MAPDAMAGE2 (3)` is unable to find [UnixPath]: `/cfs/klemming/projects/supr/museomics_store_2025/bees/virginia/DNAharvester/work/b8/c67c7b8b23e67e7861f7164d33718a/AF049_library-1/AF049_library-1_Stats_out_MCMC_trace.pdf` (pattern: `AF049_library-1/AF049_library-1_Stats_out_MCMC_trace.pdf`)
Aug-23 12:15:58.394 [Actor Thread 227] DEBUG n.processor.TaskFileCollector - Process `BAM_PROCESSING:BP_MAPDAMAGE2 (2)` is unable to find [UnixPath]: `/cfs/klemming/projects/supr/museomics_store_2025/bees/virginia/DNAharvester/work/c1/74c5f77826e51be2f969ada36abc3f/EX1_library-1/EX1_library-1_dnacomp_genome.csv` (pattern: `EX1_library-1/EX1_library-1_dnacomp_genome.csv`)
Aug-23 12:15:58.394 [Actor Thread 198] DEBUG nextflow.processor.TaskProcessor - Process BAM_PROCESSING:BP_SAMTOOLS_MERGE_SAMPLE > Skipping output binding because one or more optional files are missing: fileoutparam<2:1>
Aug-23 12:15:58.394 [Actor Thread 168] INFO  nextflow.processor.TaskProcessor - [99/88ae35] Cached process > MICROBIAL_SCREENING:MS_SAMREMOVEDUP_SAMPLE_INDEX (AF014D)
Aug-23 12:15:58.394 [Actor Thread 241] DEBUG n.processor.TaskFileCollector - Process `BAM_PROCESSING:BP_MAPDAMAGE2 (8)` is unable to find [UnixPath]: `/cfs/klemming/projects/supr/museomics_store_2025/bees/virginia/DNAharvester/work/24/5ea78db0898779a44bc295ef02e00e/AF042D_library-1/AF042D_library-1_dnacomp_genome.csv` (pattern: `AF042D_library-1/AF042D_library-1_dnacomp_genome.csv`)
Aug-23 12:15:58.394 [Actor Thread 197] DEBUG n.processor.TaskFileCollector - Process `BAM_PROCESSING:BP_MAPDAMAGE2 (4)` is unable to find [UnixPath]: `/cfs/klemming/projects/supr/museomics_store_2025/bees/virginia/DNAharvester/work/84/339f585cb81411efe6e22a0029d05f/AF047_library-1/AF047_library-1_Stats_out_MCMC_post_pred.pdf` (pattern: `AF047_library-1/AF047_library-1_Stats_out_MCMC_post_pred.pdf`)
Aug-23 12:15:58.395 [Actor Thread 198] DEBUG nextflow.processor.TaskProcessor - Process BAM_PROCESSING:BP_SAMTOOLS_MERGE_SAMPLE > Skipping output binding because one or more optional files are missing: fileoutparam<3:1>
Aug-23 12:15:58.395 [Actor Thread 165] DEBUG n.processor.TaskFileCollector - Process `BAM_PROCESSING:BP_MAPDAMAGE2 (6)` is unable to find [UnixPath]: `/cfs/klemming/projects/supr/museomics_store_2025/bees/virginia/DNAharvester/work/ac/be22f1c5ae94159c157337868eb2ae/AF049D_library-1/AF049D_library-1_Stats_out_MCMC_post_pred.pdf` (pattern: `AF049D_library-1/AF049D_library-1_Stats_out_MCMC_post_pred.pdf`)
Aug-23 12:15:58.395 [Actor Thread 205] INFO  nextflow.processor.TaskProcessor - [a6/b6220e] Cached process > BAM_PROCESSING:BP_SAMTOOLS_MERGE_SAMPLE (AF042)
Aug-23 12:15:58.397 [Actor Thread 183] DEBUG nextflow.processor.TaskProcessor - Process MICROBIAL_SCREENING:MS_SAMREMOVEDUP_SAMPLE_INDEX > Skipping output binding because one or more optional files are missing: fileoutparam<1:1>
Aug-23 12:15:58.397 [Actor Thread 226] DEBUG n.processor.TaskFileCollector - Process `BAM_PROCESSING:BP_MAPDAMAGE2 (3)` is unable to find [UnixPath]: `/cfs/klemming/projects/supr/museomics_store_2025/bees/virginia/DNAharvester/work/b8/c67c7b8b23e67e7861f7164d33718a/AF049_library-1/AF049_library-1_Stats_out_MCMC_iter_summ_stat.csv` (pattern: `AF049_library-1/AF049_library-1_Stats_out_MCMC_iter_summ_stat.csv`)
Aug-23 12:15:58.397 [Actor Thread 228] INFO  nextflow.processor.TaskProcessor - [c8/0b6b63] Cached process > BAM_PROCESSING:BP_SAMTOOLS_MERGE_SAMPLE (AF049D)
Aug-23 12:15:58.398 [Actor Thread 183] DEBUG nextflow.processor.TaskProcessor - Process MICROBIAL_SCREENING:MS_SAMREMOVEDUP_SAMPLE_INDEX > Skipping output binding because one or more optional files are missing: fileoutparam<2:1>
Aug-23 12:15:58.398 [Actor Thread 197] DEBUG n.processor.TaskFileCollector - Process `BAM_PROCESSING:BP_MAPDAMAGE2 (4)` is unable to find [UnixPath]: `/cfs/klemming/projects/supr/museomics_store_2025/bees/virginia/DNAharvester/work/84/339f585cb81411efe6e22a0029d05f/AF047_library-1/AF047_library-1_Stats_out_MCMC_correct_prob.csv` (pattern: `AF047_library-1/AF047_library-1_Stats_out_MCMC_correct_prob.csv`)
Aug-23 12:15:58.398 [Actor Thread 165] DEBUG n.processor.TaskFileCollector - Process `BAM_PROCESSING:BP_MAPDAMAGE2 (6)` is unable to find [UnixPath]: `/cfs/klemming/projects/supr/museomics_store_2025/bees/virginia/DNAharvester/work/ac/be22f1c5ae94159c157337868eb2ae/AF049D_library-1/AF049D_library-1_Stats_out_MCMC_correct_prob.csv` (pattern: `AF049D_library-1/AF049D_library-1_Stats_out_MCMC_correct_prob.csv`)
Aug-23 12:15:58.401 [Actor Thread 226] DEBUG n.processor.TaskFileCollector - Process `BAM_PROCESSING:BP_MAPDAMAGE2 (3)` is unable to find [UnixPath]: `/cfs/klemming/projects/supr/museomics_store_2025/bees/virginia/DNAharvester/work/b8/c67c7b8b23e67e7861f7164d33718a/AF049_library-1/AF049_library-1_Stats_out_MCMC_post_pred.pdf` (pattern: `AF049_library-1/AF049_library-1_Stats_out_MCMC_post_pred.pdf`)
Aug-23 12:15:58.401 [Actor Thread 245] DEBUG nextflow.processor.TaskProcessor - Process BAM_PROCESSING:BP_SAMTOOLS_MERGE_SAMPLE > Skipping output binding because one or more optional files are missing: fileoutparam<1:1>
Aug-23 12:15:58.402 [Actor Thread 245] DEBUG nextflow.processor.TaskProcessor - Process BAM_PROCESSING:BP_SAMTOOLS_MERGE_SAMPLE > Skipping output binding because one or more optional files are missing: fileoutparam<2:1>
Aug-23 12:15:58.402 [Actor Thread 165] DEBUG n.processor.TaskFileCollector - Process `BAM_PROCESSING:BP_MAPDAMAGE2 (6)` is unable to find [UnixPath]: `/cfs/klemming/projects/supr/museomics_store_2025/bees/virginia/DNAharvester/work/ac/be22f1c5ae94159c157337868eb2ae/AF049D_library-1/AF049D_library-1_dnacomp_genome.csv` (pattern: `AF049D_library-1/AF049D_library-1_dnacomp_genome.csv`)
Aug-23 12:15:58.402 [Actor Thread 197] DEBUG n.processor.TaskFileCollector - Process `BAM_PROCESSING:BP_MAPDAMAGE2 (4)` is unable to find [UnixPath]: `/cfs/klemming/projects/supr/museomics_store_2025/bees/virginia/DNAharvester/work/84/339f585cb81411efe6e22a0029d05f/AF047_library-1/AF047_library-1_dnacomp_genome.csv` (pattern: `AF047_library-1/AF047_library-1_dnacomp_genome.csv`)
Aug-23 12:15:58.403 [Actor Thread 245] DEBUG nextflow.processor.TaskProcessor - Process BAM_PROCESSING:BP_SAMTOOLS_MERGE_SAMPLE > Skipping output binding because one or more optional files are missing: fileoutparam<3:1>
Aug-23 12:15:58.403 [Actor Thread 181] DEBUG n.processor.TaskFileCollector - Process `BAM_PROCESSING:BP_MAPDAMAGE2 (9)` is unable to find [UnixPath]: `/cfs/klemming/projects/supr/museomics_store_2025/bees/virginia/DNAharvester/work/7d/c7acc1527b614b8ca84b6fa6fa6c74/AF014_library-1/AF014_library-1_Stats_out_MCMC_hist.pdf` (pattern: `AF014_library-1/AF014_library-1_Stats_out_MCMC_hist.pdf`)
Aug-23 12:15:58.403 [Actor Thread 170] INFO  nextflow.processor.TaskProcessor - [a8/dc4dd4] Cached process > MICROBIAL_SCREENING:MS_SAMREMOVEDUP_SAMPLE_INDEX (AF049)
Aug-23 12:15:58.403 [Actor Thread 191] DEBUG n.processor.TaskFileCollector - Process `BAM_PROCESSING:BP_MAPDAMAGE2 (7)` is unable to find [UnixPath]: `/cfs/klemming/projects/supr/museomics_store_2025/bees/virginia/DNAharvester/work/4c/594b92840580e93e2d89e9e8bcc6a6/AF042_library-1/AF042_library-1_Stats_out_MCMC_hist.pdf` (pattern: `AF042_library-1/AF042_library-1_Stats_out_MCMC_hist.pdf`)
Aug-23 12:15:58.405 [Actor Thread 168] DEBUG nextflow.processor.TaskProcessor - Process MICROBIAL_SCREENING:MS_SAMREMOVEDUP_SAMPLE_INDEX > Skipping output binding because one or more optional files are missing: fileoutparam<1:1>
Aug-23 12:15:58.405 [Actor Thread 226] DEBUG n.processor.TaskFileCollector - Process `BAM_PROCESSING:BP_MAPDAMAGE2 (3)` is unable to find [UnixPath]: `/cfs/klemming/projects/supr/museomics_store_2025/bees/virginia/DNAharvester/work/b8/c67c7b8b23e67e7861f7164d33718a/AF049_library-1/AF049_library-1_Stats_out_MCMC_correct_prob.csv` (pattern: `AF049_library-1/AF049_library-1_Stats_out_MCMC_correct_prob.csv`)
Aug-23 12:15:58.405 [Actor Thread 168] DEBUG nextflow.processor.TaskProcessor - Process MICROBIAL_SCREENING:MS_SAMREMOVEDUP_SAMPLE_INDEX > Skipping output binding because one or more optional files are missing: fileoutparam<2:1>
Aug-23 12:15:58.407 [Actor Thread 181] DEBUG n.processor.TaskFileCollector - Process `BAM_PROCESSING:BP_MAPDAMAGE2 (9)` is unable to find [UnixPath]: `/cfs/klemming/projects/supr/museomics_store_2025/bees/virginia/DNAharvester/work/7d/c7acc1527b614b8ca84b6fa6fa6c74/AF014_library-1/AF014_library-1_Stats_out_MCMC_iter.csv` (pattern: `AF014_library-1/AF014_library-1_Stats_out_MCMC_iter.csv`)
Aug-23 12:15:58.408 [Actor Thread 191] DEBUG n.processor.TaskFileCollector - Process `BAM_PROCESSING:BP_MAPDAMAGE2 (7)` is unable to find [UnixPath]: `/cfs/klemming/projects/supr/museomics_store_2025/bees/virginia/DNAharvester/work/4c/594b92840580e93e2d89e9e8bcc6a6/AF042_library-1/AF042_library-1_Stats_out_MCMC_iter.csv` (pattern: `AF042_library-1/AF042_library-1_Stats_out_MCMC_iter.csv`)
Aug-23 12:15:58.410 [Actor Thread 226] DEBUG n.processor.TaskFileCollector - Process `BAM_PROCESSING:BP_MAPDAMAGE2 (3)` is unable to find [UnixPath]: `/cfs/klemming/projects/supr/museomics_store_2025/bees/virginia/DNAharvester/work/b8/c67c7b8b23e67e7861f7164d33718a/AF049_library-1/AF049_library-1_dnacomp_genome.csv` (pattern: `AF049_library-1/AF049_library-1_dnacomp_genome.csv`)
Aug-23 12:15:58.410 [Actor Thread 196] DEBUG nextflow.processor.TaskProcessor - Process BAM_PROCESSING:BP_SAMTOOLS_MERGE_SAMPLE > Skipping output binding because one or more optional files are missing: fileoutparam<1:1>
Aug-23 12:15:58.411 [Actor Thread 196] DEBUG nextflow.processor.TaskProcessor - Process BAM_PROCESSING:BP_SAMTOOLS_MERGE_SAMPLE > Skipping output binding because one or more optional files are missing: fileoutparam<2:1>
Aug-23 12:15:58.411 [Actor Thread 249] DEBUG nextflow.processor.TaskProcessor - Process MICROBIAL_SCREENING:MS_SAMREMOVEDUP_SAMPLE_INDEX > Skipping output binding because one or more optional files are missing: fileoutparam<1:1>
Aug-23 12:15:58.411 [Actor Thread 181] DEBUG n.processor.TaskFileCollector - Process `BAM_PROCESSING:BP_MAPDAMAGE2 (9)` is unable to find [UnixPath]: `/cfs/klemming/projects/supr/museomics_store_2025/bees/virginia/DNAharvester/work/7d/c7acc1527b614b8ca84b6fa6fa6c74/AF014_library-1/AF014_library-1_Stats_out_MCMC_trace.pdf` (pattern: `AF014_library-1/AF014_library-1_Stats_out_MCMC_trace.pdf`)
Aug-23 12:15:58.411 [Actor Thread 196] DEBUG nextflow.processor.TaskProcessor - Process BAM_PROCESSING:BP_SAMTOOLS_MERGE_SAMPLE > Skipping output binding because one or more optional files are missing: fileoutparam<3:1>
Aug-23 12:15:58.412 [Actor Thread 249] DEBUG nextflow.processor.TaskProcessor - Process MICROBIAL_SCREENING:MS_SAMREMOVEDUP_SAMPLE_INDEX > Skipping output binding because one or more optional files are missing: fileoutparam<2:1>
Aug-23 12:15:58.412 [Actor Thread 191] DEBUG n.processor.TaskFileCollector - Process `BAM_PROCESSING:BP_MAPDAMAGE2 (7)` is unable to find [UnixPath]: `/cfs/klemming/projects/supr/museomics_store_2025/bees/virginia/DNAharvester/work/4c/594b92840580e93e2d89e9e8bcc6a6/AF042_library-1/AF042_library-1_Stats_out_MCMC_trace.pdf` (pattern: `AF042_library-1/AF042_library-1_Stats_out_MCMC_trace.pdf`)
Aug-23 12:15:58.413 [Actor Thread 221] DEBUG n.processor.TaskFileCollector - Process `BAM_PROCESSING:BP_MAPDAMAGE2 (10)` is unable to find [UnixPath]: `/cfs/klemming/projects/supr/museomics_store_2025/bees/virginia/DNAharvester/work/8c/a20710bbae0828193c7ea89adce9bf/AF048_library-1/AF048_library-1_Stats_out_MCMC_hist.pdf` (pattern: `AF048_library-1/AF048_library-1_Stats_out_MCMC_hist.pdf`)
Aug-23 12:15:58.416 [Actor Thread 181] DEBUG n.processor.TaskFileCollector - Process `BAM_PROCESSING:BP_MAPDAMAGE2 (9)` is unable to find [UnixPath]: `/cfs/klemming/projects/supr/museomics_store_2025/bees/virginia/DNAharvester/work/7d/c7acc1527b614b8ca84b6fa6fa6c74/AF014_library-1/AF014_library-1_Stats_out_MCMC_iter_summ_stat.csv` (pattern: `AF014_library-1/AF014_library-1_Stats_out_MCMC_iter_summ_stat.csv`)
Aug-23 12:15:58.416 [Actor Thread 191] DEBUG n.processor.TaskFileCollector - Process `BAM_PROCESSING:BP_MAPDAMAGE2 (7)` is unable to find [UnixPath]: `/cfs/klemming/projects/supr/museomics_store_2025/bees/virginia/DNAharvester/work/4c/594b92840580e93e2d89e9e8bcc6a6/AF042_library-1/AF042_library-1_Stats_out_MCMC_iter_summ_stat.csv` (pattern: `AF042_library-1/AF042_library-1_Stats_out_MCMC_iter_summ_stat.csv`)
Aug-23 12:15:58.417 [Actor Thread 202] DEBUG n.processor.TaskFileCollector - Process `BAM_PROCESSING:BP_MAPDAMAGE2 (11)` is unable to find [UnixPath]: `/cfs/klemming/projects/supr/museomics_store_2025/bees/virginia/DNAharvester/work/20/7831461a4e1b0cd5f98864a8dff603/AF047D_library-1/AF047D_library-1_Stats_out_MCMC_hist.pdf` (pattern: `AF047D_library-1/AF047D_library-1_Stats_out_MCMC_hist.pdf`)
Aug-23 12:15:58.417 [Actor Thread 221] DEBUG n.processor.TaskFileCollector - Process `BAM_PROCESSING:BP_MAPDAMAGE2 (10)` is unable to find [UnixPath]: `/cfs/klemming/projects/supr/museomics_store_2025/bees/virginia/DNAharvester/work/8c/a20710bbae0828193c7ea89adce9bf/AF048_library-1/AF048_library-1_Stats_out_MCMC_iter.csv` (pattern: `AF048_library-1/AF048_library-1_Stats_out_MCMC_iter.csv`)
Aug-23 12:15:58.417 [Actor Thread 189] DEBUG nextflow.processor.TaskProcessor - Process MICROBIAL_SCREENING:MS_SAMREMOVEDUP_SAMPLE_INDEX > Skipping output binding because one or more optional files are missing: fileoutparam<1:1>
Aug-23 12:15:58.418 [Actor Thread 189] DEBUG nextflow.processor.TaskProcessor - Process MICROBIAL_SCREENING:MS_SAMREMOVEDUP_SAMPLE_INDEX > Skipping output binding because one or more optional files are missing: fileoutparam<2:1>
Aug-23 12:15:58.418 [Actor Thread 223] DEBUG nextflow.processor.TaskProcessor - Process BAM_PROCESSING:BP_SAMTOOLS_MERGE_SAMPLE > Skipping output binding because one or more optional files are missing: fileoutparam<1:1>
Aug-23 12:15:58.419 [Actor Thread 223] DEBUG nextflow.processor.TaskProcessor - Process BAM_PROCESSING:BP_SAMTOOLS_MERGE_SAMPLE > Skipping output binding because one or more optional files are missing: fileoutparam<2:1>
Aug-23 12:15:58.420 [Actor Thread 223] DEBUG nextflow.processor.TaskProcessor - Process BAM_PROCESSING:BP_SAMTOOLS_MERGE_SAMPLE > Skipping output binding because one or more optional files are missing: fileoutparam<3:1>
Aug-23 12:15:58.420 [Actor Thread 181] DEBUG n.processor.TaskFileCollector - Process `BAM_PROCESSING:BP_MAPDAMAGE2 (9)` is unable to find [UnixPath]: `/cfs/klemming/projects/supr/museomics_store_2025/bees/virginia/DNAharvester/work/7d/c7acc1527b614b8ca84b6fa6fa6c74/AF014_library-1/AF014_library-1_Stats_out_MCMC_post_pred.pdf` (pattern: `AF014_library-1/AF014_library-1_Stats_out_MCMC_post_pred.pdf`)
Aug-23 12:15:58.420 [Actor Thread 191] DEBUG n.processor.TaskFileCollector - Process `BAM_PROCESSING:BP_MAPDAMAGE2 (7)` is unable to find [UnixPath]: `/cfs/klemming/projects/supr/museomics_store_2025/bees/virginia/DNAharvester/work/4c/594b92840580e93e2d89e9e8bcc6a6/AF042_library-1/AF042_library-1_Stats_out_MCMC_post_pred.pdf` (pattern: `AF042_library-1/AF042_library-1_Stats_out_MCMC_post_pred.pdf`)
Aug-23 12:15:58.421 [Actor Thread 202] DEBUG n.processor.TaskFileCollector - Process `BAM_PROCESSING:BP_MAPDAMAGE2 (11)` is unable to find [UnixPath]: `/cfs/klemming/projects/supr/museomics_store_2025/bees/virginia/DNAharvester/work/20/7831461a4e1b0cd5f98864a8dff603/AF047D_library-1/AF047D_library-1_Stats_out_MCMC_iter.csv` (pattern: `AF047D_library-1/AF047D_library-1_Stats_out_MCMC_iter.csv`)
Aug-23 12:15:58.422 [Actor Thread 221] DEBUG n.processor.TaskFileCollector - Process `BAM_PROCESSING:BP_MAPDAMAGE2 (10)` is unable to find [UnixPath]: `/cfs/klemming/projects/supr/museomics_store_2025/bees/virginia/DNAharvester/work/8c/a20710bbae0828193c7ea89adce9bf/AF048_library-1/AF048_library-1_Stats_out_MCMC_trace.pdf` (pattern: `AF048_library-1/AF048_library-1_Stats_out_MCMC_trace.pdf`)
Aug-23 12:15:58.424 [Actor Thread 175] DEBUG nextflow.processor.TaskProcessor - Process MICROBIAL_SCREENING:MS_SAMREMOVEDUP_SAMPLE_INDEX > Skipping output binding because one or more optional files are missing: fileoutparam<1:1>
Aug-23 12:15:58.425 [Actor Thread 191] DEBUG n.processor.TaskFileCollector - Process `BAM_PROCESSING:BP_MAPDAMAGE2 (7)` is unable to find [UnixPath]: `/cfs/klemming/projects/supr/museomics_store_2025/bees/virginia/DNAharvester/work/4c/594b92840580e93e2d89e9e8bcc6a6/AF042_library-1/AF042_library-1_Stats_out_MCMC_correct_prob.csv` (pattern: `AF042_library-1/AF042_library-1_Stats_out_MCMC_correct_prob.csv`)
Aug-23 12:15:58.425 [Actor Thread 181] DEBUG n.processor.TaskFileCollector - Process `BAM_PROCESSING:BP_MAPDAMAGE2 (9)` is unable to find [UnixPath]: `/cfs/klemming/projects/supr/museomics_store_2025/bees/virginia/DNAharvester/work/7d/c7acc1527b614b8ca84b6fa6fa6c74/AF014_library-1/AF014_library-1_Stats_out_MCMC_correct_prob.csv` (pattern: `AF014_library-1/AF014_library-1_Stats_out_MCMC_correct_prob.csv`)
Aug-23 12:15:58.425 [Actor Thread 175] DEBUG nextflow.processor.TaskProcessor - Process MICROBIAL_SCREENING:MS_SAMREMOVEDUP_SAMPLE_INDEX > Skipping output binding because one or more optional files are missing: fileoutparam<2:1>
Aug-23 12:15:58.426 [Actor Thread 202] DEBUG n.processor.TaskFileCollector - Process `BAM_PROCESSING:BP_MAPDAMAGE2 (11)` is unable to find [UnixPath]: `/cfs/klemming/projects/supr/museomics_store_2025/bees/virginia/DNAharvester/work/20/7831461a4e1b0cd5f98864a8dff603/AF047D_library-1/AF047D_library-1_Stats_out_MCMC_trace.pdf` (pattern: `AF047D_library-1/AF047D_library-1_Stats_out_MCMC_trace.pdf`)
Aug-23 12:15:58.426 [Actor Thread 221] DEBUG n.processor.TaskFileCollector - Process `BAM_PROCESSING:BP_MAPDAMAGE2 (10)` is unable to find [UnixPath]: `/cfs/klemming/projects/supr/museomics_store_2025/bees/virginia/DNAharvester/work/8c/a20710bbae0828193c7ea89adce9bf/AF048_library-1/AF048_library-1_Stats_out_MCMC_iter_summ_stat.csv` (pattern: `AF048_library-1/AF048_library-1_Stats_out_MCMC_iter_summ_stat.csv`)
Aug-23 12:15:58.429 [Actor Thread 207] INFO  nextflow.processor.TaskProcessor - [cc/a7d301] Cached process > BAM_PROCESSING:BP_MAPDAMAGE2 (AF048D_library-1)
Aug-23 12:15:58.429 [Actor Thread 246] INFO  nextflow.processor.TaskProcessor - [3e/092d05] Cached process > BAM_PROCESSING:BP_MAPDAMAGE2 (AF014D_library-1)
Aug-23 12:15:58.429 [Actor Thread 191] DEBUG n.processor.TaskFileCollector - Process `BAM_PROCESSING:BP_MAPDAMAGE2 (7)` is unable to find [UnixPath]: `/cfs/klemming/projects/supr/museomics_store_2025/bees/virginia/DNAharvester/work/4c/594b92840580e93e2d89e9e8bcc6a6/AF042_library-1/AF042_library-1_dnacomp_genome.csv` (pattern: `AF042_library-1/AF042_library-1_dnacomp_genome.csv`)
Aug-23 12:15:58.430 [Actor Thread 181] DEBUG n.processor.TaskFileCollector - Process `BAM_PROCESSING:BP_MAPDAMAGE2 (9)` is unable to find [UnixPath]: `/cfs/klemming/projects/supr/museomics_store_2025/bees/virginia/DNAharvester/work/7d/c7acc1527b614b8ca84b6fa6fa6c74/AF014_library-1/AF014_library-1_dnacomp_genome.csv` (pattern: `AF014_library-1/AF014_library-1_dnacomp_genome.csv`)
Aug-23 12:15:58.430 [Actor Thread 202] DEBUG n.processor.TaskFileCollector - Process `BAM_PROCESSING:BP_MAPDAMAGE2 (11)` is unable to find [UnixPath]: `/cfs/klemming/projects/supr/museomics_store_2025/bees/virginia/DNAharvester/work/20/7831461a4e1b0cd5f98864a8dff603/AF047D_library-1/AF047D_library-1_Stats_out_MCMC_iter_summ_stat.csv` (pattern: `AF047D_library-1/AF047D_library-1_Stats_out_MCMC_iter_summ_stat.csv`)
Aug-23 12:15:58.430 [Actor Thread 221] DEBUG n.processor.TaskFileCollector - Process `BAM_PROCESSING:BP_MAPDAMAGE2 (10)` is unable to find [UnixPath]: `/cfs/klemming/projects/supr/museomics_store_2025/bees/virginia/DNAharvester/work/8c/a20710bbae0828193c7ea89adce9bf/AF048_library-1/AF048_library-1_Stats_out_MCMC_post_pred.pdf` (pattern: `AF048_library-1/AF048_library-1_Stats_out_MCMC_post_pred.pdf`)
Aug-23 12:15:58.431 [Actor Thread 241] INFO  nextflow.processor.TaskProcessor - [24/5ea78d] Cached process > BAM_PROCESSING:BP_MAPDAMAGE2 (AF042D_library-1)
Aug-23 12:15:58.431 [Actor Thread 170] DEBUG nextflow.processor.TaskProcessor - Process MICROBIAL_SCREENING:MS_SAMREMOVEDUP_SAMPLE_INDEX > Skipping output binding because one or more optional files are missing: fileoutparam<1:1>
Aug-23 12:15:58.432 [Actor Thread 227] INFO  nextflow.processor.TaskProcessor - [c1/74c5f7] Cached process > BAM_PROCESSING:BP_MAPDAMAGE2 (EX1_library-1)
Aug-23 12:15:58.432 [Actor Thread 170] DEBUG nextflow.processor.TaskProcessor - Process MICROBIAL_SCREENING:MS_SAMREMOVEDUP_SAMPLE_INDEX > Skipping output binding because one or more optional files are missing: fileoutparam<2:1>
Aug-23 12:15:58.434 [Actor Thread 202] DEBUG n.processor.TaskFileCollector - Process `BAM_PROCESSING:BP_MAPDAMAGE2 (11)` is unable to find [UnixPath]: `/cfs/klemming/projects/supr/museomics_store_2025/bees/virginia/DNAharvester/work/20/7831461a4e1b0cd5f98864a8dff603/AF047D_library-1/AF047D_library-1_Stats_out_MCMC_post_pred.pdf` (pattern: `AF047D_library-1/AF047D_library-1_Stats_out_MCMC_post_pred.pdf`)
Aug-23 12:15:58.434 [Actor Thread 221] DEBUG n.processor.TaskFileCollector - Process `BAM_PROCESSING:BP_MAPDAMAGE2 (10)` is unable to find [UnixPath]: `/cfs/klemming/projects/supr/museomics_store_2025/bees/virginia/DNAharvester/work/8c/a20710bbae0828193c7ea89adce9bf/AF048_library-1/AF048_library-1_Stats_out_MCMC_correct_prob.csv` (pattern: `AF048_library-1/AF048_library-1_Stats_out_MCMC_correct_prob.csv`)
Aug-23 12:15:58.437 [Actor Thread 202] DEBUG n.processor.TaskFileCollector - Process `BAM_PROCESSING:BP_MAPDAMAGE2 (11)` is unable to find [UnixPath]: `/cfs/klemming/projects/supr/museomics_store_2025/bees/virginia/DNAharvester/work/20/7831461a4e1b0cd5f98864a8dff603/AF047D_library-1/AF047D_library-1_Stats_out_MCMC_correct_prob.csv` (pattern: `AF047D_library-1/AF047D_library-1_Stats_out_MCMC_correct_prob.csv`)
Aug-23 12:15:58.437 [Actor Thread 221] DEBUG n.processor.TaskFileCollector - Process `BAM_PROCESSING:BP_MAPDAMAGE2 (10)` is unable to find [UnixPath]: `/cfs/klemming/projects/supr/museomics_store_2025/bees/virginia/DNAharvester/work/8c/a20710bbae0828193c7ea89adce9bf/AF048_library-1/AF048_library-1_dnacomp_genome.csv` (pattern: `AF048_library-1/AF048_library-1_dnacomp_genome.csv`)
Aug-23 12:15:58.437 [Actor Thread 165] INFO  nextflow.processor.TaskProcessor - [ac/be22f1] Cached process > BAM_PROCESSING:BP_MAPDAMAGE2 (AF049D_library-1)
Aug-23 12:15:58.439 [Actor Thread 202] DEBUG n.processor.TaskFileCollector - Process `BAM_PROCESSING:BP_MAPDAMAGE2 (11)` is unable to find [UnixPath]: `/cfs/klemming/projects/supr/museomics_store_2025/bees/virginia/DNAharvester/work/20/7831461a4e1b0cd5f98864a8dff603/AF047D_library-1/AF047D_library-1_dnacomp_genome.csv` (pattern: `AF047D_library-1/AF047D_library-1_dnacomp_genome.csv`)
Aug-23 12:15:58.441 [Actor Thread 195] INFO  nextflow.processor.TaskProcessor - [5b/eaf3f8] Cached process > BAM_PROCESSING:BP_SAMTOOLS_MERGE_SAMPLE (AF048D)
Aug-23 12:15:58.441 [Actor Thread 226] INFO  nextflow.processor.TaskProcessor - [b8/c67c7b] Cached process > BAM_PROCESSING:BP_MAPDAMAGE2 (AF049_library-1)
Aug-23 12:15:58.442 [Actor Thread 197] INFO  nextflow.processor.TaskProcessor - [84/339f58] Cached process > BAM_PROCESSING:BP_MAPDAMAGE2 (AF047_library-1)
Aug-23 12:15:58.448 [Actor Thread 181] INFO  nextflow.processor.TaskProcessor - [7d/c7acc1] Cached process > BAM_PROCESSING:BP_MAPDAMAGE2 (AF014_library-1)
Aug-23 12:15:58.452 [Actor Thread 198] INFO  nextflow.processor.TaskProcessor - [44/8e6638] Cached process > BAM_PROCESSING:BP_SAMTOOLS_MERGE_SAMPLE_INDEX (AF047)
Aug-23 12:15:58.454 [Actor Thread 198] DEBUG nextflow.processor.TaskProcessor - Process BAM_PROCESSING:BP_SAMTOOLS_MERGE_SAMPLE_INDEX > Skipping output binding because one or more optional files are missing: fileoutparam<1:1>
Aug-23 12:15:58.454 [Actor Thread 198] DEBUG nextflow.processor.TaskProcessor - Process BAM_PROCESSING:BP_SAMTOOLS_MERGE_SAMPLE_INDEX > Skipping output binding because one or more optional files are missing: fileoutparam<2:1>
Aug-23 12:15:58.456 [Actor Thread 176] INFO  nextflow.processor.TaskProcessor - [b4/a4c41c] Cached process > BAM_PROCESSING:BP_SAMTOOLS_MERGE_SAMPLE_INDEX (AF048)
Aug-23 12:15:58.460 [Actor Thread 230] DEBUG nextflow.processor.TaskProcessor - Process BAM_PROCESSING:BP_SAMTOOLS_MERGE_SAMPLE > Skipping output binding because one or more optional files are missing: fileoutparam<1:1>
Aug-23 12:15:58.460 [Actor Thread 230] DEBUG nextflow.processor.TaskProcessor - Process BAM_PROCESSING:BP_SAMTOOLS_MERGE_SAMPLE > Skipping output binding because one or more optional files are missing: fileoutparam<2:1>
Aug-23 12:15:58.460 [Actor Thread 207] DEBUG nextflow.processor.TaskProcessor - Process BAM_PROCESSING:BP_MAPDAMAGE2 > Skipping output binding because one or more optional files are missing: fileoutparam<6:1>
Aug-23 12:15:58.461 [Actor Thread 230] DEBUG nextflow.processor.TaskProcessor - Process BAM_PROCESSING:BP_SAMTOOLS_MERGE_SAMPLE > Skipping output binding because one or more optional files are missing: fileoutparam<3:1>
Aug-23 12:15:58.461 [Actor Thread 207] DEBUG nextflow.processor.TaskProcessor - Process BAM_PROCESSING:BP_MAPDAMAGE2 > Skipping output binding because one or more optional files are missing: fileoutparam<7:1>
Aug-23 12:15:58.461 [Actor Thread 207] DEBUG nextflow.processor.TaskProcessor - Process BAM_PROCESSING:BP_MAPDAMAGE2 > Skipping output binding because one or more optional files are missing: fileoutparam<8:1>
Aug-23 12:15:58.462 [Actor Thread 207] DEBUG nextflow.processor.TaskProcessor - Process BAM_PROCESSING:BP_MAPDAMAGE2 > Skipping output binding because one or more optional files are missing: fileoutparam<9:1>
Aug-23 12:15:58.462 [Actor Thread 207] DEBUG nextflow.processor.TaskProcessor - Process BAM_PROCESSING:BP_MAPDAMAGE2 > Skipping output binding because one or more optional files are missing: fileoutparam<10:1>
Aug-23 12:15:58.463 [Actor Thread 207] DEBUG nextflow.processor.TaskProcessor - Process BAM_PROCESSING:BP_MAPDAMAGE2 > Skipping output binding because one or more optional files are missing: fileoutparam<11:1>
Aug-23 12:15:58.463 [Actor Thread 207] DEBUG nextflow.processor.TaskProcessor - Process BAM_PROCESSING:BP_MAPDAMAGE2 > Skipping output binding because one or more optional files are missing: fileoutparam<12:1>
Aug-23 12:15:58.464 [Actor Thread 207] DEBUG nextflow.processor.TaskProcessor - Process BAM_PROCESSING:BP_MAPDAMAGE2 > Skipping output binding because one or more optional files are missing: fileoutparam<13:1>
Aug-23 12:15:58.464 [Actor Thread 176] DEBUG nextflow.processor.TaskProcessor - Process BAM_PROCESSING:BP_SAMTOOLS_MERGE_SAMPLE_INDEX > Skipping output binding because one or more optional files are missing: fileoutparam<1:1>
Aug-23 12:15:58.465 [Actor Thread 176] DEBUG nextflow.processor.TaskProcessor - Process BAM_PROCESSING:BP_SAMTOOLS_MERGE_SAMPLE_INDEX > Skipping output binding because one or more optional files are missing: fileoutparam<2:1>
Aug-23 12:15:58.465 [Actor Thread 219] DEBUG nextflow.processor.TaskProcessor - Process BAM_PROCESSING:BP_SAMTOOLS_MERGE_SAMPLE > Skipping output binding because one or more optional files are missing: fileoutparam<1:1>
Aug-23 12:15:58.465 [Actor Thread 207] DEBUG nextflow.processor.TaskProcessor - Process BAM_PROCESSING:BP_MAPDAMAGE2 > Skipping output binding because one or more optional files are missing: fileoutparam<16:1>
Aug-23 12:15:58.466 [Actor Thread 219] DEBUG nextflow.processor.TaskProcessor - Process BAM_PROCESSING:BP_SAMTOOLS_MERGE_SAMPLE > Skipping output binding because one or more optional files are missing: fileoutparam<2:1>
Aug-23 12:15:58.466 [Actor Thread 219] DEBUG nextflow.processor.TaskProcessor - Process BAM_PROCESSING:BP_SAMTOOLS_MERGE_SAMPLE > Skipping output binding because one or more optional files are missing: fileoutparam<3:1>
Aug-23 12:15:58.474 [Actor Thread 217] INFO  nextflow.processor.TaskProcessor - [be/dc2791] Cached process > BAM_PROCESSING:BP_SAMREMOVEDUP_SAMPLE (AF042D)
Aug-23 12:15:58.478 [Actor Thread 181] DEBUG nextflow.processor.TaskProcessor - Process BAM_PROCESSING:BP_MAPDAMAGE2 > Skipping output binding because one or more optional files are missing: fileoutparam<6:1>
Aug-23 12:15:58.478 [Actor Thread 181] DEBUG nextflow.processor.TaskProcessor - Process BAM_PROCESSING:BP_MAPDAMAGE2 > Skipping output binding because one or more optional files are missing: fileoutparam<7:1>
Aug-23 12:15:58.478 [Actor Thread 181] DEBUG nextflow.processor.TaskProcessor - Process BAM_PROCESSING:BP_MAPDAMAGE2 > Skipping output binding because one or more optional files are missing: fileoutparam<8:1>
Aug-23 12:15:58.478 [Actor Thread 181] DEBUG nextflow.processor.TaskProcessor - Process BAM_PROCESSING:BP_MAPDAMAGE2 > Skipping output binding because one or more optional files are missing: fileoutparam<9:1>
Aug-23 12:15:58.478 [Actor Thread 181] DEBUG nextflow.processor.TaskProcessor - Process BAM_PROCESSING:BP_MAPDAMAGE2 > Skipping output binding because one or more optional files are missing: fileoutparam<10:1>
Aug-23 12:15:58.479 [Actor Thread 181] DEBUG nextflow.processor.TaskProcessor - Process BAM_PROCESSING:BP_MAPDAMAGE2 > Skipping output binding because one or more optional files are missing: fileoutparam<11:1>
Aug-23 12:15:58.479 [Actor Thread 254] INFO  nextflow.processor.TaskProcessor - [e2/ad1383] Cached process > BAM_PROCESSING:BP_SAMTOOLS_MERGE_SAMPLE_INDEX (AF042D)
Aug-23 12:15:58.479 [Actor Thread 181] DEBUG nextflow.processor.TaskProcessor - Process BAM_PROCESSING:BP_MAPDAMAGE2 > Skipping output binding because one or more optional files are missing: fileoutparam<12:1>
Aug-23 12:15:58.479 [Actor Thread 181] DEBUG nextflow.processor.TaskProcessor - Process BAM_PROCESSING:BP_MAPDAMAGE2 > Skipping output binding because one or more optional files are missing: fileoutparam<13:1>
Aug-23 12:15:58.479 [Actor Thread 181] DEBUG nextflow.processor.TaskProcessor - Process BAM_PROCESSING:BP_MAPDAMAGE2 > Skipping output binding because one or more optional files are missing: fileoutparam<16:1>
Aug-23 12:15:58.481 [Actor Thread 254] DEBUG nextflow.processor.TaskProcessor - Process BAM_PROCESSING:BP_SAMTOOLS_MERGE_SAMPLE_INDEX > Skipping output binding because one or more optional files are missing: fileoutparam<1:1>
Aug-23 12:15:58.481 [Actor Thread 254] DEBUG nextflow.processor.TaskProcessor - Process BAM_PROCESSING:BP_SAMTOOLS_MERGE_SAMPLE_INDEX > Skipping output binding because one or more optional files are missing: fileoutparam<2:1>
Aug-23 12:15:58.497 [Actor Thread 242] INFO  nextflow.processor.TaskProcessor - [1a/f480e2] Cached process > PROCESSED_BAM_QC:PBQC_MULTIQC_DEDUP_LIB
Aug-23 12:15:58.499 [Actor Thread 200] INFO  nextflow.processor.TaskProcessor - [af/27e008] Cached process > BAM_PROCESSING:BP_SAMREMOVEDUP_SAMPLE (AF048)
Aug-23 12:15:58.499 [Actor Thread 188] DEBUG nextflow.processor.TaskProcessor - Process BAM_PROCESSING:BP_SAMTOOLS_MERGE_SAMPLE > Skipping output binding because one or more optional files are missing: fileoutparam<1:1>
Aug-23 12:15:58.500 [Actor Thread 188] DEBUG nextflow.processor.TaskProcessor - Process BAM_PROCESSING:BP_SAMTOOLS_MERGE_SAMPLE > Skipping output binding because one or more optional files are missing: fileoutparam<2:1>
Aug-23 12:15:58.501 [Actor Thread 188] DEBUG nextflow.processor.TaskProcessor - Process BAM_PROCESSING:BP_SAMTOOLS_MERGE_SAMPLE > Skipping output binding because one or more optional files are missing: fileoutparam<3:1>
Aug-23 12:15:58.501 [Actor Thread 242] DEBUG nextflow.processor.TaskProcessor - Process PROCESSED_BAM_QC:PBQC_MULTIQC_DEDUP_LIB > Skipping output binding because one or more optional files are missing: fileoutparam<2>
Aug-23 12:15:58.503 [Actor Thread 221] INFO  nextflow.processor.TaskProcessor - [8c/a20710] Cached process > BAM_PROCESSING:BP_MAPDAMAGE2 (AF048_library-1)
Aug-23 12:15:58.503 [Actor Thread 202] INFO  nextflow.processor.TaskProcessor - [20/783146] Cached process > BAM_PROCESSING:BP_MAPDAMAGE2 (AF047D_library-1)
Aug-23 12:15:58.507 [Actor Thread 239] DEBUG nextflow.processor.TaskProcessor - Process BAM_PROCESSING:BP_SAMTOOLS_MERGE_SAMPLE > Skipping output binding because one or more optional files are missing: fileoutparam<1:1>
Aug-23 12:15:58.507 [Actor Thread 191] INFO  nextflow.processor.TaskProcessor - [4c/594b92] Cached process > BAM_PROCESSING:BP_MAPDAMAGE2 (AF042_library-1)
Aug-23 12:15:58.507 [Actor Thread 239] DEBUG nextflow.processor.TaskProcessor - Process BAM_PROCESSING:BP_SAMTOOLS_MERGE_SAMPLE > Skipping output binding because one or more optional files are missing: fileoutparam<2:1>
Aug-23 12:15:58.508 [Actor Thread 239] DEBUG nextflow.processor.TaskProcessor - Process BAM_PROCESSING:BP_SAMTOOLS_MERGE_SAMPLE > Skipping output binding because one or more optional files are missing: fileoutparam<3:1>
Aug-23 12:15:58.510 [Actor Thread 170] INFO  nextflow.processor.TaskProcessor - [75/6f8808] Cached process > BAM_PROCESSING:BP_SAMTOOLS_MERGE_SAMPLE_INDEX (AF014)
Aug-23 12:15:58.511 [Actor Thread 197] DEBUG nextflow.processor.TaskProcessor - Process BAM_PROCESSING:BP_MAPDAMAGE2 > Skipping output binding because one or more optional files are missing: fileoutparam<6:1>
Aug-23 12:15:58.512 [Actor Thread 197] DEBUG nextflow.processor.TaskProcessor - Process BAM_PROCESSING:BP_MAPDAMAGE2 > Skipping output binding because one or more optional files are missing: fileoutparam<7:1>
Aug-23 12:15:58.512 [Actor Thread 197] DEBUG nextflow.processor.TaskProcessor - Process BAM_PROCESSING:BP_MAPDAMAGE2 > Skipping output binding because one or more optional files are missing: fileoutparam<8:1>
Aug-23 12:15:58.512 [Actor Thread 170] DEBUG nextflow.processor.TaskProcessor - Process BAM_PROCESSING:BP_SAMTOOLS_MERGE_SAMPLE_INDEX > Skipping output binding because one or more optional files are missing: fileoutparam<1:1>
Aug-23 12:15:58.512 [Actor Thread 195] DEBUG nextflow.processor.TaskProcessor - Process BAM_PROCESSING:BP_SAMTOOLS_MERGE_SAMPLE > Skipping output binding because one or more optional files are missing: fileoutparam<1:1>
Aug-23 12:15:58.512 [Actor Thread 197] DEBUG nextflow.processor.TaskProcessor - Process BAM_PROCESSING:BP_MAPDAMAGE2 > Skipping output binding because one or more optional files are missing: fileoutparam<9:1>
Aug-23 12:15:58.513 [Actor Thread 170] DEBUG nextflow.processor.TaskProcessor - Process BAM_PROCESSING:BP_SAMTOOLS_MERGE_SAMPLE_INDEX > Skipping output binding because one or more optional files are missing: fileoutparam<2:1>
Aug-23 12:15:58.513 [Actor Thread 195] DEBUG nextflow.processor.TaskProcessor - Process BAM_PROCESSING:BP_SAMTOOLS_MERGE_SAMPLE > Skipping output binding because one or more optional files are missing: fileoutparam<2:1>
Aug-23 12:15:58.513 [Actor Thread 197] DEBUG nextflow.processor.TaskProcessor - Process BAM_PROCESSING:BP_MAPDAMAGE2 > Skipping output binding because one or more optional files are missing: fileoutparam<10:1>
Aug-23 12:15:58.513 [Actor Thread 195] DEBUG nextflow.processor.TaskProcessor - Process BAM_PROCESSING:BP_SAMTOOLS_MERGE_SAMPLE > Skipping output binding because one or more optional files are missing: fileoutparam<3:1>
Aug-23 12:15:58.513 [Actor Thread 197] DEBUG nextflow.processor.TaskProcessor - Process BAM_PROCESSING:BP_MAPDAMAGE2 > Skipping output binding because one or more optional files are missing: fileoutparam<11:1>
Aug-23 12:15:58.514 [Actor Thread 197] DEBUG nextflow.processor.TaskProcessor - Process BAM_PROCESSING:BP_MAPDAMAGE2 > Skipping output binding because one or more optional files are missing: fileoutparam<12:1>
Aug-23 12:15:58.515 [Actor Thread 197] DEBUG nextflow.processor.TaskProcessor - Process BAM_PROCESSING:BP_MAPDAMAGE2 > Skipping output binding because one or more optional files are missing: fileoutparam<13:1>
Aug-23 12:15:58.515 [Actor Thread 197] DEBUG nextflow.processor.TaskProcessor - Process BAM_PROCESSING:BP_MAPDAMAGE2 > Skipping output binding because one or more optional files are missing: fileoutparam<16:1>
Aug-23 12:15:58.516 [Actor Thread 194] INFO  nextflow.processor.TaskProcessor - [a2/7f3a1d] Cached process > PROCESSED_BAM_QC:PBQC_FLAGSTAT_MERGED_BAM_SAMPLE (AF048)
Aug-23 12:15:58.517 [Actor Thread 228] DEBUG nextflow.processor.TaskProcessor - Process BAM_PROCESSING:BP_SAMTOOLS_MERGE_SAMPLE > Skipping output binding because one or more optional files are missing: fileoutparam<1:1>
Aug-23 12:15:58.517 [Actor Thread 228] DEBUG nextflow.processor.TaskProcessor - Process BAM_PROCESSING:BP_SAMTOOLS_MERGE_SAMPLE > Skipping output binding because one or more optional files are missing: fileoutparam<2:1>
Aug-23 12:15:58.518 [Actor Thread 228] DEBUG nextflow.processor.TaskProcessor - Process BAM_PROCESSING:BP_SAMTOOLS_MERGE_SAMPLE > Skipping output binding because one or more optional files are missing: fileoutparam<3:1>
Aug-23 12:15:58.521 [Actor Thread 226] DEBUG nextflow.processor.TaskProcessor - Process BAM_PROCESSING:BP_MAPDAMAGE2 > Skipping output binding because one or more optional files are missing: fileoutparam<6:1>
Aug-23 12:15:58.521 [Actor Thread 226] DEBUG nextflow.processor.TaskProcessor - Process BAM_PROCESSING:BP_MAPDAMAGE2 > Skipping output binding because one or more optional files are missing: fileoutparam<7:1>
Aug-23 12:15:58.521 [Actor Thread 226] DEBUG nextflow.processor.TaskProcessor - Process BAM_PROCESSING:BP_MAPDAMAGE2 > Skipping output binding because one or more optional files are missing: fileoutparam<8:1>
Aug-23 12:15:58.521 [Actor Thread 226] DEBUG nextflow.processor.TaskProcessor - Process BAM_PROCESSING:BP_MAPDAMAGE2 > Skipping output binding because one or more optional files are missing: fileoutparam<9:1>
Aug-23 12:15:58.521 [Actor Thread 226] DEBUG nextflow.processor.TaskProcessor - Process BAM_PROCESSING:BP_MAPDAMAGE2 > Skipping output binding because one or more optional files are missing: fileoutparam<10:1>
Aug-23 12:15:58.522 [Actor Thread 226] DEBUG nextflow.processor.TaskProcessor - Process BAM_PROCESSING:BP_MAPDAMAGE2 > Skipping output binding because one or more optional files are missing: fileoutparam<11:1>
Aug-23 12:15:58.522 [Actor Thread 226] DEBUG nextflow.processor.TaskProcessor - Process BAM_PROCESSING:BP_MAPDAMAGE2 > Skipping output binding because one or more optional files are missing: fileoutparam<12:1>
Aug-23 12:15:58.522 [Actor Thread 226] DEBUG nextflow.processor.TaskProcessor - Process BAM_PROCESSING:BP_MAPDAMAGE2 > Skipping output binding because one or more optional files are missing: fileoutparam<13:1>
Aug-23 12:15:58.522 [Actor Thread 226] DEBUG nextflow.processor.TaskProcessor - Process BAM_PROCESSING:BP_MAPDAMAGE2 > Skipping output binding because one or more optional files are missing: fileoutparam<16:1>
Aug-23 12:15:58.522 [Actor Thread 198] INFO  nextflow.processor.TaskProcessor - [55/406cc8] Cached process > BAM_PROCESSING:BP_SAMREMOVEDUP_SAMPLE (AF014)
Aug-23 12:15:58.527 [Actor Thread 165] DEBUG nextflow.processor.TaskProcessor - Process BAM_PROCESSING:BP_MAPDAMAGE2 > Skipping output binding because one or more optional files are missing: fileoutparam<6:1>
Aug-23 12:15:58.527 [Actor Thread 165] DEBUG nextflow.processor.TaskProcessor - Process BAM_PROCESSING:BP_MAPDAMAGE2 > Skipping output binding because one or more optional files are missing: fileoutparam<7:1>
Aug-23 12:15:58.527 [Actor Thread 165] DEBUG nextflow.processor.TaskProcessor - Process BAM_PROCESSING:BP_MAPDAMAGE2 > Skipping output binding because one or more optional files are missing: fileoutparam<8:1>
Aug-23 12:15:58.527 [Actor Thread 165] DEBUG nextflow.processor.TaskProcessor - Process BAM_PROCESSING:BP_MAPDAMAGE2 > Skipping output binding because one or more optional files are missing: fileoutparam<9:1>
Aug-23 12:15:58.527 [Actor Thread 165] DEBUG nextflow.processor.TaskProcessor - Process BAM_PROCESSING:BP_MAPDAMAGE2 > Skipping output binding because one or more optional files are missing: fileoutparam<10:1>
Aug-23 12:15:58.528 [Actor Thread 165] DEBUG nextflow.processor.TaskProcessor - Process BAM_PROCESSING:BP_MAPDAMAGE2 > Skipping output binding because one or more optional files are missing: fileoutparam<11:1>
Aug-23 12:15:58.528 [Actor Thread 165] DEBUG nextflow.processor.TaskProcessor - Process BAM_PROCESSING:BP_MAPDAMAGE2 > Skipping output binding because one or more optional files are missing: fileoutparam<12:1>
Aug-23 12:15:58.528 [Actor Thread 168] INFO  nextflow.processor.TaskProcessor - [b6/13b954] Cached process > BAM_PROCESSING:BP_SAMREMOVEDUP_SAMPLE (AF014D)
Aug-23 12:15:58.528 [Actor Thread 165] DEBUG nextflow.processor.TaskProcessor - Process BAM_PROCESSING:BP_MAPDAMAGE2 > Skipping output binding because one or more optional files are missing: fileoutparam<13:1>
Aug-23 12:15:58.528 [Actor Thread 165] DEBUG nextflow.processor.TaskProcessor - Process BAM_PROCESSING:BP_MAPDAMAGE2 > Skipping output binding because one or more optional files are missing: fileoutparam<16:1>
Aug-23 12:15:58.530 [Actor Thread 223] INFO  nextflow.processor.TaskProcessor - [d6/2dc1d0] Cached process > BAM_PROCESSING:BP_SAMTOOLS_MERGE_SAMPLE_INDEX (AF049)
Aug-23 12:15:58.531 [Actor Thread 189] INFO  nextflow.processor.TaskProcessor - [9e/b8c02e] Cached process > PROCESSED_BAM_QC:PBQC_FLAGSTAT_MERGED_BAM_SAMPLE (AF047)
Aug-23 12:15:58.532 [Actor Thread 223] DEBUG nextflow.processor.TaskProcessor - Process BAM_PROCESSING:BP_SAMTOOLS_MERGE_SAMPLE_INDEX > Skipping output binding because one or more optional files are missing: fileoutparam<1:1>
Aug-23 12:15:58.532 [Actor Thread 223] DEBUG nextflow.processor.TaskProcessor - Process BAM_PROCESSING:BP_SAMTOOLS_MERGE_SAMPLE_INDEX > Skipping output binding because one or more optional files are missing: fileoutparam<2:1>
Aug-23 12:15:58.533 [Actor Thread 192] INFO  nextflow.processor.TaskProcessor - [41/bbd98b] Cached process > BAM_PROCESSING:BP_SAMTOOLS_MERGE_SAMPLE_INDEX (AF014D)
Aug-23 12:15:58.533 [Actor Thread 180] INFO  nextflow.processor.TaskProcessor - [2d/bca8f9] Cached process > BAM_PROCESSING:BP_SAMREMOVEDUP_SAMPLE (AF047)
Aug-23 12:15:58.534 [Actor Thread 227] DEBUG nextflow.processor.TaskProcessor - Process BAM_PROCESSING:BP_MAPDAMAGE2 > Skipping output binding because one or more optional files are missing: fileoutparam<2:1>
Aug-23 12:15:58.536 [Actor Thread 192] DEBUG nextflow.processor.TaskProcessor - Process BAM_PROCESSING:BP_SAMTOOLS_MERGE_SAMPLE_INDEX > Skipping output binding because one or more optional files are missing: fileoutparam<1:1>
Aug-23 12:15:58.536 [Actor Thread 227] DEBUG nextflow.processor.TaskProcessor - Process BAM_PROCESSING:BP_MAPDAMAGE2 > Skipping output binding because one or more optional files are missing: fileoutparam<6:1>
Aug-23 12:15:58.536 [Actor Thread 192] DEBUG nextflow.processor.TaskProcessor - Process BAM_PROCESSING:BP_SAMTOOLS_MERGE_SAMPLE_INDEX > Skipping output binding because one or more optional files are missing: fileoutparam<2:1>
Aug-23 12:15:58.536 [Actor Thread 227] DEBUG nextflow.processor.TaskProcessor - Process BAM_PROCESSING:BP_MAPDAMAGE2 > Skipping output binding because one or more optional files are missing: fileoutparam<7:1>
Aug-23 12:15:58.537 [Actor Thread 227] DEBUG nextflow.processor.TaskProcessor - Process BAM_PROCESSING:BP_MAPDAMAGE2 > Skipping output binding because one or more optional files are missing: fileoutparam<8:1>
Aug-23 12:15:58.538 [Actor Thread 227] DEBUG nextflow.processor.TaskProcessor - Process BAM_PROCESSING:BP_MAPDAMAGE2 > Skipping output binding because one or more optional files are missing: fileoutparam<9:1>
Aug-23 12:15:58.539 [Actor Thread 227] DEBUG nextflow.processor.TaskProcessor - Process BAM_PROCESSING:BP_MAPDAMAGE2 > Skipping output binding because one or more optional files are missing: fileoutparam<10:1>
Aug-23 12:15:58.539 [Actor Thread 205] DEBUG nextflow.processor.TaskProcessor - Process BAM_PROCESSING:BP_SAMTOOLS_MERGE_SAMPLE > Skipping output binding because one or more optional files are missing: fileoutparam<1:1>
Aug-23 12:15:58.540 [Actor Thread 227] DEBUG nextflow.processor.TaskProcessor - Process BAM_PROCESSING:BP_MAPDAMAGE2 > Skipping output binding because one or more optional files are missing: fileoutparam<11:1>
Aug-23 12:15:58.540 [Actor Thread 205] DEBUG nextflow.processor.TaskProcessor - Process BAM_PROCESSING:BP_SAMTOOLS_MERGE_SAMPLE > Skipping output binding because one or more optional files are missing: fileoutparam<2:1>
Aug-23 12:15:58.540 [Actor Thread 227] DEBUG nextflow.processor.TaskProcessor - Process BAM_PROCESSING:BP_MAPDAMAGE2 > Skipping output binding because one or more optional files are missing: fileoutparam<12:1>
Aug-23 12:15:58.541 [Actor Thread 205] DEBUG nextflow.processor.TaskProcessor - Process BAM_PROCESSING:BP_SAMTOOLS_MERGE_SAMPLE > Skipping output binding because one or more optional files are missing: fileoutparam<3:1>
Aug-23 12:15:58.541 [Actor Thread 227] DEBUG nextflow.processor.TaskProcessor - Process BAM_PROCESSING:BP_MAPDAMAGE2 > Skipping output binding because one or more optional files are missing: fileoutparam<13:1>
Aug-23 12:15:58.544 [Actor Thread 175] INFO  nextflow.processor.TaskProcessor - [00/d5ff40] Cached process > PROCESSED_BAM_QC:PBQC_FLAGSTAT_MERGED_BAM_SAMPLE (AF042D)
Aug-23 12:15:58.544 [Actor Thread 227] DEBUG nextflow.processor.TaskProcessor - Process BAM_PROCESSING:BP_MAPDAMAGE2 > Skipping output binding because one or more optional files are missing: fileoutparam<16:1>
Aug-23 12:15:58.570 [Actor Thread 241] DEBUG nextflow.processor.TaskProcessor - Process BAM_PROCESSING:BP_MAPDAMAGE2 > Skipping output binding because one or more optional files are missing: fileoutparam<6:1>
Aug-23 12:15:58.571 [Actor Thread 241] DEBUG nextflow.processor.TaskProcessor - Process BAM_PROCESSING:BP_MAPDAMAGE2 > Skipping output binding because one or more optional files are missing: fileoutparam<7:1>
Aug-23 12:15:58.571 [Actor Thread 241] DEBUG nextflow.processor.TaskProcessor - Process BAM_PROCESSING:BP_MAPDAMAGE2 > Skipping output binding because one or more optional files are missing: fileoutparam<8:1>
Aug-23 12:15:58.572 [Actor Thread 241] DEBUG nextflow.processor.TaskProcessor - Process BAM_PROCESSING:BP_MAPDAMAGE2 > Skipping output binding because one or more optional files are missing: fileoutparam<9:1>
Aug-23 12:15:58.572 [Actor Thread 241] DEBUG nextflow.processor.TaskProcessor - Process BAM_PROCESSING:BP_MAPDAMAGE2 > Skipping output binding because one or more optional files are missing: fileoutparam<10:1>
Aug-23 12:15:58.573 [Actor Thread 241] DEBUG nextflow.processor.TaskProcessor - Process BAM_PROCESSING:BP_MAPDAMAGE2 > Skipping output binding because one or more optional files are missing: fileoutparam<11:1>
Aug-23 12:15:58.573 [Actor Thread 241] DEBUG nextflow.processor.TaskProcessor - Process BAM_PROCESSING:BP_MAPDAMAGE2 > Skipping output binding because one or more optional files are missing: fileoutparam<12:1>
Aug-23 12:15:58.574 [Actor Thread 241] DEBUG nextflow.processor.TaskProcessor - Process BAM_PROCESSING:BP_MAPDAMAGE2 > Skipping output binding because one or more optional files are missing: fileoutparam<13:1>
Aug-23 12:15:58.576 [Actor Thread 241] DEBUG nextflow.processor.TaskProcessor - Process BAM_PROCESSING:BP_MAPDAMAGE2 > Skipping output binding because one or more optional files are missing: fileoutparam<16:1>
Aug-23 12:15:58.584 [Actor Thread 219] INFO  nextflow.processor.TaskProcessor - [0e/f9c037] Cached process > BAM_PROCESSING:BP_SAMREMOVEDUP_SAMPLE_INDEX (AF042D)
Aug-23 12:15:58.586 [Actor Thread 219] DEBUG nextflow.processor.TaskProcessor - Process BAM_PROCESSING:BP_SAMREMOVEDUP_SAMPLE_INDEX > Skipping output binding because one or more optional files are missing: fileoutparam<1:1>
Aug-23 12:15:58.587 [Actor Thread 219] DEBUG nextflow.processor.TaskProcessor - Process BAM_PROCESSING:BP_SAMREMOVEDUP_SAMPLE_INDEX > Skipping output binding because one or more optional files are missing: fileoutparam<2:1>
Aug-23 12:15:58.588 [Actor Thread 246] DEBUG nextflow.processor.TaskProcessor - Process BAM_PROCESSING:BP_MAPDAMAGE2 > Skipping output binding because one or more optional files are missing: fileoutparam<6:1>
Aug-23 12:15:58.589 [Actor Thread 204] INFO  nextflow.processor.TaskProcessor - [39/ca5be6] Cached process > BAM_PROCESSING:BP_SAMREMOVEDUP_SAMPLE_INDEX (AF048)
Aug-23 12:15:58.589 [Actor Thread 246] DEBUG nextflow.processor.TaskProcessor - Process BAM_PROCESSING:BP_MAPDAMAGE2 > Skipping output binding because one or more optional files are missing: fileoutparam<7:1>
Aug-23 12:15:58.595 [Actor Thread 246] DEBUG nextflow.processor.TaskProcessor - Process BAM_PROCESSING:BP_MAPDAMAGE2 > Skipping output binding because one or more optional files are missing: fileoutparam<8:1>
Aug-23 12:15:58.595 [Actor Thread 246] DEBUG nextflow.processor.TaskProcessor - Process BAM_PROCESSING:BP_MAPDAMAGE2 > Skipping output binding because one or more optional files are missing: fileoutparam<9:1>
Aug-23 12:15:58.596 [Actor Thread 246] DEBUG nextflow.processor.TaskProcessor - Process BAM_PROCESSING:BP_MAPDAMAGE2 > Skipping output binding because one or more optional files are missing: fileoutparam<10:1>
Aug-23 12:15:58.596 [Actor Thread 246] DEBUG nextflow.processor.TaskProcessor - Process BAM_PROCESSING:BP_MAPDAMAGE2 > Skipping output binding because one or more optional files are missing: fileoutparam<11:1>
Aug-23 12:15:58.596 [Actor Thread 246] DEBUG nextflow.processor.TaskProcessor - Process BAM_PROCESSING:BP_MAPDAMAGE2 > Skipping output binding because one or more optional files are missing: fileoutparam<12:1>
Aug-23 12:15:58.597 [Actor Thread 246] DEBUG nextflow.processor.TaskProcessor - Process BAM_PROCESSING:BP_MAPDAMAGE2 > Skipping output binding because one or more optional files are missing: fileoutparam<13:1>
Aug-23 12:15:58.597 [Actor Thread 204] DEBUG nextflow.processor.TaskProcessor - Process BAM_PROCESSING:BP_SAMREMOVEDUP_SAMPLE_INDEX > Skipping output binding because one or more optional files are missing: fileoutparam<1:1>
Aug-23 12:15:58.597 [Actor Thread 246] DEBUG nextflow.processor.TaskProcessor - Process BAM_PROCESSING:BP_MAPDAMAGE2 > Skipping output binding because one or more optional files are missing: fileoutparam<16:1>
Aug-23 12:15:58.598 [Actor Thread 204] DEBUG nextflow.processor.TaskProcessor - Process BAM_PROCESSING:BP_SAMREMOVEDUP_SAMPLE_INDEX > Skipping output binding because one or more optional files are missing: fileoutparam<2:1>
Aug-23 12:15:58.598 [Actor Thread 176] INFO  nextflow.processor.TaskProcessor - [a2/1019a0] Cached process > PROCESSED_BAM_QC:PBQC_FLAGSTAT_MERGED_BAM_SAMPLE (AF049)
Aug-23 12:15:58.599 [Actor Thread 236] INFO  nextflow.processor.TaskProcessor - [4c/59a229] Cached process > BAM_PROCESSING:BP_SAMREMOVEDUP_SAMPLE (AF049)
Aug-23 12:15:58.605 [Actor Thread 254] INFO  nextflow.processor.TaskProcessor - [f8/604a81] Cached process > BAM_PROCESSING:BP_SAMREMOVEDUP_SAMPLE (AF047D)
Aug-23 12:15:58.609 [Actor Thread 248] INFO  nextflow.processor.TaskProcessor - [21/349e16] Cached process > BAM_PROCESSING:BP_SAMREMOVEDUP_SAMPLE (EX1)
Aug-23 12:15:58.611 [Actor Thread 201] INFO  nextflow.processor.TaskProcessor - [a4/2c1a51] Cached process > BAM_PROCESSING:BP_SAMREMOVEDUP_SAMPLE (AF048D)
Aug-23 12:15:58.615 [Actor Thread 192] INFO  nextflow.processor.TaskProcessor - [c0/6dfdbc] Cached process > BAM_PROCESSING:BP_SAMREMOVEDUP_SAMPLE_INDEX (AF047)
Aug-23 12:15:58.618 [Actor Thread 191] DEBUG nextflow.processor.TaskProcessor - Process BAM_PROCESSING:BP_MAPDAMAGE2 > Skipping output binding because one or more optional files are missing: fileoutparam<6:1>
Aug-23 12:15:58.619 [Actor Thread 191] DEBUG nextflow.processor.TaskProcessor - Process BAM_PROCESSING:BP_MAPDAMAGE2 > Skipping output binding because one or more optional files are missing: fileoutparam<7:1>
Aug-23 12:15:58.620 [Actor Thread 239] INFO  nextflow.processor.TaskProcessor - [8c/df653c] Cached process > PROCESSED_BAM_QC:PBQC_FLAGSTAT_MERGED_BAM_SAMPLE (AF014)
Aug-23 12:15:58.620 [Actor Thread 191] DEBUG nextflow.processor.TaskProcessor - Process BAM_PROCESSING:BP_MAPDAMAGE2 > Skipping output binding because one or more optional files are missing: fileoutparam<8:1>
Aug-23 12:15:58.620 [Actor Thread 198] INFO  nextflow.processor.TaskProcessor - [e7/454beb] Cached process > PROCESSED_BAM_QC:PBQC_FLAGSTAT_MERGED_BAM_SAMPLE (AF014D)
Aug-23 12:15:58.621 [Actor Thread 192] DEBUG nextflow.processor.TaskProcessor - Process BAM_PROCESSING:BP_SAMREMOVEDUP_SAMPLE_INDEX > Skipping output binding because one or more optional files are missing: fileoutparam<1:1>
Aug-23 12:15:58.621 [Actor Thread 191] DEBUG nextflow.processor.TaskProcessor - Process BAM_PROCESSING:BP_MAPDAMAGE2 > Skipping output binding because one or more optional files are missing: fileoutparam<9:1>
Aug-23 12:15:58.621 [Actor Thread 232] INFO  nextflow.processor.TaskProcessor - [87/6cf17c] Cached process > BAM_PROCESSING:BP_SAMTOOLS_MERGE_SAMPLE_INDEX (AF048D)
Aug-23 12:15:58.621 [Actor Thread 192] DEBUG nextflow.processor.TaskProcessor - Process BAM_PROCESSING:BP_SAMREMOVEDUP_SAMPLE_INDEX > Skipping output binding because one or more optional files are missing: fileoutparam<2:1>
Aug-23 12:15:58.622 [Actor Thread 191] DEBUG nextflow.processor.TaskProcessor - Process BAM_PROCESSING:BP_MAPDAMAGE2 > Skipping output binding because one or more optional files are missing: fileoutparam<10:1>
Aug-23 12:15:58.622 [Actor Thread 195] INFO  nextflow.processor.TaskProcessor - [a1/1853a0] Cached process > BAM_PROCESSING:BP_SAMREMOVEDUP_SAMPLE (AF049D)
Aug-23 12:15:58.623 [Actor Thread 191] DEBUG nextflow.processor.TaskProcessor - Process BAM_PROCESSING:BP_MAPDAMAGE2 > Skipping output binding because one or more optional files are missing: fileoutparam<11:1>
Aug-23 12:15:58.624 [Actor Thread 191] DEBUG nextflow.processor.TaskProcessor - Process BAM_PROCESSING:BP_MAPDAMAGE2 > Skipping output binding because one or more optional files are missing: fileoutparam<12:1>
Aug-23 12:15:58.624 [Actor Thread 191] DEBUG nextflow.processor.TaskProcessor - Process BAM_PROCESSING:BP_MAPDAMAGE2 > Skipping output binding because one or more optional files are missing: fileoutparam<13:1>
Aug-23 12:15:58.626 [Actor Thread 212] INFO  nextflow.processor.TaskProcessor - [61/1a6576] Cached process > BAM_PROCESSING:BP_SAMREMOVEDUP_SAMPLE (AF042)
Aug-23 12:15:58.627 [Actor Thread 191] DEBUG nextflow.processor.TaskProcessor - Process BAM_PROCESSING:BP_MAPDAMAGE2 > Skipping output binding because one or more optional files are missing: fileoutparam<16:1>
Aug-23 12:15:58.627 [Actor Thread 181] INFO  nextflow.processor.TaskProcessor - [31/f91701] Cached process > BAM_PROCESSING:BP_SAMTOOLS_MERGE_SAMPLE_INDEX (AF049D)
Aug-23 12:15:58.627 [Actor Thread 232] DEBUG nextflow.processor.TaskProcessor - Process BAM_PROCESSING:BP_SAMTOOLS_MERGE_SAMPLE_INDEX > Skipping output binding because one or more optional files are missing: fileoutparam<1:1>
Aug-23 12:15:58.628 [Actor Thread 232] DEBUG nextflow.processor.TaskProcessor - Process BAM_PROCESSING:BP_SAMTOOLS_MERGE_SAMPLE_INDEX > Skipping output binding because one or more optional files are missing: fileoutparam<2:1>
Aug-23 12:15:58.630 [Actor Thread 242] INFO  nextflow.processor.TaskProcessor - [8d/a479fd] Cached process > BAM_PROCESSING:BP_SAMTOOLS_MERGE_SAMPLE_INDEX (AF042)
Aug-23 12:15:58.630 [Actor Thread 230] INFO  nextflow.processor.TaskProcessor - [b1/97c393] Cached process > BAM_PROCESSING:BP_SAMREMOVEDUP_SAMPLE_INDEX (AF014)
Aug-23 12:15:58.631 [Actor Thread 188] DEBUG nextflow.util.HashBuilder - Unable to get file attributes file: /cfs/klemming/projects/supr/museomics_store_2025/bees/virginia/DNAharvester/null -- Cause: java.nio.file.NoSuchFileException: /cfs/klemming/projects/supr/museomics_store_2025/bees/virginia/DNAharvester/null
Aug-23 12:15:58.631 [Actor Thread 171] INFO  nextflow.processor.TaskProcessor - [02/8f26bc] Cached process > BAM_PROCESSING:BP_SAMTOOLS_MERGE_SAMPLE_INDEX (EX1)
Aug-23 12:15:58.631 [Actor Thread 235] INFO  nextflow.processor.TaskProcessor - [d5/b4631a] Cached process > BAM_PROCESSING:BP_SAMTOOLS_MERGE_SAMPLE_INDEX (AF047D)
Aug-23 12:15:58.635 [Actor Thread 198] DEBUG nextflow.container.SingularityCache - Apptainer found local store for image=docker://broadinstitute/gatk3:3.8-1; path=/cfs/klemming/projects/supr/museomics_store_2025/bees/virginia/DNAharvester/work/singularity/broadinstitute-gatk3-3.8-1.img
Aug-23 12:15:58.636 [Actor Thread 217] INFO  nextflow.processor.TaskProcessor - [c7/17ba80] Cached process > BAM_PROCESSING:BP_SAMREMOVEDUP_SAMPLE_INDEX (AF014D)
Aug-23 12:15:58.637 [Actor Thread 181] DEBUG nextflow.processor.TaskProcessor - Process BAM_PROCESSING:BP_SAMTOOLS_MERGE_SAMPLE_INDEX > Skipping output binding because one or more optional files are missing: fileoutparam<1:1>
Aug-23 12:15:58.637 [Actor Thread 230] DEBUG nextflow.processor.TaskProcessor - Process BAM_PROCESSING:BP_SAMREMOVEDUP_SAMPLE_INDEX > Skipping output binding because one or more optional files are missing: fileoutparam<1:1>
Aug-23 12:15:58.637 [Actor Thread 181] DEBUG nextflow.processor.TaskProcessor - Process BAM_PROCESSING:BP_SAMTOOLS_MERGE_SAMPLE_INDEX > Skipping output binding because one or more optional files are missing: fileoutparam<2:1>
Aug-23 12:15:58.638 [Actor Thread 230] DEBUG nextflow.processor.TaskProcessor - Process BAM_PROCESSING:BP_SAMREMOVEDUP_SAMPLE_INDEX > Skipping output binding because one or more optional files are missing: fileoutparam<2:1>
Aug-23 12:15:58.640 [Actor Thread 190] DEBUG nextflow.util.HashBuilder - Unable to get file attributes file: /cfs/klemming/projects/supr/museomics_store_2025/bees/virginia/DNAharvester/null -- Cause: java.nio.file.NoSuchFileException: /cfs/klemming/projects/supr/museomics_store_2025/bees/virginia/DNAharvester/null
Aug-23 12:15:58.645 [Actor Thread 235] DEBUG nextflow.processor.TaskProcessor - Process BAM_PROCESSING:BP_SAMTOOLS_MERGE_SAMPLE_INDEX > Skipping output binding because one or more optional files are missing: fileoutparam<1:1>
Aug-23 12:15:58.645 [Actor Thread 217] DEBUG nextflow.processor.TaskProcessor - Process BAM_PROCESSING:BP_SAMREMOVEDUP_SAMPLE_INDEX > Skipping output binding because one or more optional files are missing: fileoutparam<1:1>
Aug-23 12:15:58.646 [Actor Thread 235] DEBUG nextflow.processor.TaskProcessor - Process BAM_PROCESSING:BP_SAMTOOLS_MERGE_SAMPLE_INDEX > Skipping output binding because one or more optional files are missing: fileoutparam<2:1>
Aug-23 12:15:58.646 [Actor Thread 217] DEBUG nextflow.processor.TaskProcessor - Process BAM_PROCESSING:BP_SAMREMOVEDUP_SAMPLE_INDEX > Skipping output binding because one or more optional files are missing: fileoutparam<2:1>
Aug-23 12:15:58.653 [Actor Thread 247] INFO  nextflow.processor.TaskProcessor - [c1/e6b95c] Cached process > PROCESSED_BAM_QC:PBQC_FLAGSTAT_DEDUP_SAMPLE (AF042D)
Aug-23 12:15:58.655 [Actor Thread 171] DEBUG nextflow.processor.TaskProcessor - Process BAM_PROCESSING:BP_SAMTOOLS_MERGE_SAMPLE_INDEX > Skipping output binding because one or more optional files are missing: fileoutparam<1:1>
Aug-23 12:15:58.656 [Actor Thread 171] DEBUG nextflow.processor.TaskProcessor - Process BAM_PROCESSING:BP_SAMTOOLS_MERGE_SAMPLE_INDEX > Skipping output binding because one or more optional files are missing: fileoutparam<2:1>
Aug-23 12:15:58.659 [Actor Thread 219] DEBUG nextflow.util.HashBuilder - Unable to get file attributes file: /cfs/klemming/projects/supr/museomics_store_2025/bees/virginia/DNAharvester/null -- Cause: java.nio.file.NoSuchFileException: /cfs/klemming/projects/supr/museomics_store_2025/bees/virginia/DNAharvester/null
Aug-23 12:15:58.660 [Actor Thread 202] DEBUG nextflow.processor.TaskProcessor - Process BAM_PROCESSING:BP_MAPDAMAGE2 > Skipping output binding because one or more optional files are missing: fileoutparam<6:1>
Aug-23 12:15:58.661 [Actor Thread 241] INFO  nextflow.processor.TaskProcessor - [ac/62adf4] Cached process > PROCESSED_BAM_QC:PBQC_FLAGSTAT_DEDUP_SAMPLE (AF048)
Aug-23 12:15:58.661 [Actor Thread 188] INFO  nextflow.processor.TaskProcessor - [15/9ba42a] Cached process > PROCESSED_BAM_QC:PBQC_SAMTOOLS_DEPTH_MEAN (AF042D)
Aug-23 12:15:58.662 [Actor Thread 202] DEBUG nextflow.processor.TaskProcessor - Process BAM_PROCESSING:BP_MAPDAMAGE2 > Skipping output binding because one or more optional files are missing: fileoutparam<7:1>
Aug-23 12:15:58.663 [Actor Thread 202] DEBUG nextflow.processor.TaskProcessor - Process BAM_PROCESSING:BP_MAPDAMAGE2 > Skipping output binding because one or more optional files are missing: fileoutparam<8:1>
Aug-23 12:15:58.663 [Actor Thread 202] DEBUG nextflow.processor.TaskProcessor - Process BAM_PROCESSING:BP_MAPDAMAGE2 > Skipping output binding because one or more optional files are missing: fileoutparam<9:1>
Aug-23 12:15:58.664 [Actor Thread 202] DEBUG nextflow.processor.TaskProcessor - Process BAM_PROCESSING:BP_MAPDAMAGE2 > Skipping output binding because one or more optional files are missing: fileoutparam<10:1>
Aug-23 12:15:58.665 [Actor Thread 242] DEBUG nextflow.processor.TaskProcessor - Process BAM_PROCESSING:BP_SAMTOOLS_MERGE_SAMPLE_INDEX > Skipping output binding because one or more optional files are missing: fileoutparam<1:1>
Aug-23 12:15:58.665 [Actor Thread 202] DEBUG nextflow.processor.TaskProcessor - Process BAM_PROCESSING:BP_MAPDAMAGE2 > Skipping output binding because one or more optional files are missing: fileoutparam<11:1>
Aug-23 12:15:58.666 [Actor Thread 242] DEBUG nextflow.processor.TaskProcessor - Process BAM_PROCESSING:BP_SAMTOOLS_MERGE_SAMPLE_INDEX > Skipping output binding because one or more optional files are missing: fileoutparam<2:1>
Aug-23 12:15:58.667 [Actor Thread 202] DEBUG nextflow.processor.TaskProcessor - Process BAM_PROCESSING:BP_MAPDAMAGE2 > Skipping output binding because one or more optional files are missing: fileoutparam<12:1>
Aug-23 12:15:58.669 [Actor Thread 202] DEBUG nextflow.processor.TaskProcessor - Process BAM_PROCESSING:BP_MAPDAMAGE2 > Skipping output binding because one or more optional files are missing: fileoutparam<13:1>
Aug-23 12:15:58.670 [Actor Thread 190] INFO  nextflow.processor.TaskProcessor - [31/2a76ba] Cached process > PROCESSED_BAM_QC:PBQC_SAMTOOLS_DEPTH_MEAN (AF048)
Aug-23 12:15:58.671 [Actor Thread 202] DEBUG nextflow.processor.TaskProcessor - Process BAM_PROCESSING:BP_MAPDAMAGE2 > Skipping output binding because one or more optional files are missing: fileoutparam<16:1>
Aug-23 12:15:58.674 [Actor Thread 176] DEBUG nextflow.util.HashBuilder - Unable to get file attributes file: /cfs/klemming/projects/supr/museomics_store_2025/bees/virginia/DNAharvester/null -- Cause: java.nio.file.NoSuchFileException: /cfs/klemming/projects/supr/museomics_store_2025/bees/virginia/DNAharvester/null
Aug-23 12:15:58.675 [Actor Thread 197] INFO  nextflow.processor.TaskProcessor - [22/d6c76e] Cached process > BAM_PROCESSING:BP_SAMREMOVEDUP_SAMPLE_INDEX (AF049)
Aug-23 12:15:58.679 [Actor Thread 211] INFO  nextflow.processor.TaskProcessor - [c7/12755c] Cached process > BAM_PROCESSING:BP_GATK_INDEL_REALIGNER (AF042D)
Aug-23 12:15:58.683 [Actor Thread 169] INFO  nextflow.processor.TaskProcessor - [a1/61b475] Cached process > BAM_PROCESSING:BP_SAMREMOVEDUP_SAMPLE_INDEX (AF047D)
Aug-23 12:15:58.684 [Actor Thread 197] DEBUG nextflow.processor.TaskProcessor - Process BAM_PROCESSING:BP_SAMREMOVEDUP_SAMPLE_INDEX > Skipping output binding because one or more optional files are missing: fileoutparam<1:1>
Aug-23 12:15:58.685 [Actor Thread 197] DEBUG nextflow.processor.TaskProcessor - Process BAM_PROCESSING:BP_SAMREMOVEDUP_SAMPLE_INDEX > Skipping output binding because one or more optional files are missing: fileoutparam<2:1>
Aug-23 12:15:58.686 [Actor Thread 238] DEBUG nextflow.util.HashBuilder - Unable to get file attributes file: /cfs/klemming/projects/supr/museomics_store_2025/bees/virginia/DNAharvester/null -- Cause: java.nio.file.NoSuchFileException: /cfs/klemming/projects/supr/museomics_store_2025/bees/virginia/DNAharvester/null
Aug-23 12:15:58.688 [Actor Thread 173] INFO  nextflow.processor.TaskProcessor - [93/4ac60e] Cached process > BAM_PROCESSING:BP_GATK_INDEL_REALIGNER (AF048)
Aug-23 12:15:58.692 [Actor Thread 169] DEBUG nextflow.processor.TaskProcessor - Process BAM_PROCESSING:BP_SAMREMOVEDUP_SAMPLE_INDEX > Skipping output binding because one or more optional files are missing: fileoutparam<1:1>
Aug-23 12:15:58.693 [Actor Thread 214] INFO  nextflow.processor.TaskProcessor - [22/0a6e55] Cached process > PROCESSED_BAM_QC:PBQC_FLAGSTAT_DEDUP_SAMPLE (AF047)
Aug-23 12:15:58.693 [Actor Thread 169] DEBUG nextflow.processor.TaskProcessor - Process BAM_PROCESSING:BP_SAMREMOVEDUP_SAMPLE_INDEX > Skipping output binding because one or more optional files are missing: fileoutparam<2:1>
Aug-23 12:15:58.694 [Actor Thread 219] INFO  nextflow.processor.TaskProcessor - [89/780731] Cached process > PROCESSED_BAM_QC:PBQC_SAMTOOLS_DEPTH_MEAN (AF047)
Aug-23 12:15:58.695 [Actor Thread 201] INFO  nextflow.processor.TaskProcessor - [ab/1ed040] Cached process > PROCESSED_BAM_QC:PBQC_FLAGSTAT_MERGED_BAM_SAMPLE (AF048D)
Aug-23 12:15:58.698 [Actor Thread 252] INFO  nextflow.processor.TaskProcessor - [7a/43ae40] Cached process > BAM_PROCESSING:BP_SAMREMOVEDUP_SAMPLE_INDEX (AF049D)
Aug-23 12:15:58.698 [Actor Thread 210] INFO  nextflow.processor.TaskProcessor - [85/a90ae6] Cached process > BAM_PROCESSING:BP_SAMREMOVEDUP_SAMPLE_INDEX (EX1)
Aug-23 12:15:58.702 [Actor Thread 221] DEBUG nextflow.processor.TaskProcessor - Process BAM_PROCESSING:BP_MAPDAMAGE2 > Skipping output binding because one or more optional files are missing: fileoutparam<6:1>
Aug-23 12:15:58.703 [Actor Thread 221] DEBUG nextflow.processor.TaskProcessor - Process BAM_PROCESSING:BP_MAPDAMAGE2 > Skipping output binding because one or more optional files are missing: fileoutparam<7:1>
Aug-23 12:15:58.704 [Actor Thread 221] DEBUG nextflow.processor.TaskProcessor - Process BAM_PROCESSING:BP_MAPDAMAGE2 > Skipping output binding because one or more optional files are missing: fileoutparam<8:1>
Aug-23 12:15:58.705 [Actor Thread 221] DEBUG nextflow.processor.TaskProcessor - Process BAM_PROCESSING:BP_MAPDAMAGE2 > Skipping output binding because one or more optional files are missing: fileoutparam<9:1>
Aug-23 12:15:58.706 [Actor Thread 221] DEBUG nextflow.processor.TaskProcessor - Process BAM_PROCESSING:BP_MAPDAMAGE2 > Skipping output binding because one or more optional files are missing: fileoutparam<10:1>
Aug-23 12:15:58.707 [Actor Thread 252] DEBUG nextflow.processor.TaskProcessor - Process BAM_PROCESSING:BP_SAMREMOVEDUP_SAMPLE_INDEX > Skipping output binding because one or more optional files are missing: fileoutparam<1:1>
Aug-23 12:15:58.707 [Actor Thread 221] DEBUG nextflow.processor.TaskProcessor - Process BAM_PROCESSING:BP_MAPDAMAGE2 > Skipping output binding because one or more optional files are missing: fileoutparam<11:1>
Aug-23 12:15:58.708 [Actor Thread 252] DEBUG nextflow.processor.TaskProcessor - Process BAM_PROCESSING:BP_SAMREMOVEDUP_SAMPLE_INDEX > Skipping output binding because one or more optional files are missing: fileoutparam<2:1>
Aug-23 12:15:58.708 [Actor Thread 221] DEBUG nextflow.processor.TaskProcessor - Process BAM_PROCESSING:BP_MAPDAMAGE2 > Skipping output binding because one or more optional files are missing: fileoutparam<12:1>
Aug-23 12:15:58.710 [Actor Thread 221] DEBUG nextflow.processor.TaskProcessor - Process BAM_PROCESSING:BP_MAPDAMAGE2 > Skipping output binding because one or more optional files are missing: fileoutparam<13:1>
Aug-23 12:15:58.712 [Actor Thread 221] DEBUG nextflow.processor.TaskProcessor - Process BAM_PROCESSING:BP_MAPDAMAGE2 > Skipping output binding because one or more optional files are missing: fileoutparam<16:1>
Aug-23 12:15:58.713 [Actor Thread 248] INFO  nextflow.processor.TaskProcessor - [a3/029417] Cached process > PROCESSED_BAM_QC:PBQC_FLAGSTAT_DEDUP_SAMPLE (AF014)
Aug-23 12:15:58.713 [Actor Thread 177] INFO  nextflow.processor.TaskProcessor - [f2/81788b] Cached process > BAM_PROCESSING:BP_SAMREMOVEDUP_SAMPLE_INDEX (AF042)
Aug-23 12:15:58.713 [Actor Thread 192] INFO  nextflow.processor.TaskProcessor - [c5/93d93c] Cached process > PROCESSED_BAM_QC:PBQC_FLAGSTAT_MERGED_BAM_SAMPLE (AF049D)
Aug-23 12:15:58.713 [Actor Thread 224] INFO  nextflow.processor.TaskProcessor - [e7/493637] Cached process > BAM_PROCESSING:BP_SAMREMOVEDUP_SAMPLE_INDEX (AF048D)
Aug-23 12:15:58.714 [Actor Thread 239] INFO  nextflow.processor.TaskProcessor - [77/24fb35] Cached process > BAM_PROCESSING:BP_GATK_INDEL_REALIGNER (AF014)
Aug-23 12:15:58.714 [Actor Thread 174] INFO  nextflow.processor.TaskProcessor - [0f/f77d38] Cached process > PROCESSED_BAM_QC:PBQC_FLAGSTAT_DEDUP_SAMPLE (AF014D)
Aug-23 12:15:58.719 [Actor Thread 210] DEBUG nextflow.processor.TaskProcessor - Process BAM_PROCESSING:BP_SAMREMOVEDUP_SAMPLE_INDEX > Skipping output binding because one or more optional files are missing: fileoutparam<1:1>
Aug-23 12:15:58.719 [Actor Thread 176] INFO  nextflow.processor.TaskProcessor - [9b/1d2524] Cached process > PROCESSED_BAM_QC:PBQC_SAMTOOLS_DEPTH_MEAN (AF014)
Aug-23 12:15:58.720 [Actor Thread 210] DEBUG nextflow.processor.TaskProcessor - Process BAM_PROCESSING:BP_SAMREMOVEDUP_SAMPLE_INDEX > Skipping output binding because one or more optional files are missing: fileoutparam<2:1>
Aug-23 12:15:58.722 [Actor Thread 238] INFO  nextflow.processor.TaskProcessor - [3b/f22f2d] Cached process > PROCESSED_BAM_QC:PBQC_SAMTOOLS_DEPTH_MEAN (AF014D)
Aug-23 12:15:58.723 [Actor Thread 237] INFO  nextflow.processor.TaskProcessor - [69/c39d76] Cached process > BAM_PROCESSING:BP_GATK_INDEL_REALIGNER (AF047)
Aug-23 12:15:58.723 [Actor Thread 181] INFO  nextflow.processor.TaskProcessor - [e4/52d906] Cached process > PROCESSED_BAM_QC:PBQC_FLAGSTAT_MERGED_BAM_SAMPLE (AF047D)
Aug-23 12:15:58.726 [Actor Thread 254] DEBUG nextflow.util.HashBuilder - Unable to get file attributes file: /cfs/klemming/projects/supr/museomics_store_2025/bees/virginia/DNAharvester/null -- Cause: java.nio.file.NoSuchFileException: /cfs/klemming/projects/supr/museomics_store_2025/bees/virginia/DNAharvester/null
Aug-23 12:15:58.729 [Actor Thread 245] INFO  nextflow.processor.TaskProcessor - [84/f28004] Cached process > PROCESSED_BAM_QC:PBQC_FLAGSTAT_MERGED_BAM_SAMPLE (EX1)
Aug-23 12:15:58.731 [Actor Thread 171] DEBUG nextflow.util.HashBuilder - Unable to get file attributes file: /cfs/klemming/projects/supr/museomics_store_2025/bees/virginia/DNAharvester/null -- Cause: java.nio.file.NoSuchFileException: /cfs/klemming/projects/supr/museomics_store_2025/bees/virginia/DNAharvester/null
Aug-23 12:15:58.734 [Actor Thread 224] DEBUG nextflow.processor.TaskProcessor - Process BAM_PROCESSING:BP_SAMREMOVEDUP_SAMPLE_INDEX > Skipping output binding because one or more optional files are missing: fileoutparam<1:1>
Aug-23 12:15:58.736 [Actor Thread 224] DEBUG nextflow.processor.TaskProcessor - Process BAM_PROCESSING:BP_SAMREMOVEDUP_SAMPLE_INDEX > Skipping output binding because one or more optional files are missing: fileoutparam<2:1>
Aug-23 12:15:58.738 [Actor Thread 196] INFO  nextflow.processor.TaskProcessor - [aa/aada4b] Cached process > BAM_PROCESSING:BP_GATK_INDEL_REALIGNER (AF014D)
Aug-23 12:15:58.744 [Actor Thread 219] DEBUG nextflow.util.HashBuilder - Unable to get file attributes file: /cfs/klemming/projects/supr/museomics_store_2025/bees/virginia/DNAharvester/null -- Cause: java.nio.file.NoSuchFileException: /cfs/klemming/projects/supr/museomics_store_2025/bees/virginia/DNAharvester/null
Aug-23 12:15:58.745 [Actor Thread 177] DEBUG nextflow.processor.TaskProcessor - Process BAM_PROCESSING:BP_SAMREMOVEDUP_SAMPLE_INDEX > Skipping output binding because one or more optional files are missing: fileoutparam<1:1>
Aug-23 12:15:58.745 [Actor Thread 212] INFO  nextflow.processor.TaskProcessor - [22/df7a3d] Cached process > PROCESSED_BAM_QC:PBQC_FLAGSTAT_MERGED_BAM_SAMPLE (AF042)
Aug-23 12:15:58.746 [Actor Thread 177] DEBUG nextflow.processor.TaskProcessor - Process BAM_PROCESSING:BP_SAMREMOVEDUP_SAMPLE_INDEX > Skipping output binding because one or more optional files are missing: fileoutparam<2:1>
Aug-23 12:15:58.753 [Actor Thread 256] INFO  nextflow.processor.TaskProcessor - [26/e6fc44] Cached process > PROCESSED_BAM_QC:PBQC_FLAGSTAT_DEDUP_SAMPLE (AF049)
Aug-23 12:15:58.757 [Actor Thread 241] INFO  nextflow.processor.TaskProcessor - [61/ee5615] Cached process > BAM_PROCESSING:BP_GATK_INDEL_REALIGNER_INDEX (AF042D)
Aug-23 12:15:58.760 [Actor Thread 197] DEBUG nextflow.util.HashBuilder - Unable to get file attributes file: /cfs/klemming/projects/supr/museomics_store_2025/bees/virginia/DNAharvester/null -- Cause: java.nio.file.NoSuchFileException: /cfs/klemming/projects/supr/museomics_store_2025/bees/virginia/DNAharvester/null
Aug-23 12:15:58.763 [Actor Thread 242] INFO  nextflow.processor.TaskProcessor - [df/625c34] Cached process > BAM_PROCESSING:BP_GATK_INDEL_REALIGNER_INDEX (AF048)
Aug-23 12:15:58.765 [Actor Thread 241] DEBUG nextflow.processor.TaskProcessor - Process BAM_PROCESSING:BP_GATK_INDEL_REALIGNER_INDEX > Skipping output binding because one or more optional files are missing: fileoutparam<1:1>
Aug-23 12:15:58.766 [Actor Thread 241] DEBUG nextflow.processor.TaskProcessor - Process BAM_PROCESSING:BP_GATK_INDEL_REALIGNER_INDEX > Skipping output binding because one or more optional files are missing: fileoutparam<2:1>
Aug-23 12:15:58.767 [Actor Thread 247] INFO  nextflow.processor.TaskProcessor - [d3/8c89c0] Cached process > PROCESSED_BAM_QC:PBQC_FLAGSTAT_DEDUP_SAMPLE (AF047D)
Aug-23 12:15:58.768 [Actor Thread 254] INFO  nextflow.processor.TaskProcessor - [f5/4f1ee2] Cached process > PROCESSED_BAM_QC:PBQC_SAMTOOLS_DEPTH_MEAN (AF049)
Aug-23 12:15:58.774 [Actor Thread 166] DEBUG nextflow.util.HashBuilder - Unable to get file attributes file: /cfs/klemming/projects/supr/museomics_store_2025/bees/virginia/DNAharvester/null -- Cause: java.nio.file.NoSuchFileException: /cfs/klemming/projects/supr/museomics_store_2025/bees/virginia/DNAharvester/null
Aug-23 12:15:58.774 [Actor Thread 242] DEBUG nextflow.processor.TaskProcessor - Process BAM_PROCESSING:BP_GATK_INDEL_REALIGNER_INDEX > Skipping output binding because one or more optional files are missing: fileoutparam<1:1>
Aug-23 12:15:58.775 [Actor Thread 200] INFO  nextflow.processor.TaskProcessor - [f8/31800f] Cached process > BAM_PROCESSING:BP_GATK_INDEL_REALIGNER (AF047D)
Aug-23 12:15:58.775 [Actor Thread 171] INFO  nextflow.processor.TaskProcessor - [56/750d66] Cached process > PROCESSED_BAM_QC:PBQC_SAMTOOLS_DEPTH_MEAN (AF047D)
Aug-23 12:15:58.776 [Actor Thread 242] DEBUG nextflow.processor.TaskProcessor - Process BAM_PROCESSING:BP_GATK_INDEL_REALIGNER_INDEX > Skipping output binding because one or more optional files are missing: fileoutparam<2:1>
Aug-23 12:15:58.777 [Actor Thread 201] INFO  nextflow.processor.TaskProcessor - [a4/9efbcb] Cached process > PROCESSED_BAM_QC:PBQC_FLAGSTAT_DEDUP_SAMPLE (AF049D)
Aug-23 12:15:58.782 [Actor Thread 190] INFO  nextflow.processor.TaskProcessor - [fc/68fe01] Cached process > BAM_PROCESSING:BP_GATK_INDEL_REALIGNER (AF049)
Aug-23 12:15:58.785 [Actor Thread 246] DEBUG nextflow.util.HashBuilder - Unable to get file attributes file: /cfs/klemming/projects/supr/museomics_store_2025/bees/virginia/DNAharvester/null -- Cause: java.nio.file.NoSuchFileException: /cfs/klemming/projects/supr/museomics_store_2025/bees/virginia/DNAharvester/null
Aug-23 12:15:58.791 [Actor Thread 173] INFO  nextflow.processor.TaskProcessor - [f8/f8b5fc] Cached process > PROCESSED_BAM_QC:PBQC_FLAGSTAT_DEDUP_SAMPLE (EX1)
Aug-23 12:15:58.791 [Actor Thread 197] INFO  nextflow.processor.TaskProcessor - [92/04a4a7] Cached process > PROCESSED_BAM_QC:PBQC_SAMTOOLS_DEPTH_MEAN (EX1)
Aug-23 12:15:58.791 [Actor Thread 219] INFO  nextflow.processor.TaskProcessor - [90/0baa60] Cached process > PROCESSED_BAM_QC:PBQC_SAMTOOLS_DEPTH_MEAN (AF049D)
Aug-23 12:15:58.804 [Actor Thread 192] INFO  nextflow.processor.TaskProcessor - [64/a46678] Cached process > BAM_PROCESSING:BP_GATK_INDEL_REALIGNER_INDEX (AF047)
Aug-23 12:15:58.806 [Actor Thread 252] INFO  nextflow.processor.TaskProcessor - [cd/75ed72] Cached process > BAM_PROCESSING:BP_GATK_INDEL_REALIGNER_INDEX (AF014)
Aug-23 12:15:58.806 [Actor Thread 166] INFO  nextflow.processor.TaskProcessor - [d0/dc0dcc] Cached process > PROCESSED_BAM_QC:PBQC_SAMTOOLS_DEPTH_MEAN (AF048D)
Aug-23 12:15:58.810 [Actor Thread 176] INFO  nextflow.processor.TaskProcessor - [13/b520cb] Cached process > PROCESSED_BAM_QC:PBQC_FLAGSTAT_DEDUP_SAMPLE (AF048D)
Aug-23 12:15:58.810 [Actor Thread 188] INFO  nextflow.processor.TaskProcessor - [d0/f6846b] Cached process > BAM_PROCESSING:BP_GATK_INDEL_REALIGNER_INDEX (AF014D)
Aug-23 12:15:58.816 [Actor Thread 192] DEBUG nextflow.processor.TaskProcessor - Process BAM_PROCESSING:BP_GATK_INDEL_REALIGNER_INDEX > Skipping output binding because one or more optional files are missing: fileoutparam<1:1>
Aug-23 12:15:58.816 [Actor Thread 192] DEBUG nextflow.processor.TaskProcessor - Process BAM_PROCESSING:BP_GATK_INDEL_REALIGNER_INDEX > Skipping output binding because one or more optional files are missing: fileoutparam<2:1>
Aug-23 12:15:58.816 [Actor Thread 246] INFO  nextflow.processor.TaskProcessor - [e0/c6bcb2] Cached process > PROCESSED_BAM_QC:PBQC_SAMTOOLS_DEPTH_MEAN (AF042)
Aug-23 12:15:58.818 [Actor Thread 169] INFO  nextflow.processor.TaskProcessor - [ca/8493c7] Cached process > BAM_PROCESSING:BP_GATK_INDEL_REALIGNER (EX1)
Aug-23 12:15:58.822 [Actor Thread 231] INFO  nextflow.processor.TaskProcessor - [54/0b4c6b] Cached process > BAM_PROCESSING:BP_GATK_INDEL_REALIGNER (AF042)
Aug-23 12:15:58.823 [Actor Thread 252] DEBUG nextflow.processor.TaskProcessor - Process BAM_PROCESSING:BP_GATK_INDEL_REALIGNER_INDEX > Skipping output binding because one or more optional files are missing: fileoutparam<1:1>
Aug-23 12:15:58.824 [Actor Thread 252] DEBUG nextflow.processor.TaskProcessor - Process BAM_PROCESSING:BP_GATK_INDEL_REALIGNER_INDEX > Skipping output binding because one or more optional files are missing: fileoutparam<2:1>
Aug-23 12:15:58.824 [Actor Thread 202] INFO  nextflow.processor.TaskProcessor - [a7/8819d8] Cached process > BAM_PROCESSING:BP_GATK_INDEL_REALIGNER (AF048D)
Aug-23 12:15:58.830 [Actor Thread 188] DEBUG nextflow.processor.TaskProcessor - Process BAM_PROCESSING:BP_GATK_INDEL_REALIGNER_INDEX > Skipping output binding because one or more optional files are missing: fileoutparam<1:1>
Aug-23 12:15:58.831 [Actor Thread 188] DEBUG nextflow.processor.TaskProcessor - Process BAM_PROCESSING:BP_GATK_INDEL_REALIGNER_INDEX > Skipping output binding because one or more optional files are missing: fileoutparam<2:1>
Aug-23 12:15:58.831 [Actor Thread 217] INFO  nextflow.processor.TaskProcessor - [37/25b20e] Cached process > PROCESSED_BAM_QC:PBQC_FLAGSTAT_DEDUP_SAMPLE (AF042)
Aug-23 12:15:58.835 [Actor Thread 195] INFO  nextflow.processor.TaskProcessor - [6a/263e44] Cached process > BAM_PROCESSING:BP_GATK_INDEL_REALIGNER (AF049D)
Aug-23 12:15:58.838 [Actor Thread 238] INFO  nextflow.processor.TaskProcessor - [aa/4da72b] Cached process > BAM_PROCESSING:BP_GATK_INDEL_REALIGNER_INDEX (AF047D)
Aug-23 12:15:58.842 [Actor Thread 238] DEBUG nextflow.processor.TaskProcessor - Process BAM_PROCESSING:BP_GATK_INDEL_REALIGNER_INDEX > Skipping output binding because one or more optional files are missing: fileoutparam<1:1>
Aug-23 12:15:58.843 [Actor Thread 238] DEBUG nextflow.processor.TaskProcessor - Process BAM_PROCESSING:BP_GATK_INDEL_REALIGNER_INDEX > Skipping output binding because one or more optional files are missing: fileoutparam<2:1>
Aug-23 12:15:58.845 [Actor Thread 191] INFO  nextflow.processor.TaskProcessor - [46/307233] Cached process > PROCESSED_BAM_QC:PBQC_MULTIQC_MERGED_BAM_SAMPLE
Aug-23 12:15:58.849 [Actor Thread 191] DEBUG nextflow.processor.TaskProcessor - Process PROCESSED_BAM_QC:PBQC_MULTIQC_MERGED_BAM_SAMPLE > Skipping output binding because one or more optional files are missing: fileoutparam<2>
Aug-23 12:15:58.852 [Actor Thread 214] INFO  nextflow.processor.TaskProcessor - [f1/efcb85] Cached process > BAM_PROCESSING:BP_GATK_INDEL_REALIGNER_INDEX (AF049)
Aug-23 12:15:58.855 [Actor Thread 214] DEBUG nextflow.processor.TaskProcessor - Process BAM_PROCESSING:BP_GATK_INDEL_REALIGNER_INDEX > Skipping output binding because one or more optional files are missing: fileoutparam<1:1>
Aug-23 12:15:58.855 [Actor Thread 214] DEBUG nextflow.processor.TaskProcessor - Process BAM_PROCESSING:BP_GATK_INDEL_REALIGNER_INDEX > Skipping output binding because one or more optional files are missing: fileoutparam<2:1>
Aug-23 12:15:58.869 [Actor Thread 169] INFO  nextflow.processor.TaskProcessor - [bc/7d9375] Cached process > BAM_PROCESSING:BP_GATK_INDEL_REALIGNER_INDEX (AF048D)
Aug-23 12:15:58.871 [Actor Thread 169] DEBUG nextflow.processor.TaskProcessor - Process BAM_PROCESSING:BP_GATK_INDEL_REALIGNER_INDEX > Skipping output binding because one or more optional files are missing: fileoutparam<1:1>
Aug-23 12:15:58.871 [Actor Thread 169] DEBUG nextflow.processor.TaskProcessor - Process BAM_PROCESSING:BP_GATK_INDEL_REALIGNER_INDEX > Skipping output binding because one or more optional files are missing: fileoutparam<2:1>
Aug-23 12:15:58.876 [Actor Thread 201] INFO  nextflow.processor.TaskProcessor - [f4/039732] Cached process > BAM_PROCESSING:BP_GATK_INDEL_REALIGNER_INDEX (AF042)
Aug-23 12:15:58.878 [Actor Thread 190] INFO  nextflow.processor.TaskProcessor - [df/fb7124] Cached process > BAM_PROCESSING:BP_GATK_INDEL_REALIGNER_INDEX (EX1)
Aug-23 12:15:58.878 [Actor Thread 201] DEBUG nextflow.processor.TaskProcessor - Process BAM_PROCESSING:BP_GATK_INDEL_REALIGNER_INDEX > Skipping output binding because one or more optional files are missing: fileoutparam<1:1>
Aug-23 12:15:58.878 [Actor Thread 201] DEBUG nextflow.processor.TaskProcessor - Process BAM_PROCESSING:BP_GATK_INDEL_REALIGNER_INDEX > Skipping output binding because one or more optional files are missing: fileoutparam<2:1>
Aug-23 12:15:58.880 [Actor Thread 190] DEBUG nextflow.processor.TaskProcessor - Process BAM_PROCESSING:BP_GATK_INDEL_REALIGNER_INDEX > Skipping output binding because one or more optional files are missing: fileoutparam<1:1>
Aug-23 12:15:58.881 [Actor Thread 190] DEBUG nextflow.processor.TaskProcessor - Process BAM_PROCESSING:BP_GATK_INDEL_REALIGNER_INDEX > Skipping output binding because one or more optional files are missing: fileoutparam<2:1>
Aug-23 12:15:58.888 [Actor Thread 256] INFO  nextflow.processor.TaskProcessor - [8d/913a03] Cached process > PROCESSED_BAM_QC:PBQC_MULTIQC_DEDUP_SAMPLE
Aug-23 12:15:58.889 [Actor Thread 256] DEBUG nextflow.processor.TaskProcessor - Process PROCESSED_BAM_QC:PBQC_MULTIQC_DEDUP_SAMPLE > Skipping output binding because one or more optional files are missing: fileoutparam<2>
Aug-23 12:15:58.893 [Actor Thread 176] INFO  nextflow.processor.TaskProcessor - [94/7eb904] Cached process > BAM_PROCESSING:BP_GATK_INDEL_REALIGNER_INDEX (AF049D)
Aug-23 12:15:58.895 [Actor Thread 176] DEBUG nextflow.processor.TaskProcessor - Process BAM_PROCESSING:BP_GATK_INDEL_REALIGNER_INDEX > Skipping output binding because one or more optional files are missing: fileoutparam<1:1>
Aug-23 12:15:58.895 [Actor Thread 176] DEBUG nextflow.processor.TaskProcessor - Process BAM_PROCESSING:BP_GATK_INDEL_REALIGNER_INDEX > Skipping output binding because one or more optional files are missing: fileoutparam<2:1>
Aug-23 12:16:00.121 [Task submitter] DEBUG nextflow.executor.GridTaskHandler - [SLURM] submitted process MICROBIAL_SCREENING:MS_FILTERBAM (EX1) > jobId: 23754020; workDir: /cfs/klemming/projects/supr/museomics_store_2025/bees/virginia/DNAharvester/work/c8/14edf0bdf9403f29e1909492777014
Aug-23 12:16:00.122 [Task submitter] INFO  nextflow.Session - [c8/14edf0] Submitted process > MICROBIAL_SCREENING:MS_FILTERBAM (EX1)
Aug-23 12:16:00.173 [Task submitter] DEBUG nextflow.executor.GridTaskHandler - [SLURM] submitted process MAPPING_METRICS:MM_MAPPING_METRICS_LIB (EX1_library-1) > jobId: 23754022; workDir: /cfs/klemming/projects/supr/museomics_store_2025/bees/virginia/DNAharvester/work/80/3137cdcd784bfcf3bb36819ab63160
Aug-23 12:16:00.173 [Task submitter] INFO  nextflow.Session - [80/3137cd] Submitted process > MAPPING_METRICS:MM_MAPPING_METRICS_LIB (EX1_library-1)
Aug-23 12:16:00.217 [Task submitter] DEBUG nextflow.executor.GridTaskHandler - [SLURM] submitted process MICROBIAL_SCREENING:MS_FILTERBAM (AF042) > jobId: 23754023; workDir: /cfs/klemming/projects/supr/museomics_store_2025/bees/virginia/DNAharvester/work/38/bba9a1aaa5c08fbf8e7d5ab07827d9
Aug-23 12:16:00.218 [Task submitter] INFO  nextflow.Session - [38/bba9a1] Submitted process > MICROBIAL_SCREENING:MS_FILTERBAM (AF042)
Aug-23 12:16:00.267 [Task submitter] DEBUG nextflow.executor.GridTaskHandler - [SLURM] submitted process MAPPING_METRICS:MM_MAPPING_METRICS_LIB (AF049D_library-1) > jobId: 23754024; workDir: /cfs/klemming/projects/supr/museomics_store_2025/bees/virginia/DNAharvester/work/a3/421b429bae523f38874874c882c03b
Aug-23 12:16:00.267 [Task submitter] INFO  nextflow.Session - [a3/421b42] Submitted process > MAPPING_METRICS:MM_MAPPING_METRICS_LIB (AF049D_library-1)
Aug-23 12:16:00.307 [Task submitter] DEBUG nextflow.executor.GridTaskHandler - [SLURM] submitted process MAPPING_METRICS:MM_MAPPING_METRICS_LIB (AF048D_library-1) > jobId: 23754025; workDir: /cfs/klemming/projects/supr/museomics_store_2025/bees/virginia/DNAharvester/work/6f/304fdc78bf3fb28573ed42a179deb0
Aug-23 12:16:00.307 [Task submitter] INFO  nextflow.Session - [6f/304fdc] Submitted process > MAPPING_METRICS:MM_MAPPING_METRICS_LIB (AF048D_library-1)
Aug-23 12:16:00.510 [Task submitter] DEBUG nextflow.executor.GridTaskHandler - [SLURM] submitted process MAPPING_METRICS:MM_MAPPING_METRICS_LIB (AF047_library-1) > jobId: 23754026; workDir: /cfs/klemming/projects/supr/museomics_store_2025/bees/virginia/DNAharvester/work/4b/eae0ecb773a18baf70a8e159972b31
Aug-23 12:16:00.510 [Task submitter] INFO  nextflow.Session - [4b/eae0ec] Submitted process > MAPPING_METRICS:MM_MAPPING_METRICS_LIB (AF047_library-1)
Aug-23 12:16:01.414 [Task submitter] DEBUG nextflow.executor.GridTaskHandler - [SLURM] submitted process MAPPING_METRICS:MM_MAPPING_METRICS_LIB (AF049_library-1) > jobId: 23754027; workDir: /cfs/klemming/projects/supr/museomics_store_2025/bees/virginia/DNAharvester/work/fa/23a52a0cf8b1c6c691a94e5afed024
Aug-23 12:16:01.415 [Task submitter] INFO  nextflow.Session - [fa/23a52a] Submitted process > MAPPING_METRICS:MM_MAPPING_METRICS_LIB (AF049_library-1)
Aug-23 12:16:01.475 [Task submitter] DEBUG nextflow.executor.GridTaskHandler - [SLURM] submitted process MAPPING_METRICS:MM_MAPPING_METRICS_LIB (AF042_library-1) > jobId: 23754028; workDir: /cfs/klemming/projects/supr/museomics_store_2025/bees/virginia/DNAharvester/work/a7/396cc080fce1423b11c1f0c294d449
Aug-23 12:16:01.475 [Task submitter] INFO  nextflow.Session - [a7/396cc0] Submitted process > MAPPING_METRICS:MM_MAPPING_METRICS_LIB (AF042_library-1)
Aug-23 12:16:01.536 [Task submitter] DEBUG nextflow.executor.GridTaskHandler - [SLURM] submitted process MICROBIAL_SCREENING:MS_FILTERBAM (AF048D) > jobId: 23754029; workDir: /cfs/klemming/projects/supr/museomics_store_2025/bees/virginia/DNAharvester/work/0a/5a526baca510ca199be17ffecad6c5
Aug-23 12:16:01.536 [Task submitter] INFO  nextflow.Session - [0a/5a526b] Submitted process > MICROBIAL_SCREENING:MS_FILTERBAM (AF048D)
Aug-23 12:16:01.842 [Task submitter] DEBUG nextflow.executor.GridTaskHandler - [SLURM] submitted process MAPPING_METRICS:MM_MAPPING_METRICS_LIB (AF014D_library-1) > jobId: 23754030; workDir: /cfs/klemming/projects/supr/museomics_store_2025/bees/virginia/DNAharvester/work/3e/9a5667fda350917a915dd377da154b
Aug-23 12:16:01.843 [Task submitter] INFO  nextflow.Session - [3e/9a5667] Submitted process > MAPPING_METRICS:MM_MAPPING_METRICS_LIB (AF014D_library-1)
Aug-23 12:16:02.175 [Task submitter] DEBUG nextflow.executor.GridTaskHandler - [SLURM] submitted process MAPPING_METRICS:MM_MAPPING_METRICS_LIB (AF042D_library-1) > jobId: 23754031; workDir: /cfs/klemming/projects/supr/museomics_store_2025/bees/virginia/DNAharvester/work/0e/eaed3aa568ad935566b6b7a5508ef2
Aug-23 12:16:02.175 [Task submitter] INFO  nextflow.Session - [0e/eaed3a] Submitted process > MAPPING_METRICS:MM_MAPPING_METRICS_LIB (AF042D_library-1)
Aug-23 12:16:02.505 [Task submitter] DEBUG nextflow.executor.GridTaskHandler - [SLURM] submitted process MICROBIAL_SCREENING:MS_FILTERBAM (AF047) > jobId: 23754032; workDir: /cfs/klemming/projects/supr/museomics_store_2025/bees/virginia/DNAharvester/work/8c/1ee5dae990d3e6f9e09469ea940f47
Aug-23 12:16:02.505 [Task submitter] INFO  nextflow.Session - [8c/1ee5da] Submitted process > MICROBIAL_SCREENING:MS_FILTERBAM (AF047)
Aug-23 12:16:02.837 [Task submitter] DEBUG nextflow.executor.GridTaskHandler - [SLURM] submitted process MAPPING_METRICS:MM_MAPPING_METRICS_LIB (AF014_library-1) > jobId: 23754033; workDir: /cfs/klemming/projects/supr/museomics_store_2025/bees/virginia/DNAharvester/work/79/85b0d57ea139184197deb84070b1c1
Aug-23 12:16:02.838 [Task submitter] INFO  nextflow.Session - [79/85b0d5] Submitted process > MAPPING_METRICS:MM_MAPPING_METRICS_LIB (AF014_library-1)
Aug-23 12:16:03.175 [Task submitter] DEBUG nextflow.executor.GridTaskHandler - [SLURM] submitted process MICROBIAL_SCREENING:MS_FILTERBAM (AF014) > jobId: 23754034; workDir: /cfs/klemming/projects/supr/museomics_store_2025/bees/virginia/DNAharvester/work/1c/9a919761e5b8e2aaf1e7136e1c6c82
Aug-23 12:16:03.176 [Task submitter] INFO  nextflow.Session - [1c/9a9197] Submitted process > MICROBIAL_SCREENING:MS_FILTERBAM (AF014)
Aug-23 12:16:03.505 [Task submitter] DEBUG nextflow.executor.GridTaskHandler - [SLURM] submitted process MAPPING_METRICS:MM_MAPPING_METRICS_LIB (AF048_library-1) > jobId: 23754035; workDir: /cfs/klemming/projects/supr/museomics_store_2025/bees/virginia/DNAharvester/work/90/21e902b3b52740ba553a20c8df3ccf
Aug-23 12:16:03.505 [Task submitter] INFO  nextflow.Session - [90/21e902] Submitted process > MAPPING_METRICS:MM_MAPPING_METRICS_LIB (AF048_library-1)
Aug-23 12:16:03.838 [Task submitter] DEBUG nextflow.executor.GridTaskHandler - [SLURM] submitted process MAPPING_METRICS:MM_MAPPING_METRICS_LIB (AF047D_library-1) > jobId: 23754036; workDir: /cfs/klemming/projects/supr/museomics_store_2025/bees/virginia/DNAharvester/work/cd/4f46420f395f6dd4d0dc4187ed62cb
Aug-23 12:16:03.838 [Task submitter] INFO  nextflow.Session - [cd/4f4642] Submitted process > MAPPING_METRICS:MM_MAPPING_METRICS_LIB (AF047D_library-1)
Aug-23 12:16:04.178 [Task submitter] DEBUG nextflow.executor.GridTaskHandler - [SLURM] submitted process MICROBIAL_SCREENING:MS_FILTERBAM (AF049D) > jobId: 23754037; workDir: /cfs/klemming/projects/supr/museomics_store_2025/bees/virginia/DNAharvester/work/5b/6ce3e54b07dd846dd09e757300fb2b
Aug-23 12:16:04.179 [Task submitter] INFO  nextflow.Session - [5b/6ce3e5] Submitted process > MICROBIAL_SCREENING:MS_FILTERBAM (AF049D)
Aug-23 12:16:04.507 [Task submitter] DEBUG nextflow.executor.GridTaskHandler - [SLURM] submitted process MICROBIAL_SCREENING:MS_FILTERBAM (AF047D) > jobId: 23754038; workDir: /cfs/klemming/projects/supr/museomics_store_2025/bees/virginia/DNAharvester/work/97/78fcf960ed5c44efdf873fd331c766
Aug-23 12:16:04.507 [Task submitter] INFO  nextflow.Session - [97/78fcf9] Submitted process > MICROBIAL_SCREENING:MS_FILTERBAM (AF047D)
Aug-23 12:16:04.837 [Task submitter] DEBUG nextflow.executor.GridTaskHandler - [SLURM] submitted process MICROBIAL_SCREENING:MS_FILTERBAM (AF042D) > jobId: 23754039; workDir: /cfs/klemming/projects/supr/museomics_store_2025/bees/virginia/DNAharvester/work/4c/6d0755c09ff662f88e0874ede799e8
Aug-23 12:16:04.838 [Task submitter] INFO  nextflow.Session - [4c/6d0755] Submitted process > MICROBIAL_SCREENING:MS_FILTERBAM (AF042D)
Aug-23 12:16:05.170 [Task submitter] DEBUG nextflow.executor.GridTaskHandler - [SLURM] submitted process MICROBIAL_SCREENING:MS_FILTERBAM (AF049) > jobId: 23754040; workDir: /cfs/klemming/projects/supr/museomics_store_2025/bees/virginia/DNAharvester/work/ba/db6955f65caea5409171f336a81f36
Aug-23 12:16:05.170 [Task submitter] INFO  nextflow.Session - [ba/db6955] Submitted process > MICROBIAL_SCREENING:MS_FILTERBAM (AF049)
Aug-23 12:16:05.518 [Task submitter] DEBUG nextflow.executor.GridTaskHandler - [SLURM] submitted process MICROBIAL_SCREENING:MS_FILTERBAM (AF048) > jobId: 23754041; workDir: /cfs/klemming/projects/supr/museomics_store_2025/bees/virginia/DNAharvester/work/38/ccd6ec78c412ab8db0a3014c0a619f
Aug-23 12:16:05.519 [Task submitter] INFO  nextflow.Session - [38/ccd6ec] Submitted process > MICROBIAL_SCREENING:MS_FILTERBAM (AF048)
Aug-23 12:16:05.836 [Task submitter] DEBUG nextflow.executor.GridTaskHandler - [SLURM] submitted process MICROBIAL_SCREENING:MS_FILTERBAM (AF014D) > jobId: 23754042; workDir: /cfs/klemming/projects/supr/museomics_store_2025/bees/virginia/DNAharvester/work/c4/e47d553cda733bc2036578d6cc032b
Aug-23 12:16:05.836 [Task submitter] INFO  nextflow.Session - [c4/e47d55] Submitted process > MICROBIAL_SCREENING:MS_FILTERBAM (AF014D)
Aug-23 12:16:06.172 [Task submitter] DEBUG nextflow.executor.GridTaskHandler - [SLURM] submitted process MAPPING_METRICS:MM_MAPPING_METRICS_SAMPLE (AF048) > jobId: 23754043; workDir: /cfs/klemming/projects/supr/museomics_store_2025/bees/virginia/DNAharvester/work/ed/95a4fa3b7cf450baf7d1902d72fcbb
Aug-23 12:16:06.172 [Task submitter] INFO  nextflow.Session - [ed/95a4fa] Submitted process > MAPPING_METRICS:MM_MAPPING_METRICS_SAMPLE (AF048)
Aug-23 12:16:06.508 [Task submitter] DEBUG nextflow.executor.GridTaskHandler - [SLURM] submitted process MAPPING_METRICS:MM_MAPPING_METRICS_SAMPLE (AF014) > jobId: 23754044; workDir: /cfs/klemming/projects/supr/museomics_store_2025/bees/virginia/DNAharvester/work/24/16a7676a4407e1b6b625bd5b0f0d8f
Aug-23 12:16:06.509 [Task submitter] INFO  nextflow.Session - [24/16a767] Submitted process > MAPPING_METRICS:MM_MAPPING_METRICS_SAMPLE (AF014)
Aug-23 12:16:06.836 [Task submitter] DEBUG nextflow.executor.GridTaskHandler - [SLURM] submitted process MAPPING_METRICS:MM_MAPPING_METRICS_SAMPLE (AF014D) > jobId: 23754045; workDir: /cfs/klemming/projects/supr/museomics_store_2025/bees/virginia/DNAharvester/work/8f/47c8fd8769650321faec9569953946
Aug-23 12:16:06.837 [Task submitter] INFO  nextflow.Session - [8f/47c8fd] Submitted process > MAPPING_METRICS:MM_MAPPING_METRICS_SAMPLE (AF014D)
Aug-23 12:16:07.172 [Task submitter] DEBUG nextflow.executor.GridTaskHandler - [SLURM] submitted process MAPPING_METRICS:MM_MAPPING_METRICS_SAMPLE (AF042D) > jobId: 23754046; workDir: /cfs/klemming/projects/supr/museomics_store_2025/bees/virginia/DNAharvester/work/00/719695cbdaf9edb3404dc1ac124539
Aug-23 12:16:07.172 [Task submitter] INFO  nextflow.Session - [00/719695] Submitted process > MAPPING_METRICS:MM_MAPPING_METRICS_SAMPLE (AF042D)
Aug-23 12:16:07.503 [Task submitter] DEBUG nextflow.executor.GridTaskHandler - [SLURM] submitted process MAPPING_METRICS:MM_MAPPING_METRICS_SAMPLE (AF047) > jobId: 23754047; workDir: /cfs/klemming/projects/supr/museomics_store_2025/bees/virginia/DNAharvester/work/1f/23aab31056f8c036b48d6acead9e00
Aug-23 12:16:07.504 [Task submitter] INFO  nextflow.Session - [1f/23aab3] Submitted process > MAPPING_METRICS:MM_MAPPING_METRICS_SAMPLE (AF047)
Aug-23 12:16:07.837 [Task submitter] DEBUG nextflow.executor.GridTaskHandler - [SLURM] submitted process MAPPING_METRICS:MM_MAPPING_METRICS_SAMPLE (AF049) > jobId: 23754048; workDir: /cfs/klemming/projects/supr/museomics_store_2025/bees/virginia/DNAharvester/work/32/32a7f808d13cd77b80be77ec4e3f16
Aug-23 12:16:07.837 [Task submitter] INFO  nextflow.Session - [32/32a7f8] Submitted process > MAPPING_METRICS:MM_MAPPING_METRICS_SAMPLE (AF049)
Aug-23 12:16:08.167 [Task submitter] DEBUG nextflow.executor.GridTaskHandler - [SLURM] submitted process MAPPING_METRICS:MM_MAPPING_METRICS_SAMPLE (AF047D) > jobId: 23754049; workDir: /cfs/klemming/projects/supr/museomics_store_2025/bees/virginia/DNAharvester/work/bc/774acfb7b52ccd152730d94a0e1b9e
Aug-23 12:16:08.167 [Task submitter] INFO  nextflow.Session - [bc/774acf] Submitted process > MAPPING_METRICS:MM_MAPPING_METRICS_SAMPLE (AF047D)
Aug-23 12:16:08.514 [Task submitter] DEBUG nextflow.executor.GridTaskHandler - [SLURM] submitted process MAPPING_METRICS:MM_MAPPING_METRICS_SAMPLE (AF049D) > jobId: 23754050; workDir: /cfs/klemming/projects/supr/museomics_store_2025/bees/virginia/DNAharvester/work/ef/6eaf63a1d7588e4057a02bdd95d0bb
Aug-23 12:16:08.515 [Task submitter] INFO  nextflow.Session - [ef/6eaf63] Submitted process > MAPPING_METRICS:MM_MAPPING_METRICS_SAMPLE (AF049D)
Aug-23 12:16:08.837 [Task submitter] DEBUG nextflow.executor.GridTaskHandler - [SLURM] submitted process MAPPING_METRICS:MM_MAPPING_METRICS_SAMPLE (EX1) > jobId: 23754051; workDir: /cfs/klemming/projects/supr/museomics_store_2025/bees/virginia/DNAharvester/work/f2/69ad95bfcad52743afcf27323435a2
Aug-23 12:16:08.838 [Task submitter] INFO  nextflow.Session - [f2/69ad95] Submitted process > MAPPING_METRICS:MM_MAPPING_METRICS_SAMPLE (EX1)
Aug-23 12:16:09.174 [Task submitter] DEBUG nextflow.executor.GridTaskHandler - [SLURM] submitted process MAPPING_METRICS:MM_MAPPING_METRICS_SAMPLE (AF048D) > jobId: 23754052; workDir: /cfs/klemming/projects/supr/museomics_store_2025/bees/virginia/DNAharvester/work/28/3118ae8ae164012554260e080ee770
Aug-23 12:16:09.175 [Task submitter] INFO  nextflow.Session - [28/3118ae] Submitted process > MAPPING_METRICS:MM_MAPPING_METRICS_SAMPLE (AF048D)
Aug-23 12:16:09.511 [Task submitter] DEBUG nextflow.executor.GridTaskHandler - [SLURM] submitted process MAPPING_METRICS:MM_MAPPING_METRICS_SAMPLE (AF042) > jobId: 23754053; workDir: /cfs/klemming/projects/supr/museomics_store_2025/bees/virginia/DNAharvester/work/44/cd74c44d29cd51b61df9a97ef0ae9e
Aug-23 12:16:09.511 [Task submitter] INFO  nextflow.Session - [44/cd74c4] Submitted process > MAPPING_METRICS:MM_MAPPING_METRICS_SAMPLE (AF042)
Aug-23 12:16:35.718 [Task monitor] DEBUG n.processor.TaskPollingMonitor - Task completed > TaskHandler[jobId: 23754022; id: 324; name: MAPPING_METRICS:MM_MAPPING_METRICS_LIB (EX1_library-1); status: COMPLETED; exit: 0; error: -; workDir: /cfs/klemming/projects/supr/museomics_store_2025/bees/virginia/DNAharvester/work/80/3137cdcd784bfcf3bb36819ab63160 started: 1787480195704; exited: 2026-08-23T10:16:33Z; ]
Aug-23 12:16:35.720 [Task monitor] DEBUG nextflow.util.ThreadPoolBuilder - Creating thread pool 'TaskFinalizer' minSize=10; maxSize=768; workQueue=LinkedBlockingQueue[-1]; allowCoreThreadTimeout=false
Aug-23 12:16:35.728 [Task monitor] DEBUG n.processor.TaskPollingMonitor - Task completed > TaskHandler[jobId: 23754024; id: 342; name: MAPPING_METRICS:MM_MAPPING_METRICS_LIB (AF049D_library-1); status: COMPLETED; exit: 0; error: -; workDir: /cfs/klemming/projects/supr/museomics_store_2025/bees/virginia/DNAharvester/work/a3/421b429bae523f38874874c882c03b started: 1787480195723; exited: 2026-08-23T10:16:33Z; ]
Aug-23 12:16:35.736 [Task monitor] DEBUG n.processor.TaskPollingMonitor - Task completed > TaskHandler[jobId: 23754025; id: 336; name: MAPPING_METRICS:MM_MAPPING_METRICS_LIB (AF048D_library-1); status: COMPLETED; exit: 0; error: -; workDir: /cfs/klemming/projects/supr/museomics_store_2025/bees/virginia/DNAharvester/work/6f/304fdc78bf3fb28573ed42a179deb0 started: 1787480195729; exited: 2026-08-23T10:16:34Z; ]
Aug-23 12:16:35.752 [Task monitor] DEBUG n.processor.TaskPollingMonitor - Task completed > TaskHandler[jobId: 23754030; id: 320; name: MAPPING_METRICS:MM_MAPPING_METRICS_LIB (AF014D_library-1); status: COMPLETED; exit: 0; error: -; workDir: /cfs/klemming/projects/supr/museomics_store_2025/bees/virginia/DNAharvester/work/3e/9a5667fda350917a915dd377da154b started: 1787480195745; exited: 2026-08-23T10:16:35Z; ]
Aug-23 12:16:40.715 [Task monitor] DEBUG n.processor.TaskPollingMonitor - Task completed > TaskHandler[jobId: 23754031; id: 348; name: MAPPING_METRICS:MM_MAPPING_METRICS_LIB (AF042D_library-1); status: COMPLETED; exit: 0; error: -; workDir: /cfs/klemming/projects/supr/museomics_store_2025/bees/virginia/DNAharvester/work/0e/eaed3aa568ad935566b6b7a5508ef2 started: 1787480195753; exited: 2026-08-23T10:16:36Z; ]
Aug-23 12:16:40.722 [Task monitor] DEBUG n.processor.TaskPollingMonitor - Task completed > TaskHandler[jobId: 23754036; id: 354; name: MAPPING_METRICS:MM_MAPPING_METRICS_LIB (AF047D_library-1); status: COMPLETED; exit: 0; error: -; workDir: /cfs/klemming/projects/supr/museomics_store_2025/bees/virginia/DNAharvester/work/cd/4f46420f395f6dd4d0dc4187ed62cb started: 1787480195759; exited: 2026-08-23T10:16:35Z; ]
Aug-23 12:16:45.711 [Task monitor] DEBUG n.processor.TaskPollingMonitor - Task completed > TaskHandler[jobId: 23754026; id: 325; name: MAPPING_METRICS:MM_MAPPING_METRICS_LIB (AF047_library-1); status: COMPLETED; exit: 0; error: -; workDir: /cfs/klemming/projects/supr/museomics_store_2025/bees/virginia/DNAharvester/work/4b/eae0ecb773a18baf70a8e159972b31 started: 1787480195737; exited: 2026-08-23T10:16:43Z; ]
Aug-23 12:16:45.719 [Task monitor] DEBUG n.processor.TaskPollingMonitor - Task completed > TaskHandler[jobId: 23754035; id: 353; name: MAPPING_METRICS:MM_MAPPING_METRICS_LIB (AF048_library-1); status: COMPLETED; exit: 0; error: -; workDir: /cfs/klemming/projects/supr/museomics_store_2025/bees/virginia/DNAharvester/work/90/21e902b3b52740ba553a20c8df3ccf started: 1787480195757; exited: 2026-08-23T10:16:44Z; ]
Aug-23 12:16:55.713 [Task monitor] DEBUG n.processor.TaskPollingMonitor - Task completed > TaskHandler[jobId: 23754028; id: 345; name: MAPPING_METRICS:MM_MAPPING_METRICS_LIB (AF042_library-1); status: COMPLETED; exit: 0; error: -; workDir: /cfs/klemming/projects/supr/museomics_store_2025/bees/virginia/DNAharvester/work/a7/396cc080fce1423b11c1f0c294d449 started: 1787480195743; exited: 2026-08-23T10:16:53Z; ]
Aug-23 12:16:55.721 [Task monitor] DEBUG n.processor.TaskPollingMonitor - Task completed > TaskHandler[jobId: 23754033; id: 351; name: MAPPING_METRICS:MM_MAPPING_METRICS_LIB (AF014_library-1); status: COMPLETED; exit: 0; error: -; workDir: /cfs/klemming/projects/supr/museomics_store_2025/bees/virginia/DNAharvester/work/79/85b0d57ea139184197deb84070b1c1 started: 1787480195755; exited: 2026-08-23T10:16:55Z; ]
Aug-23 12:17:00.711 [Task monitor] DEBUG n.processor.TaskPollingMonitor - Task completed > TaskHandler[jobId: 23754027; id: 321; name: MAPPING_METRICS:MM_MAPPING_METRICS_LIB (AF049_library-1); status: COMPLETED; exit: 0; error: -; workDir: /cfs/klemming/projects/supr/museomics_store_2025/bees/virginia/DNAharvester/work/fa/23a52a0cf8b1c6c691a94e5afed024 started: 1787480195740; exited: 2026-08-23T10:16:58Z; ]
Aug-23 12:17:00.734 [Actor Thread 176] DEBUG nextflow.sort.BigSort - Sort completed -- entries: 11; slices: 1; internal sort time: 0.005 s; external sort time: 0.002 s; total time: 0.007 s
Aug-23 12:17:00.736 [Actor Thread 176] DEBUG nextflow.file.FileCollector - >> temp file exists? false
Aug-23 12:17:00.736 [Actor Thread 176] DEBUG nextflow.file.FileCollector - Missed collect-file cache -- cause: java.nio.file.NoSuchFileException: /cfs/klemming/projects/supr/museomics_store_2025/bees/virginia/DNAharvester/work/collect-file/a7b41d32db87176bf4d8b9f1a6360e09
Aug-23 12:17:00.793 [Actor Thread 176] DEBUG nextflow.file.FileCollector - Saved collect-files list to: /cfs/klemming/projects/supr/museomics_store_2025/bees/virginia/DNAharvester/work/collect-file/a7b41d32db87176bf4d8b9f1a6360e09
Aug-23 12:17:00.807 [Actor Thread 176] DEBUG nextflow.file.FileCollector - Deleting file collector temp dir: /tmp/nxf-17816902955223261686
Aug-23 12:17:00.858 [Task submitter] DEBUG nextflow.executor.GridTaskHandler - [SLURM] submitted process MAPPING_METRICS:MM_SORT_METRICS_LIB (vir_test_library_metrics) > jobId: 23754064; workDir: /cfs/klemming/projects/supr/museomics_store_2025/bees/virginia/DNAharvester/work/e8/45865d7082358409b5daf59a7a6b96
Aug-23 12:17:00.858 [Task submitter] INFO  nextflow.Session - [e8/45865d] Submitted process > MAPPING_METRICS:MM_SORT_METRICS_LIB (vir_test_library_metrics)
Aug-23 12:17:10.717 [Task monitor] DEBUG n.processor.TaskPollingMonitor - Task completed > TaskHandler[jobId: 23754045; id: 443; name: MAPPING_METRICS:MM_MAPPING_METRICS_SAMPLE (AF014D); status: COMPLETED; exit: 0; error: -; workDir: /cfs/klemming/projects/supr/museomics_store_2025/bees/virginia/DNAharvester/work/8f/47c8fd8769650321faec9569953946 started: 1787480227008; exited: 2026-08-23T10:17:08Z; ]
Aug-23 12:17:10.723 [Task monitor] DEBUG n.processor.TaskPollingMonitor - Task completed > TaskHandler[jobId: 23754046; id: 423; name: MAPPING_METRICS:MM_MAPPING_METRICS_SAMPLE (AF042D); status: COMPLETED; exit: 0; error: -; workDir: /cfs/klemming/projects/supr/museomics_store_2025/bees/virginia/DNAharvester/work/00/719695cbdaf9edb3404dc1ac124539 started: 1787480227010; exited: 2026-08-23T10:17:10Z; ]
Aug-23 12:17:20.725 [Task monitor] DEBUG n.processor.TaskPollingMonitor - Task completed > TaskHandler[jobId: 23754047; id: 433; name: MAPPING_METRICS:MM_MAPPING_METRICS_SAMPLE (AF047); status: COMPLETED; exit: 0; error: -; workDir: /cfs/klemming/projects/supr/museomics_store_2025/bees/virginia/DNAharvester/work/1f/23aab31056f8c036b48d6acead9e00 started: 1787480227014; exited: 2026-08-23T10:17:18Z; ]
Aug-23 12:17:25.717 [Task monitor] DEBUG n.processor.TaskPollingMonitor - Task completed > TaskHandler[jobId: 23754043; id: 424; name: MAPPING_METRICS:MM_MAPPING_METRICS_SAMPLE (AF048); status: COMPLETED; exit: 0; error: -; workDir: /cfs/klemming/projects/supr/museomics_store_2025/bees/virginia/DNAharvester/work/ed/95a4fa3b7cf450baf7d1902d72fcbb started: 1787480227005; exited: 2026-08-23T10:17:22Z; ]
Aug-23 12:17:40.717 [Task monitor] DEBUG n.processor.TaskPollingMonitor - Task completed > TaskHandler[jobId: 23754044; id: 441; name: MAPPING_METRICS:MM_MAPPING_METRICS_SAMPLE (AF014); status: COMPLETED; exit: 0; error: -; workDir: /cfs/klemming/projects/supr/museomics_store_2025/bees/virginia/DNAharvester/work/24/16a7676a4407e1b6b625bd5b0f0d8f started: 1787480227007; exited: 2026-08-23T10:17:36Z; ]
Aug-23 12:17:45.719 [Task monitor] DEBUG n.processor.TaskPollingMonitor - Task completed > TaskHandler[jobId: 23754049; id: 454; name: MAPPING_METRICS:MM_MAPPING_METRICS_SAMPLE (AF047D); status: COMPLETED; exit: 0; error: -; workDir: /cfs/klemming/projects/supr/museomics_store_2025/bees/virginia/DNAharvester/work/bc/774acfb7b52ccd152730d94a0e1b9e started: 1787480260721; exited: 2026-08-23T10:17:41Z; ]
Aug-23 12:17:45.728 [Task monitor] DEBUG n.processor.TaskPollingMonitor - Task completed > TaskHandler[jobId: 23754050; id: 457; name: MAPPING_METRICS:MM_MAPPING_METRICS_SAMPLE (AF049D); status: COMPLETED; exit: 0; error: -; workDir: /cfs/klemming/projects/supr/museomics_store_2025/bees/virginia/DNAharvester/work/ef/6eaf63a1d7588e4057a02bdd95d0bb started: 1787480265720; exited: 2026-08-23T10:17:41Z; ]
Aug-23 12:17:45.735 [Task monitor] DEBUG n.processor.TaskPollingMonitor - Task completed > TaskHandler[jobId: 23754051; id: 456; name: MAPPING_METRICS:MM_MAPPING_METRICS_SAMPLE (EX1); status: COMPLETED; exit: 0; error: -; workDir: /cfs/klemming/projects/supr/museomics_store_2025/bees/virginia/DNAharvester/work/f2/69ad95bfcad52743afcf27323435a2 started: 1787480265728; exited: 2026-08-23T10:17:41Z; ]
Aug-23 12:17:45.747 [Task monitor] DEBUG n.processor.TaskPollingMonitor - Task completed > TaskHandler[jobId: 23754052; id: 458; name: MAPPING_METRICS:MM_MAPPING_METRICS_SAMPLE (AF048D); status: COMPLETED; exit: 0; error: -; workDir: /cfs/klemming/projects/supr/museomics_store_2025/bees/virginia/DNAharvester/work/28/3118ae8ae164012554260e080ee770 started: 1787480265736; exited: 2026-08-23T10:17:43Z; ]
Aug-23 12:18:10.719 [Task monitor] DEBUG n.processor.TaskPollingMonitor - Task completed > TaskHandler[jobId: 23754048; id: 452; name: MAPPING_METRICS:MM_MAPPING_METRICS_SAMPLE (AF049); status: COMPLETED; exit: 0; error: -; workDir: /cfs/klemming/projects/supr/museomics_store_2025/bees/virginia/DNAharvester/work/32/32a7f808d13cd77b80be77ec4e3f16 started: 1787480260718; exited: 2026-08-23T10:18:06Z; ]
Aug-23 12:18:15.723 [Task monitor] DEBUG n.processor.TaskPollingMonitor - Task completed > TaskHandler[jobId: 23754064; id: 465; name: MAPPING_METRICS:MM_SORT_METRICS_LIB (vir_test_library_metrics); status: COMPLETED; exit: 0; error: -; workDir: /cfs/klemming/projects/supr/museomics_store_2025/bees/virginia/DNAharvester/work/e8/45865d7082358409b5daf59a7a6b96 started: 1787480295716; exited: 2026-08-23T10:18:14Z; ]
Aug-23 12:18:35.721 [Task monitor] DEBUG n.processor.TaskPollingMonitor - Task completed > TaskHandler[jobId: 23754053; id: 462; name: MAPPING_METRICS:MM_MAPPING_METRICS_SAMPLE (AF042); status: COMPLETED; exit: 0; error: -; workDir: /cfs/klemming/projects/supr/museomics_store_2025/bees/virginia/DNAharvester/work/44/cd74c44d29cd51b61df9a97ef0ae9e started: 1787480295714; exited: 2026-08-23T10:18:34Z; ]
Aug-23 12:18:35.736 [Actor Thread 188] DEBUG nextflow.sort.BigSort - Sort completed -- entries: 11; slices: 1; internal sort time: 0.003 s; external sort time: 0.001 s; total time: 0.004 s
Aug-23 12:18:35.737 [Actor Thread 188] DEBUG nextflow.file.FileCollector - >> temp file exists? false
Aug-23 12:18:35.737 [Actor Thread 188] DEBUG nextflow.file.FileCollector - Missed collect-file cache -- cause: java.nio.file.NoSuchFileException: /cfs/klemming/projects/supr/museomics_store_2025/bees/virginia/DNAharvester/work/collect-file/8d1b8ee5808f1079dfd1612c8c244c39
Aug-23 12:18:35.768 [Actor Thread 188] DEBUG nextflow.file.FileCollector - Saved collect-files list to: /cfs/klemming/projects/supr/museomics_store_2025/bees/virginia/DNAharvester/work/collect-file/8d1b8ee5808f1079dfd1612c8c244c39
Aug-23 12:18:35.769 [Actor Thread 188] DEBUG nextflow.file.FileCollector - Deleting file collector temp dir: /tmp/nxf-11008406453250618188
Aug-23 12:18:35.824 [Task submitter] DEBUG nextflow.executor.GridTaskHandler - [SLURM] submitted process MAPPING_METRICS:MM_SORT_METRICS_SAMPLE (vir_test_sample_metrics) > jobId: 23754073; workDir: /cfs/klemming/projects/supr/museomics_store_2025/bees/virginia/DNAharvester/work/4c/2addad2e83ff906b3e002a7695953c
Aug-23 12:18:35.824 [Task submitter] INFO  nextflow.Session - [4c/2addad] Submitted process > MAPPING_METRICS:MM_SORT_METRICS_SAMPLE (vir_test_sample_metrics)
Aug-23 12:18:50.722 [Task monitor] DEBUG n.processor.TaskPollingMonitor - Task completed > TaskHandler[jobId: 23754073; id: 466; name: MAPPING_METRICS:MM_SORT_METRICS_SAMPLE (vir_test_sample_metrics); status: COMPLETED; exit: 0; error: -; workDir: /cfs/klemming/projects/supr/museomics_store_2025/bees/virginia/DNAharvester/work/4c/2addad2e83ff906b3e002a7695953c started: 1787480330716; exited: 2026-08-23T10:18:47Z; ]
Aug-23 12:21:00.726 [Task monitor] DEBUG n.processor.TaskPollingMonitor - !! executor slurm > tasks to be completed: 11 -- submitted tasks are shown below
~> TaskHandler[jobId: 23754020; id: 350; name: MICROBIAL_SCREENING:MS_FILTERBAM (EX1); status: SUBMITTED; exit: -; error: -; workDir: /cfs/klemming/projects/supr/museomics_store_2025/bees/virginia/DNAharvester/work/c8/14edf0bdf9403f29e1909492777014 started: -; exited: -; ]
~> TaskHandler[jobId: 23754023; id: 352; name: MICROBIAL_SCREENING:MS_FILTERBAM (AF042); status: SUBMITTED; exit: -; error: -; workDir: /cfs/klemming/projects/supr/museomics_store_2025/bees/virginia/DNAharvester/work/38/bba9a1aaa5c08fbf8e7d5ab07827d9 started: -; exited: -; ]
~> TaskHandler[jobId: 23754029; id: 344; name: MICROBIAL_SCREENING:MS_FILTERBAM (AF048D); status: SUBMITTED; exit: -; error: -; workDir: /cfs/klemming/projects/supr/museomics_store_2025/bees/virginia/DNAharvester/work/0a/5a526baca510ca199be17ffecad6c5 started: -; exited: -; ]
~> TaskHandler[jobId: 23754032; id: 355; name: MICROBIAL_SCREENING:MS_FILTERBAM (AF047); status: SUBMITTED; exit: -; error: -; workDir: /cfs/klemming/projects/supr/museomics_store_2025/bees/virginia/DNAharvester/work/8c/1ee5dae990d3e6f9e09469ea940f47 started: -; exited: -; ]
~> TaskHandler[jobId: 23754034; id: 357; name: MICROBIAL_SCREENING:MS_FILTERBAM (AF014); status: SUBMITTED; exit: -; error: -; workDir: /cfs/klemming/projects/supr/museomics_store_2025/bees/virginia/DNAharvester/work/1c/9a919761e5b8e2aaf1e7136e1c6c82 started: -; exited: -; ]
~> TaskHandler[jobId: 23754037; id: 366; name: MICROBIAL_SCREENING:MS_FILTERBAM (AF049D); status: SUBMITTED; exit: -; error: -; workDir: /cfs/klemming/projects/supr/museomics_store_2025/bees/virginia/DNAharvester/work/5b/6ce3e54b07dd846dd09e757300fb2b started: -; exited: -; ]
~> TaskHandler[jobId: 23754038; id: 370; name: MICROBIAL_SCREENING:MS_FILTERBAM (AF047D); status: SUBMITTED; exit: -; error: -; workDir: /cfs/klemming/projects/supr/museomics_store_2025/bees/virginia/DNAharvester/work/97/78fcf960ed5c44efdf873fd331c766 started: -; exited: -; ]
~> TaskHandler[jobId: 23754039; id: 360; name: MICROBIAL_SCREENING:MS_FILTERBAM (AF042D); status: SUBMITTED; exit: -; error: -; workDir: /cfs/klemming/projects/supr/museomics_store_2025/bees/virginia/DNAharvester/work/4c/6d0755c09ff662f88e0874ede799e8 started: -; exited: -; ]
~> TaskHandler[jobId: 23754040; id: 371; name: MICROBIAL_SCREENING:MS_FILTERBAM (AF049); status: SUBMITTED; exit: -; error: -; workDir: /cfs/klemming/projects/supr/museomics_store_2025/bees/virginia/DNAharvester/work/ba/db6955f65caea5409171f336a81f36 started: -; exited: -; ]
~> TaskHandler[jobId: 23754041; id: 367; name: MICROBIAL_SCREENING:MS_FILTERBAM (AF048); status: SUBMITTED; exit: -; error: -; workDir: /cfs/klemming/projects/supr/museomics_store_2025/bees/virginia/DNAharvester/work/38/ccd6ec78c412ab8db0a3014c0a619f started: -; exited: -; ]
Aug-23 12:26:00.985 [Task monitor] DEBUG n.processor.TaskPollingMonitor - !! executor slurm > tasks to be completed: 11 -- submitted tasks are shown below
~> TaskHandler[jobId: 23754020; id: 350; name: MICROBIAL_SCREENING:MS_FILTERBAM (EX1); status: SUBMITTED; exit: -; error: -; workDir: /cfs/klemming/projects/supr/museomics_store_2025/bees/virginia/DNAharvester/work/c8/14edf0bdf9403f29e1909492777014 started: -; exited: -; ]
~> TaskHandler[jobId: 23754023; id: 352; name: MICROBIAL_SCREENING:MS_FILTERBAM (AF042); status: SUBMITTED; exit: -; error: -; workDir: /cfs/klemming/projects/supr/museomics_store_2025/bees/virginia/DNAharvester/work/38/bba9a1aaa5c08fbf8e7d5ab07827d9 started: -; exited: -; ]
~> TaskHandler[jobId: 23754029; id: 344; name: MICROBIAL_SCREENING:MS_FILTERBAM (AF048D); status: SUBMITTED; exit: -; error: -; workDir: /cfs/klemming/projects/supr/museomics_store_2025/bees/virginia/DNAharvester/work/0a/5a526baca510ca199be17ffecad6c5 started: -; exited: -; ]
~> TaskHandler[jobId: 23754032; id: 355; name: MICROBIAL_SCREENING:MS_FILTERBAM (AF047); status: SUBMITTED; exit: -; error: -; workDir: /cfs/klemming/projects/supr/museomics_store_2025/bees/virginia/DNAharvester/work/8c/1ee5dae990d3e6f9e09469ea940f47 started: -; exited: -; ]
~> TaskHandler[jobId: 23754034; id: 357; name: MICROBIAL_SCREENING:MS_FILTERBAM (AF014); status: SUBMITTED; exit: -; error: -; workDir: /cfs/klemming/projects/supr/museomics_store_2025/bees/virginia/DNAharvester/work/1c/9a919761e5b8e2aaf1e7136e1c6c82 started: -; exited: -; ]
~> TaskHandler[jobId: 23754037; id: 366; name: MICROBIAL_SCREENING:MS_FILTERBAM (AF049D); status: SUBMITTED; exit: -; error: -; workDir: /cfs/klemming/projects/supr/museomics_store_2025/bees/virginia/DNAharvester/work/5b/6ce3e54b07dd846dd09e757300fb2b started: -; exited: -; ]
~> TaskHandler[jobId: 23754038; id: 370; name: MICROBIAL_SCREENING:MS_FILTERBAM (AF047D); status: SUBMITTED; exit: -; error: -; workDir: /cfs/klemming/projects/supr/museomics_store_2025/bees/virginia/DNAharvester/work/97/78fcf960ed5c44efdf873fd331c766 started: -; exited: -; ]
~> TaskHandler[jobId: 23754039; id: 360; name: MICROBIAL_SCREENING:MS_FILTERBAM (AF042D); status: SUBMITTED; exit: -; error: -; workDir: /cfs/klemming/projects/supr/museomics_store_2025/bees/virginia/DNAharvester/work/4c/6d0755c09ff662f88e0874ede799e8 started: -; exited: -; ]
~> TaskHandler[jobId: 23754040; id: 371; name: MICROBIAL_SCREENING:MS_FILTERBAM (AF049); status: SUBMITTED; exit: -; error: -; workDir: /cfs/klemming/projects/supr/museomics_store_2025/bees/virginia/DNAharvester/work/ba/db6955f65caea5409171f336a81f36 started: -; exited: -; ]
~> TaskHandler[jobId: 23754041; id: 367; name: MICROBIAL_SCREENING:MS_FILTERBAM (AF048); status: SUBMITTED; exit: -; error: -; workDir: /cfs/klemming/projects/supr/museomics_store_2025/bees/virginia/DNAharvester/work/38/ccd6ec78c412ab8db0a3014c0a619f started: -; exited: -; ]
Aug-23 12:31:01.283 [Task monitor] DEBUG n.processor.TaskPollingMonitor - !! executor slurm > tasks to be completed: 11 -- submitted tasks are shown below
~> TaskHandler[jobId: 23754020; id: 350; name: MICROBIAL_SCREENING:MS_FILTERBAM (EX1); status: SUBMITTED; exit: -; error: -; workDir: /cfs/klemming/projects/supr/museomics_store_2025/bees/virginia/DNAharvester/work/c8/14edf0bdf9403f29e1909492777014 started: -; exited: -; ]
~> TaskHandler[jobId: 23754023; id: 352; name: MICROBIAL_SCREENING:MS_FILTERBAM (AF042); status: SUBMITTED; exit: -; error: -; workDir: /cfs/klemming/projects/supr/museomics_store_2025/bees/virginia/DNAharvester/work/38/bba9a1aaa5c08fbf8e7d5ab07827d9 started: -; exited: -; ]
~> TaskHandler[jobId: 23754029; id: 344; name: MICROBIAL_SCREENING:MS_FILTERBAM (AF048D); status: SUBMITTED; exit: -; error: -; workDir: /cfs/klemming/projects/supr/museomics_store_2025/bees/virginia/DNAharvester/work/0a/5a526baca510ca199be17ffecad6c5 started: -; exited: -; ]
~> TaskHandler[jobId: 23754032; id: 355; name: MICROBIAL_SCREENING:MS_FILTERBAM (AF047); status: SUBMITTED; exit: -; error: -; workDir: /cfs/klemming/projects/supr/museomics_store_2025/bees/virginia/DNAharvester/work/8c/1ee5dae990d3e6f9e09469ea940f47 started: -; exited: -; ]
~> TaskHandler[jobId: 23754034; id: 357; name: MICROBIAL_SCREENING:MS_FILTERBAM (AF014); status: SUBMITTED; exit: -; error: -; workDir: /cfs/klemming/projects/supr/museomics_store_2025/bees/virginia/DNAharvester/work/1c/9a919761e5b8e2aaf1e7136e1c6c82 started: -; exited: -; ]
~> TaskHandler[jobId: 23754037; id: 366; name: MICROBIAL_SCREENING:MS_FILTERBAM (AF049D); status: SUBMITTED; exit: -; error: -; workDir: /cfs/klemming/projects/supr/museomics_store_2025/bees/virginia/DNAharvester/work/5b/6ce3e54b07dd846dd09e757300fb2b started: -; exited: -; ]
~> TaskHandler[jobId: 23754038; id: 370; name: MICROBIAL_SCREENING:MS_FILTERBAM (AF047D); status: SUBMITTED; exit: -; error: -; workDir: /cfs/klemming/projects/supr/museomics_store_2025/bees/virginia/DNAharvester/work/97/78fcf960ed5c44efdf873fd331c766 started: -; exited: -; ]
~> TaskHandler[jobId: 23754039; id: 360; name: MICROBIAL_SCREENING:MS_FILTERBAM (AF042D); status: SUBMITTED; exit: -; error: -; workDir: /cfs/klemming/projects/supr/museomics_store_2025/bees/virginia/DNAharvester/work/4c/6d0755c09ff662f88e0874ede799e8 started: -; exited: -; ]
~> TaskHandler[jobId: 23754040; id: 371; name: MICROBIAL_SCREENING:MS_FILTERBAM (AF049); status: SUBMITTED; exit: -; error: -; workDir: /cfs/klemming/projects/supr/museomics_store_2025/bees/virginia/DNAharvester/work/ba/db6955f65caea5409171f336a81f36 started: -; exited: -; ]
~> TaskHandler[jobId: 23754041; id: 367; name: MICROBIAL_SCREENING:MS_FILTERBAM (AF048); status: SUBMITTED; exit: -; error: -; workDir: /cfs/klemming/projects/supr/museomics_store_2025/bees/virginia/DNAharvester/work/38/ccd6ec78c412ab8db0a3014c0a619f started: -; exited: -; ]
Aug-23 12:36:01.438 [Task monitor] DEBUG n.processor.TaskPollingMonitor - !! executor slurm > tasks to be completed: 11 -- submitted tasks are shown below
~> TaskHandler[jobId: 23754020; id: 350; name: MICROBIAL_SCREENING:MS_FILTERBAM (EX1); status: SUBMITTED; exit: -; error: -; workDir: /cfs/klemming/projects/supr/museomics_store_2025/bees/virginia/DNAharvester/work/c8/14edf0bdf9403f29e1909492777014 started: -; exited: -; ]
~> TaskHandler[jobId: 23754023; id: 352; name: MICROBIAL_SCREENING:MS_FILTERBAM (AF042); status: SUBMITTED; exit: -; error: -; workDir: /cfs/klemming/projects/supr/museomics_store_2025/bees/virginia/DNAharvester/work/38/bba9a1aaa5c08fbf8e7d5ab07827d9 started: -; exited: -; ]
~> TaskHandler[jobId: 23754029; id: 344; name: MICROBIAL_SCREENING:MS_FILTERBAM (AF048D); status: SUBMITTED; exit: -; error: -; workDir: /cfs/klemming/projects/supr/museomics_store_2025/bees/virginia/DNAharvester/work/0a/5a526baca510ca199be17ffecad6c5 started: -; exited: -; ]
~> TaskHandler[jobId: 23754032; id: 355; name: MICROBIAL_SCREENING:MS_FILTERBAM (AF047); status: SUBMITTED; exit: -; error: -; workDir: /cfs/klemming/projects/supr/museomics_store_2025/bees/virginia/DNAharvester/work/8c/1ee5dae990d3e6f9e09469ea940f47 started: -; exited: -; ]
~> TaskHandler[jobId: 23754034; id: 357; name: MICROBIAL_SCREENING:MS_FILTERBAM (AF014); status: SUBMITTED; exit: -; error: -; workDir: /cfs/klemming/projects/supr/museomics_store_2025/bees/virginia/DNAharvester/work/1c/9a919761e5b8e2aaf1e7136e1c6c82 started: -; exited: -; ]
~> TaskHandler[jobId: 23754037; id: 366; name: MICROBIAL_SCREENING:MS_FILTERBAM (AF049D); status: SUBMITTED; exit: -; error: -; workDir: /cfs/klemming/projects/supr/museomics_store_2025/bees/virginia/DNAharvester/work/5b/6ce3e54b07dd846dd09e757300fb2b started: -; exited: -; ]
~> TaskHandler[jobId: 23754038; id: 370; name: MICROBIAL_SCREENING:MS_FILTERBAM (AF047D); status: SUBMITTED; exit: -; error: -; workDir: /cfs/klemming/projects/supr/museomics_store_2025/bees/virginia/DNAharvester/work/97/78fcf960ed5c44efdf873fd331c766 started: -; exited: -; ]
~> TaskHandler[jobId: 23754039; id: 360; name: MICROBIAL_SCREENING:MS_FILTERBAM (AF042D); status: SUBMITTED; exit: -; error: -; workDir: /cfs/klemming/projects/supr/museomics_store_2025/bees/virginia/DNAharvester/work/4c/6d0755c09ff662f88e0874ede799e8 started: -; exited: -; ]
~> TaskHandler[jobId: 23754040; id: 371; name: MICROBIAL_SCREENING:MS_FILTERBAM (AF049); status: SUBMITTED; exit: -; error: -; workDir: /cfs/klemming/projects/supr/museomics_store_2025/bees/virginia/DNAharvester/work/ba/db6955f65caea5409171f336a81f36 started: -; exited: -; ]
~> TaskHandler[jobId: 23754041; id: 367; name: MICROBIAL_SCREENING:MS_FILTERBAM (AF048); status: SUBMITTED; exit: -; error: -; workDir: /cfs/klemming/projects/supr/museomics_store_2025/bees/virginia/DNAharvester/work/38/ccd6ec78c412ab8db0a3014c0a619f started: -; exited: -; ]
Aug-23 12:41:01.570 [Task monitor] DEBUG n.processor.TaskPollingMonitor - !! executor slurm > tasks to be completed: 11 -- submitted tasks are shown below
~> TaskHandler[jobId: 23754020; id: 350; name: MICROBIAL_SCREENING:MS_FILTERBAM (EX1); status: SUBMITTED; exit: -; error: -; workDir: /cfs/klemming/projects/supr/museomics_store_2025/bees/virginia/DNAharvester/work/c8/14edf0bdf9403f29e1909492777014 started: -; exited: -; ]
~> TaskHandler[jobId: 23754023; id: 352; name: MICROBIAL_SCREENING:MS_FILTERBAM (AF042); status: SUBMITTED; exit: -; error: -; workDir: /cfs/klemming/projects/supr/museomics_store_2025/bees/virginia/DNAharvester/work/38/bba9a1aaa5c08fbf8e7d5ab07827d9 started: -; exited: -; ]
~> TaskHandler[jobId: 23754029; id: 344; name: MICROBIAL_SCREENING:MS_FILTERBAM (AF048D); status: SUBMITTED; exit: -; error: -; workDir: /cfs/klemming/projects/supr/museomics_store_2025/bees/virginia/DNAharvester/work/0a/5a526baca510ca199be17ffecad6c5 started: -; exited: -; ]
~> TaskHandler[jobId: 23754032; id: 355; name: MICROBIAL_SCREENING:MS_FILTERBAM (AF047); status: SUBMITTED; exit: -; error: -; workDir: /cfs/klemming/projects/supr/museomics_store_2025/bees/virginia/DNAharvester/work/8c/1ee5dae990d3e6f9e09469ea940f47 started: -; exited: -; ]
~> TaskHandler[jobId: 23754034; id: 357; name: MICROBIAL_SCREENING:MS_FILTERBAM (AF014); status: SUBMITTED; exit: -; error: -; workDir: /cfs/klemming/projects/supr/museomics_store_2025/bees/virginia/DNAharvester/work/1c/9a919761e5b8e2aaf1e7136e1c6c82 started: -; exited: -; ]
~> TaskHandler[jobId: 23754037; id: 366; name: MICROBIAL_SCREENING:MS_FILTERBAM (AF049D); status: SUBMITTED; exit: -; error: -; workDir: /cfs/klemming/projects/supr/museomics_store_2025/bees/virginia/DNAharvester/work/5b/6ce3e54b07dd846dd09e757300fb2b started: -; exited: -; ]
~> TaskHandler[jobId: 23754038; id: 370; name: MICROBIAL_SCREENING:MS_FILTERBAM (AF047D); status: SUBMITTED; exit: -; error: -; workDir: /cfs/klemming/projects/supr/museomics_store_2025/bees/virginia/DNAharvester/work/97/78fcf960ed5c44efdf873fd331c766 started: -; exited: -; ]
~> TaskHandler[jobId: 23754039; id: 360; name: MICROBIAL_SCREENING:MS_FILTERBAM (AF042D); status: SUBMITTED; exit: -; error: -; workDir: /cfs/klemming/projects/supr/museomics_store_2025/bees/virginia/DNAharvester/work/4c/6d0755c09ff662f88e0874ede799e8 started: -; exited: -; ]
~> TaskHandler[jobId: 23754040; id: 371; name: MICROBIAL_SCREENING:MS_FILTERBAM (AF049); status: SUBMITTED; exit: -; error: -; workDir: /cfs/klemming/projects/supr/museomics_store_2025/bees/virginia/DNAharvester/work/ba/db6955f65caea5409171f336a81f36 started: -; exited: -; ]
~> TaskHandler[jobId: 23754041; id: 367; name: MICROBIAL_SCREENING:MS_FILTERBAM (AF048); status: SUBMITTED; exit: -; error: -; workDir: /cfs/klemming/projects/supr/museomics_store_2025/bees/virginia/DNAharvester/work/38/ccd6ec78c412ab8db0a3014c0a619f started: -; exited: -; ]
Aug-23 12:46:01.595 [Task monitor] DEBUG n.processor.TaskPollingMonitor - !! executor slurm > tasks to be completed: 11 -- submitted tasks are shown below
~> TaskHandler[jobId: 23754020; id: 350; name: MICROBIAL_SCREENING:MS_FILTERBAM (EX1); status: SUBMITTED; exit: -; error: -; workDir: /cfs/klemming/projects/supr/museomics_store_2025/bees/virginia/DNAharvester/work/c8/14edf0bdf9403f29e1909492777014 started: -; exited: -; ]
~> TaskHandler[jobId: 23754023; id: 352; name: MICROBIAL_SCREENING:MS_FILTERBAM (AF042); status: SUBMITTED; exit: -; error: -; workDir: /cfs/klemming/projects/supr/museomics_store_2025/bees/virginia/DNAharvester/work/38/bba9a1aaa5c08fbf8e7d5ab07827d9 started: -; exited: -; ]
~> TaskHandler[jobId: 23754029; id: 344; name: MICROBIAL_SCREENING:MS_FILTERBAM (AF048D); status: SUBMITTED; exit: -; error: -; workDir: /cfs/klemming/projects/supr/museomics_store_2025/bees/virginia/DNAharvester/work/0a/5a526baca510ca199be17ffecad6c5 started: -; exited: -; ]
~> TaskHandler[jobId: 23754032; id: 355; name: MICROBIAL_SCREENING:MS_FILTERBAM (AF047); status: SUBMITTED; exit: -; error: -; workDir: /cfs/klemming/projects/supr/museomics_store_2025/bees/virginia/DNAharvester/work/8c/1ee5dae990d3e6f9e09469ea940f47 started: -; exited: -; ]
~> TaskHandler[jobId: 23754034; id: 357; name: MICROBIAL_SCREENING:MS_FILTERBAM (AF014); status: SUBMITTED; exit: -; error: -; workDir: /cfs/klemming/projects/supr/museomics_store_2025/bees/virginia/DNAharvester/work/1c/9a919761e5b8e2aaf1e7136e1c6c82 started: -; exited: -; ]
~> TaskHandler[jobId: 23754037; id: 366; name: MICROBIAL_SCREENING:MS_FILTERBAM (AF049D); status: SUBMITTED; exit: -; error: -; workDir: /cfs/klemming/projects/supr/museomics_store_2025/bees/virginia/DNAharvester/work/5b/6ce3e54b07dd846dd09e757300fb2b started: -; exited: -; ]
~> TaskHandler[jobId: 23754038; id: 370; name: MICROBIAL_SCREENING:MS_FILTERBAM (AF047D); status: SUBMITTED; exit: -; error: -; workDir: /cfs/klemming/projects/supr/museomics_store_2025/bees/virginia/DNAharvester/work/97/78fcf960ed5c44efdf873fd331c766 started: -; exited: -; ]
~> TaskHandler[jobId: 23754039; id: 360; name: MICROBIAL_SCREENING:MS_FILTERBAM (AF042D); status: SUBMITTED; exit: -; error: -; workDir: /cfs/klemming/projects/supr/museomics_store_2025/bees/virginia/DNAharvester/work/4c/6d0755c09ff662f88e0874ede799e8 started: -; exited: -; ]
~> TaskHandler[jobId: 23754040; id: 371; name: MICROBIAL_SCREENING:MS_FILTERBAM (AF049); status: SUBMITTED; exit: -; error: -; workDir: /cfs/klemming/projects/supr/museomics_store_2025/bees/virginia/DNAharvester/work/ba/db6955f65caea5409171f336a81f36 started: -; exited: -; ]
~> TaskHandler[jobId: 23754041; id: 367; name: MICROBIAL_SCREENING:MS_FILTERBAM (AF048); status: SUBMITTED; exit: -; error: -; workDir: /cfs/klemming/projects/supr/museomics_store_2025/bees/virginia/DNAharvester/work/38/ccd6ec78c412ab8db0a3014c0a619f started: -; exited: -; ]
Aug-23 12:51:01.622 [Task monitor] DEBUG n.processor.TaskPollingMonitor - !! executor slurm > tasks to be completed: 11 -- submitted tasks are shown below
~> TaskHandler[jobId: 23754020; id: 350; name: MICROBIAL_SCREENING:MS_FILTERBAM (EX1); status: SUBMITTED; exit: -; error: -; workDir: /cfs/klemming/projects/supr/museomics_store_2025/bees/virginia/DNAharvester/work/c8/14edf0bdf9403f29e1909492777014 started: -; exited: -; ]
~> TaskHandler[jobId: 23754023; id: 352; name: MICROBIAL_SCREENING:MS_FILTERBAM (AF042); status: SUBMITTED; exit: -; error: -; workDir: /cfs/klemming/projects/supr/museomics_store_2025/bees/virginia/DNAharvester/work/38/bba9a1aaa5c08fbf8e7d5ab07827d9 started: -; exited: -; ]
~> TaskHandler[jobId: 23754029; id: 344; name: MICROBIAL_SCREENING:MS_FILTERBAM (AF048D); status: SUBMITTED; exit: -; error: -; workDir: /cfs/klemming/projects/supr/museomics_store_2025/bees/virginia/DNAharvester/work/0a/5a526baca510ca199be17ffecad6c5 started: -; exited: -; ]
~> TaskHandler[jobId: 23754032; id: 355; name: MICROBIAL_SCREENING:MS_FILTERBAM (AF047); status: SUBMITTED; exit: -; error: -; workDir: /cfs/klemming/projects/supr/museomics_store_2025/bees/virginia/DNAharvester/work/8c/1ee5dae990d3e6f9e09469ea940f47 started: -; exited: -; ]
~> TaskHandler[jobId: 23754034; id: 357; name: MICROBIAL_SCREENING:MS_FILTERBAM (AF014); status: SUBMITTED; exit: -; error: -; workDir: /cfs/klemming/projects/supr/museomics_store_2025/bees/virginia/DNAharvester/work/1c/9a919761e5b8e2aaf1e7136e1c6c82 started: -; exited: -; ]
~> TaskHandler[jobId: 23754037; id: 366; name: MICROBIAL_SCREENING:MS_FILTERBAM (AF049D); status: SUBMITTED; exit: -; error: -; workDir: /cfs/klemming/projects/supr/museomics_store_2025/bees/virginia/DNAharvester/work/5b/6ce3e54b07dd846dd09e757300fb2b started: -; exited: -; ]
~> TaskHandler[jobId: 23754038; id: 370; name: MICROBIAL_SCREENING:MS_FILTERBAM (AF047D); status: SUBMITTED; exit: -; error: -; workDir: /cfs/klemming/projects/supr/museomics_store_2025/bees/virginia/DNAharvester/work/97/78fcf960ed5c44efdf873fd331c766 started: -; exited: -; ]
~> TaskHandler[jobId: 23754039; id: 360; name: MICROBIAL_SCREENING:MS_FILTERBAM (AF042D); status: SUBMITTED; exit: -; error: -; workDir: /cfs/klemming/projects/supr/museomics_store_2025/bees/virginia/DNAharvester/work/4c/6d0755c09ff662f88e0874ede799e8 started: -; exited: -; ]
~> TaskHandler[jobId: 23754040; id: 371; name: MICROBIAL_SCREENING:MS_FILTERBAM (AF049); status: SUBMITTED; exit: -; error: -; workDir: /cfs/klemming/projects/supr/museomics_store_2025/bees/virginia/DNAharvester/work/ba/db6955f65caea5409171f336a81f36 started: -; exited: -; ]
~> TaskHandler[jobId: 23754041; id: 367; name: MICROBIAL_SCREENING:MS_FILTERBAM (AF048); status: SUBMITTED; exit: -; error: -; workDir: /cfs/klemming/projects/supr/museomics_store_2025/bees/virginia/DNAharvester/work/38/ccd6ec78c412ab8db0a3014c0a619f started: -; exited: -; ]
Aug-23 12:56:01.641 [Task monitor] DEBUG n.processor.TaskPollingMonitor - !! executor slurm > tasks to be completed: 11 -- submitted tasks are shown below
~> TaskHandler[jobId: 23754020; id: 350; name: MICROBIAL_SCREENING:MS_FILTERBAM (EX1); status: SUBMITTED; exit: -; error: -; workDir: /cfs/klemming/projects/supr/museomics_store_2025/bees/virginia/DNAharvester/work/c8/14edf0bdf9403f29e1909492777014 started: -; exited: -; ]
~> TaskHandler[jobId: 23754023; id: 352; name: MICROBIAL_SCREENING:MS_FILTERBAM (AF042); status: SUBMITTED; exit: -; error: -; workDir: /cfs/klemming/projects/supr/museomics_store_2025/bees/virginia/DNAharvester/work/38/bba9a1aaa5c08fbf8e7d5ab07827d9 started: -; exited: -; ]
~> TaskHandler[jobId: 23754029; id: 344; name: MICROBIAL_SCREENING:MS_FILTERBAM (AF048D); status: SUBMITTED; exit: -; error: -; workDir: /cfs/klemming/projects/supr/museomics_store_2025/bees/virginia/DNAharvester/work/0a/5a526baca510ca199be17ffecad6c5 started: -; exited: -; ]
~> TaskHandler[jobId: 23754032; id: 355; name: MICROBIAL_SCREENING:MS_FILTERBAM (AF047); status: SUBMITTED; exit: -; error: -; workDir: /cfs/klemming/projects/supr/museomics_store_2025/bees/virginia/DNAharvester/work/8c/1ee5dae990d3e6f9e09469ea940f47 started: -; exited: -; ]
~> TaskHandler[jobId: 23754034; id: 357; name: MICROBIAL_SCREENING:MS_FILTERBAM (AF014); status: SUBMITTED; exit: -; error: -; workDir: /cfs/klemming/projects/supr/museomics_store_2025/bees/virginia/DNAharvester/work/1c/9a919761e5b8e2aaf1e7136e1c6c82 started: -; exited: -; ]
~> TaskHandler[jobId: 23754037; id: 366; name: MICROBIAL_SCREENING:MS_FILTERBAM (AF049D); status: SUBMITTED; exit: -; error: -; workDir: /cfs/klemming/projects/supr/museomics_store_2025/bees/virginia/DNAharvester/work/5b/6ce3e54b07dd846dd09e757300fb2b started: -; exited: -; ]
~> TaskHandler[jobId: 23754038; id: 370; name: MICROBIAL_SCREENING:MS_FILTERBAM (AF047D); status: SUBMITTED; exit: -; error: -; workDir: /cfs/klemming/projects/supr/museomics_store_2025/bees/virginia/DNAharvester/work/97/78fcf960ed5c44efdf873fd331c766 started: -; exited: -; ]
~> TaskHandler[jobId: 23754039; id: 360; name: MICROBIAL_SCREENING:MS_FILTERBAM (AF042D); status: SUBMITTED; exit: -; error: -; workDir: /cfs/klemming/projects/supr/museomics_store_2025/bees/virginia/DNAharvester/work/4c/6d0755c09ff662f88e0874ede799e8 started: -; exited: -; ]
~> TaskHandler[jobId: 23754040; id: 371; name: MICROBIAL_SCREENING:MS_FILTERBAM (AF049); status: SUBMITTED; exit: -; error: -; workDir: /cfs/klemming/projects/supr/museomics_store_2025/bees/virginia/DNAharvester/work/ba/db6955f65caea5409171f336a81f36 started: -; exited: -; ]
~> TaskHandler[jobId: 23754041; id: 367; name: MICROBIAL_SCREENING:MS_FILTERBAM (AF048); status: SUBMITTED; exit: -; error: -; workDir: /cfs/klemming/projects/supr/museomics_store_2025/bees/virginia/DNAharvester/work/38/ccd6ec78c412ab8db0a3014c0a619f started: -; exited: -; ]
Aug-23 13:01:01.679 [Task monitor] DEBUG n.processor.TaskPollingMonitor - !! executor slurm > tasks to be completed: 11 -- submitted tasks are shown below
~> TaskHandler[jobId: 23754020; id: 350; name: MICROBIAL_SCREENING:MS_FILTERBAM (EX1); status: SUBMITTED; exit: -; error: -; workDir: /cfs/klemming/projects/supr/museomics_store_2025/bees/virginia/DNAharvester/work/c8/14edf0bdf9403f29e1909492777014 started: -; exited: -; ]
~> TaskHandler[jobId: 23754023; id: 352; name: MICROBIAL_SCREENING:MS_FILTERBAM (AF042); status: SUBMITTED; exit: -; error: -; workDir: /cfs/klemming/projects/supr/museomics_store_2025/bees/virginia/DNAharvester/work/38/bba9a1aaa5c08fbf8e7d5ab07827d9 started: -; exited: -; ]
~> TaskHandler[jobId: 23754029; id: 344; name: MICROBIAL_SCREENING:MS_FILTERBAM (AF048D); status: SUBMITTED; exit: -; error: -; workDir: /cfs/klemming/projects/supr/museomics_store_2025/bees/virginia/DNAharvester/work/0a/5a526baca510ca199be17ffecad6c5 started: -; exited: -; ]
~> TaskHandler[jobId: 23754032; id: 355; name: MICROBIAL_SCREENING:MS_FILTERBAM (AF047); status: SUBMITTED; exit: -; error: -; workDir: /cfs/klemming/projects/supr/museomics_store_2025/bees/virginia/DNAharvester/work/8c/1ee5dae990d3e6f9e09469ea940f47 started: -; exited: -; ]
~> TaskHandler[jobId: 23754034; id: 357; name: MICROBIAL_SCREENING:MS_FILTERBAM (AF014); status: SUBMITTED; exit: -; error: -; workDir: /cfs/klemming/projects/supr/museomics_store_2025/bees/virginia/DNAharvester/work/1c/9a919761e5b8e2aaf1e7136e1c6c82 started: -; exited: -; ]
~> TaskHandler[jobId: 23754037; id: 366; name: MICROBIAL_SCREENING:MS_FILTERBAM (AF049D); status: SUBMITTED; exit: -; error: -; workDir: /cfs/klemming/projects/supr/museomics_store_2025/bees/virginia/DNAharvester/work/5b/6ce3e54b07dd846dd09e757300fb2b started: -; exited: -; ]
~> TaskHandler[jobId: 23754038; id: 370; name: MICROBIAL_SCREENING:MS_FILTERBAM (AF047D); status: SUBMITTED; exit: -; error: -; workDir: /cfs/klemming/projects/supr/museomics_store_2025/bees/virginia/DNAharvester/work/97/78fcf960ed5c44efdf873fd331c766 started: -; exited: -; ]
~> TaskHandler[jobId: 23754039; id: 360; name: MICROBIAL_SCREENING:MS_FILTERBAM (AF042D); status: SUBMITTED; exit: -; error: -; workDir: /cfs/klemming/projects/supr/museomics_store_2025/bees/virginia/DNAharvester/work/4c/6d0755c09ff662f88e0874ede799e8 started: -; exited: -; ]
~> TaskHandler[jobId: 23754040; id: 371; name: MICROBIAL_SCREENING:MS_FILTERBAM (AF049); status: SUBMITTED; exit: -; error: -; workDir: /cfs/klemming/projects/supr/museomics_store_2025/bees/virginia/DNAharvester/work/ba/db6955f65caea5409171f336a81f36 started: -; exited: -; ]
~> TaskHandler[jobId: 23754041; id: 367; name: MICROBIAL_SCREENING:MS_FILTERBAM (AF048); status: SUBMITTED; exit: -; error: -; workDir: /cfs/klemming/projects/supr/museomics_store_2025/bees/virginia/DNAharvester/work/38/ccd6ec78c412ab8db0a3014c0a619f started: -; exited: -; ]
Aug-23 13:01:21.687 [Task monitor] DEBUG n.processor.TaskPollingMonitor - Task completed > TaskHandler[jobId: 23754020; id: 350; name: MICROBIAL_SCREENING:MS_FILTERBAM (EX1); status: COMPLETED; exit: 0; error: -; workDir: /cfs/klemming/projects/supr/museomics_store_2025/bees/virginia/DNAharvester/work/c8/14edf0bdf9403f29e1909492777014 started: 1787482871681; exited: 2026-08-23T11:01:20Z; ]
Aug-23 13:01:21.878 [Actor Thread 188] DEBUG nextflow.container.SingularityCache - Apptainer found local store for image=oras://community.wave.seqera.io/library/pysam_matplotlib_numpy_python_pruned:84686eb793124fcd; path=/cfs/klemming/projects/supr/museomics_store_2025/bees/virginia/DNAharvester/work/singularity/community.wave.seqera.io-library-pysam_matplotlib_numpy_python_pruned-84686eb793124fcd.img
Aug-23 13:01:22.139 [Task submitter] DEBUG nextflow.executor.GridTaskHandler - [SLURM] submitted process MICROBIAL_SCREENING:MS_FILTERBAM_PLOT (EX1) > jobId: 23754223; workDir: /cfs/klemming/projects/supr/museomics_store_2025/bees/virginia/DNAharvester/work/9a/699ac74be269cd7200d80a7b623ecb
Aug-23 13:01:22.139 [Task submitter] INFO  nextflow.Session - [9a/699ac7] Submitted process > MICROBIAL_SCREENING:MS_FILTERBAM_PLOT (EX1)
Aug-23 13:01:46.688 [Task monitor] DEBUG n.processor.TaskPollingMonitor - Task completed > TaskHandler[jobId: 23754023; id: 352; name: MICROBIAL_SCREENING:MS_FILTERBAM (AF042); status: COMPLETED; exit: 0; error: -; workDir: /cfs/klemming/projects/supr/museomics_store_2025/bees/virginia/DNAharvester/work/38/bba9a1aaa5c08fbf8e7d5ab07827d9 started: 1787482901683; exited: 2026-08-23T11:01:45Z; ]
Aug-23 13:01:46.803 [Task submitter] DEBUG nextflow.executor.GridTaskHandler - [SLURM] submitted process MICROBIAL_SCREENING:MS_FILTERBAM_PLOT (AF042) > jobId: 23754225; workDir: /cfs/klemming/projects/supr/museomics_store_2025/bees/virginia/DNAharvester/work/1a/688cdc196669127bf4458bd4628051
Aug-23 13:01:46.803 [Task submitter] INFO  nextflow.Session - [1a/688cdc] Submitted process > MICROBIAL_SCREENING:MS_FILTERBAM_PLOT (AF042)
Aug-23 13:02:21.689 [Task monitor] DEBUG n.processor.TaskPollingMonitor - Task completed > TaskHandler[jobId: 23754029; id: 344; name: MICROBIAL_SCREENING:MS_FILTERBAM (AF048D); status: COMPLETED; exit: 0; error: -; workDir: /cfs/klemming/projects/supr/museomics_store_2025/bees/virginia/DNAharvester/work/0a/5a526baca510ca199be17ffecad6c5 started: 1787482936684; exited: 2026-08-23T11:02:19Z; ]
Aug-23 13:02:21.937 [Task submitter] DEBUG nextflow.executor.GridTaskHandler - [SLURM] submitted process MICROBIAL_SCREENING:MS_FILTERBAM_PLOT (AF048D) > jobId: 23754226; workDir: /cfs/klemming/projects/supr/museomics_store_2025/bees/virginia/DNAharvester/work/ed/426257f59caee247ab3921d7b2a045
Aug-23 13:02:21.938 [Task submitter] INFO  nextflow.Session - [ed/426257] Submitted process > MICROBIAL_SCREENING:MS_FILTERBAM_PLOT (AF048D)
Aug-23 13:02:56.692 [Task monitor] DEBUG n.processor.TaskPollingMonitor - Task completed > TaskHandler[jobId: 23754032; id: 355; name: MICROBIAL_SCREENING:MS_FILTERBAM (AF047); status: COMPLETED; exit: 0; error: -; workDir: /cfs/klemming/projects/supr/museomics_store_2025/bees/virginia/DNAharvester/work/8c/1ee5dae990d3e6f9e09469ea940f47 started: 1787482971685; exited: 2026-08-23T11:02:53Z; ]
Aug-23 13:02:56.810 [Task submitter] DEBUG nextflow.executor.GridTaskHandler - [SLURM] submitted process MICROBIAL_SCREENING:MS_FILTERBAM_PLOT (AF047) > jobId: 23754227; workDir: /cfs/klemming/projects/supr/museomics_store_2025/bees/virginia/DNAharvester/work/09/a5a67c7afcc26013fe32c49aead36a
Aug-23 13:02:56.810 [Task submitter] INFO  nextflow.Session - [09/a5a67c] Submitted process > MICROBIAL_SCREENING:MS_FILTERBAM_PLOT (AF047)
Aug-23 13:03:31.710 [Task monitor] DEBUG n.processor.TaskPollingMonitor - Task completed > TaskHandler[jobId: 23754034; id: 357; name: MICROBIAL_SCREENING:MS_FILTERBAM (AF014); status: COMPLETED; exit: 0; error: -; workDir: /cfs/klemming/projects/supr/museomics_store_2025/bees/virginia/DNAharvester/work/1c/9a919761e5b8e2aaf1e7136e1c6c82 started: 1787483001687; exited: 2026-08-23T11:03:27Z; ]
Aug-23 13:03:31.808 [Task submitter] DEBUG nextflow.executor.GridTaskHandler - [SLURM] submitted process MICROBIAL_SCREENING:MS_FILTERBAM_PLOT (AF014) > jobId: 23754228; workDir: /cfs/klemming/projects/supr/museomics_store_2025/bees/virginia/DNAharvester/work/ce/e7727e08509dadd280bee1955ef5ed
Aug-23 13:03:31.808 [Task submitter] INFO  nextflow.Session - [ce/e7727e] Submitted process > MICROBIAL_SCREENING:MS_FILTERBAM_PLOT (AF014)
Aug-23 13:04:01.697 [Task monitor] DEBUG n.processor.TaskPollingMonitor - Task completed > TaskHandler[jobId: 23754037; id: 366; name: MICROBIAL_SCREENING:MS_FILTERBAM (AF049D); status: COMPLETED; exit: 0; error: -; workDir: /cfs/klemming/projects/supr/museomics_store_2025/bees/virginia/DNAharvester/work/5b/6ce3e54b07dd846dd09e757300fb2b started: 1787483036689; exited: 2026-08-23T11:03:59Z; ]
Aug-23 13:04:02.039 [Task submitter] DEBUG nextflow.executor.GridTaskHandler - [SLURM] submitted process MICROBIAL_SCREENING:MS_FILTERBAM_PLOT (AF049D) > jobId: 23754229; workDir: /cfs/klemming/projects/supr/museomics_store_2025/bees/virginia/DNAharvester/work/2c/01894cb495ac9df6ff30c4a6971fb5
Aug-23 13:04:02.039 [Task submitter] INFO  nextflow.Session - [2c/01894c] Submitted process > MICROBIAL_SCREENING:MS_FILTERBAM_PLOT (AF049D)
Aug-23 13:04:36.697 [Task monitor] DEBUG n.processor.TaskPollingMonitor - Task completed > TaskHandler[jobId: 23754038; id: 370; name: MICROBIAL_SCREENING:MS_FILTERBAM (AF047D); status: COMPLETED; exit: 0; error: -; workDir: /cfs/klemming/projects/supr/museomics_store_2025/bees/virginia/DNAharvester/work/97/78fcf960ed5c44efdf873fd331c766 started: 1787483066690; exited: 2026-08-23T11:04:32Z; ]
Aug-23 13:04:36.769 [Task submitter] DEBUG nextflow.executor.GridTaskHandler - [SLURM] submitted process MICROBIAL_SCREENING:MS_FILTERBAM_PLOT (AF047D) > jobId: 23754233; workDir: /cfs/klemming/projects/supr/museomics_store_2025/bees/virginia/DNAharvester/work/35/79a2267c1673e85b856eb8e6d13337
Aug-23 13:04:36.769 [Task submitter] INFO  nextflow.Session - [35/79a226] Submitted process > MICROBIAL_SCREENING:MS_FILTERBAM_PLOT (AF047D)
Aug-23 13:05:06.722 [Task monitor] DEBUG n.processor.TaskPollingMonitor - Task completed > TaskHandler[jobId: 23754039; id: 360; name: MICROBIAL_SCREENING:MS_FILTERBAM (AF042D); status: COMPLETED; exit: 0; error: -; workDir: /cfs/klemming/projects/supr/museomics_store_2025/bees/virginia/DNAharvester/work/4c/6d0755c09ff662f88e0874ede799e8 started: 1787483101692; exited: 2026-08-23T11:05:05Z; ]
Aug-23 13:05:06.821 [Task submitter] DEBUG nextflow.executor.GridTaskHandler - [SLURM] submitted process MICROBIAL_SCREENING:MS_FILTERBAM_PLOT (AF042D) > jobId: 23754235; workDir: /cfs/klemming/projects/supr/museomics_store_2025/bees/virginia/DNAharvester/work/61/b9a6888717a1f7c0d3d4b7dbd18c1c
Aug-23 13:05:06.821 [Task submitter] INFO  nextflow.Session - [61/b9a688] Submitted process > MICROBIAL_SCREENING:MS_FILTERBAM_PLOT (AF042D)
Aug-23 13:05:41.699 [Task monitor] DEBUG n.processor.TaskPollingMonitor - Task completed > TaskHandler[jobId: 23754040; id: 371; name: MICROBIAL_SCREENING:MS_FILTERBAM (AF049); status: COMPLETED; exit: 0; error: -; workDir: /cfs/klemming/projects/supr/museomics_store_2025/bees/virginia/DNAharvester/work/ba/db6955f65caea5409171f336a81f36 started: 1787483136694; exited: 2026-08-23T11:05:37Z; ]
Aug-23 13:05:41.827 [Task submitter] DEBUG nextflow.executor.GridTaskHandler - [SLURM] submitted process MICROBIAL_SCREENING:MS_FILTERBAM_PLOT (AF049) > jobId: 23754238; workDir: /cfs/klemming/projects/supr/museomics_store_2025/bees/virginia/DNAharvester/work/aa/661fec82566d96789c6ed060327108
Aug-23 13:05:41.827 [Task submitter] INFO  nextflow.Session - [aa/661fec] Submitted process > MICROBIAL_SCREENING:MS_FILTERBAM_PLOT (AF049)
Aug-23 13:06:01.700 [Task monitor] DEBUG n.processor.TaskPollingMonitor - !! executor slurm > tasks to be completed: 11 -- submitted tasks are shown below
~> TaskHandler[jobId: 23754041; id: 367; name: MICROBIAL_SCREENING:MS_FILTERBAM (AF048); status: SUBMITTED; exit: -; error: -; workDir: /cfs/klemming/projects/supr/museomics_store_2025/bees/virginia/DNAharvester/work/38/ccd6ec78c412ab8db0a3014c0a619f started: -; exited: -; ]
~> TaskHandler[jobId: 23754042; id: 363; name: MICROBIAL_SCREENING:MS_FILTERBAM (AF014D); status: SUBMITTED; exit: -; error: -; workDir: /cfs/klemming/projects/supr/museomics_store_2025/bees/virginia/DNAharvester/work/c4/e47d553cda733bc2036578d6cc032b started: -; exited: -; ]
~> TaskHandler[jobId: 23754223; id: 467; name: MICROBIAL_SCREENING:MS_FILTERBAM_PLOT (EX1); status: SUBMITTED; exit: -; error: -; workDir: /cfs/klemming/projects/supr/museomics_store_2025/bees/virginia/DNAharvester/work/9a/699ac74be269cd7200d80a7b623ecb started: -; exited: -; ]
~> TaskHandler[jobId: 23754225; id: 468; name: MICROBIAL_SCREENING:MS_FILTERBAM_PLOT (AF042); status: SUBMITTED; exit: -; error: -; workDir: /cfs/klemming/projects/supr/museomics_store_2025/bees/virginia/DNAharvester/work/1a/688cdc196669127bf4458bd4628051 started: -; exited: -; ]
~> TaskHandler[jobId: 23754226; id: 469; name: MICROBIAL_SCREENING:MS_FILTERBAM_PLOT (AF048D); status: SUBMITTED; exit: -; error: -; workDir: /cfs/klemming/projects/supr/museomics_store_2025/bees/virginia/DNAharvester/work/ed/426257f59caee247ab3921d7b2a045 started: -; exited: -; ]
~> TaskHandler[jobId: 23754227; id: 470; name: MICROBIAL_SCREENING:MS_FILTERBAM_PLOT (AF047); status: SUBMITTED; exit: -; error: -; workDir: /cfs/klemming/projects/supr/museomics_store_2025/bees/virginia/DNAharvester/work/09/a5a67c7afcc26013fe32c49aead36a started: -; exited: -; ]
~> TaskHandler[jobId: 23754228; id: 471; name: MICROBIAL_SCREENING:MS_FILTERBAM_PLOT (AF014); status: SUBMITTED; exit: -; error: -; workDir: /cfs/klemming/projects/supr/museomics_store_2025/bees/virginia/DNAharvester/work/ce/e7727e08509dadd280bee1955ef5ed started: -; exited: -; ]
~> TaskHandler[jobId: 23754229; id: 472; name: MICROBIAL_SCREENING:MS_FILTERBAM_PLOT (AF049D); status: SUBMITTED; exit: -; error: -; workDir: /cfs/klemming/projects/supr/museomics_store_2025/bees/virginia/DNAharvester/work/2c/01894cb495ac9df6ff30c4a6971fb5 started: -; exited: -; ]
~> TaskHandler[jobId: 23754233; id: 473; name: MICROBIAL_SCREENING:MS_FILTERBAM_PLOT (AF047D); status: SUBMITTED; exit: -; error: -; workDir: /cfs/klemming/projects/supr/museomics_store_2025/bees/virginia/DNAharvester/work/35/79a2267c1673e85b856eb8e6d13337 started: -; exited: -; ]
~> TaskHandler[jobId: 23754235; id: 474; name: MICROBIAL_SCREENING:MS_FILTERBAM_PLOT (AF042D); status: SUBMITTED; exit: -; error: -; workDir: /cfs/klemming/projects/supr/museomics_store_2025/bees/virginia/DNAharvester/work/61/b9a6888717a1f7c0d3d4b7dbd18c1c started: -; exited: -; ]
Aug-23 13:06:11.708 [Task monitor] DEBUG n.processor.TaskPollingMonitor - Task completed > TaskHandler[jobId: 23754041; id: 367; name: MICROBIAL_SCREENING:MS_FILTERBAM (AF048); status: COMPLETED; exit: 0; error: -; workDir: /cfs/klemming/projects/supr/museomics_store_2025/bees/virginia/DNAharvester/work/38/ccd6ec78c412ab8db0a3014c0a619f started: 1787483166702; exited: 2026-08-23T11:06:11Z; ]
Aug-23 13:06:11.779 [Task submitter] DEBUG nextflow.executor.GridTaskHandler - [SLURM] submitted process MICROBIAL_SCREENING:MS_FILTERBAM_PLOT (AF048) > jobId: 23754242; workDir: /cfs/klemming/projects/supr/museomics_store_2025/bees/virginia/DNAharvester/work/0d/b06a89741c717d02d6ab1c9f9f9442
Aug-23 13:06:11.779 [Task submitter] INFO  nextflow.Session - [0d/b06a89] Submitted process > MICROBIAL_SCREENING:MS_FILTERBAM_PLOT (AF048)
Aug-23 13:06:46.718 [Task monitor] DEBUG n.processor.TaskPollingMonitor - Task completed > TaskHandler[jobId: 23754042; id: 363; name: MICROBIAL_SCREENING:MS_FILTERBAM (AF014D); status: COMPLETED; exit: 0; error: -; workDir: /cfs/klemming/projects/supr/museomics_store_2025/bees/virginia/DNAharvester/work/c4/e47d553cda733bc2036578d6cc032b started: 1787483196706; exited: 2026-08-23T11:06:41Z; ]
Aug-23 13:06:46.813 [Task submitter] DEBUG nextflow.executor.GridTaskHandler - [SLURM] submitted process MICROBIAL_SCREENING:MS_FILTERBAM_PLOT (AF014D) > jobId: 23754246; workDir: /cfs/klemming/projects/supr/museomics_store_2025/bees/virginia/DNAharvester/work/c9/cf279b6b24de9cf67e13ba4513a318
Aug-23 13:06:46.813 [Task submitter] INFO  nextflow.Session - [c9/cf279b] Submitted process > MICROBIAL_SCREENING:MS_FILTERBAM_PLOT (AF014D)
Aug-23 13:07:16.713 [Task monitor] DEBUG n.processor.TaskPollingMonitor - Task completed > TaskHandler[jobId: 23754223; id: 467; name: MICROBIAL_SCREENING:MS_FILTERBAM_PLOT (EX1); status: COMPLETED; exit: 0; error: -; workDir: /cfs/klemming/projects/supr/museomics_store_2025/bees/virginia/DNAharvester/work/9a/699ac74be269cd7200d80a7b623ecb started: 1787483231708; exited: 2026-08-23T11:07:15Z; ]
Aug-23 13:08:36.720 [Task monitor] DEBUG n.processor.TaskPollingMonitor - Task completed > TaskHandler[jobId: 23754225; id: 468; name: MICROBIAL_SCREENING:MS_FILTERBAM_PLOT (AF042); status: COMPLETED; exit: 0; error: -; workDir: /cfs/klemming/projects/supr/museomics_store_2025/bees/virginia/DNAharvester/work/1a/688cdc196669127bf4458bd4628051 started: 1787483266710; exited: 2026-08-23T11:08:32Z; ]
Aug-23 13:09:41.721 [Task monitor] DEBUG n.processor.TaskPollingMonitor - Task completed > TaskHandler[jobId: 23754226; id: 469; name: MICROBIAL_SCREENING:MS_FILTERBAM_PLOT (AF048D); status: COMPLETED; exit: 0; error: -; workDir: /cfs/klemming/projects/supr/museomics_store_2025/bees/virginia/DNAharvester/work/ed/426257f59caee247ab3921d7b2a045 started: 1787483331714; exited: 2026-08-23T11:09:36Z; ]
Aug-23 13:10:46.725 [Task monitor] DEBUG n.processor.TaskPollingMonitor - Task completed > TaskHandler[jobId: 23754227; id: 470; name: MICROBIAL_SCREENING:MS_FILTERBAM_PLOT (AF047); status: COMPLETED; exit: 0; error: -; workDir: /cfs/klemming/projects/supr/museomics_store_2025/bees/virginia/DNAharvester/work/09/a5a67c7afcc26013fe32c49aead36a started: 1787483396718; exited: 2026-08-23T11:10:42Z; ]
Aug-23 13:11:01.725 [Task monitor] DEBUG n.processor.TaskPollingMonitor - !! executor slurm > tasks to be completed: 7 -- submitted tasks are shown below
~> TaskHandler[jobId: 23754228; id: 471; name: MICROBIAL_SCREENING:MS_FILTERBAM_PLOT (AF014); status: SUBMITTED; exit: -; error: -; workDir: /cfs/klemming/projects/supr/museomics_store_2025/bees/virginia/DNAharvester/work/ce/e7727e08509dadd280bee1955ef5ed started: -; exited: -; ]
~> TaskHandler[jobId: 23754229; id: 472; name: MICROBIAL_SCREENING:MS_FILTERBAM_PLOT (AF049D); status: SUBMITTED; exit: -; error: -; workDir: /cfs/klemming/projects/supr/museomics_store_2025/bees/virginia/DNAharvester/work/2c/01894cb495ac9df6ff30c4a6971fb5 started: -; exited: -; ]
~> TaskHandler[jobId: 23754233; id: 473; name: MICROBIAL_SCREENING:MS_FILTERBAM_PLOT (AF047D); status: SUBMITTED; exit: -; error: -; workDir: /cfs/klemming/projects/supr/museomics_store_2025/bees/virginia/DNAharvester/work/35/79a2267c1673e85b856eb8e6d13337 started: -; exited: -; ]
~> TaskHandler[jobId: 23754235; id: 474; name: MICROBIAL_SCREENING:MS_FILTERBAM_PLOT (AF042D); status: SUBMITTED; exit: -; error: -; workDir: /cfs/klemming/projects/supr/museomics_store_2025/bees/virginia/DNAharvester/work/61/b9a6888717a1f7c0d3d4b7dbd18c1c started: -; exited: -; ]
~> TaskHandler[jobId: 23754238; id: 475; name: MICROBIAL_SCREENING:MS_FILTERBAM_PLOT (AF049); status: SUBMITTED; exit: -; error: -; workDir: /cfs/klemming/projects/supr/museomics_store_2025/bees/virginia/DNAharvester/work/aa/661fec82566d96789c6ed060327108 started: -; exited: -; ]
~> TaskHandler[jobId: 23754242; id: 476; name: MICROBIAL_SCREENING:MS_FILTERBAM_PLOT (AF048); status: SUBMITTED; exit: -; error: -; workDir: /cfs/klemming/projects/supr/museomics_store_2025/bees/virginia/DNAharvester/work/0d/b06a89741c717d02d6ab1c9f9f9442 started: -; exited: -; ]
~> TaskHandler[jobId: 23754246; id: 477; name: MICROBIAL_SCREENING:MS_FILTERBAM_PLOT (AF014D); status: SUBMITTED; exit: -; error: -; workDir: /cfs/klemming/projects/supr/museomics_store_2025/bees/virginia/DNAharvester/work/c9/cf279b6b24de9cf67e13ba4513a318 started: -; exited: -; ]
Aug-23 13:11:51.732 [Task monitor] DEBUG n.processor.TaskPollingMonitor - Task completed > TaskHandler[jobId: 23754228; id: 471; name: MICROBIAL_SCREENING:MS_FILTERBAM_PLOT (AF014); status: COMPLETED; exit: 0; error: -; workDir: /cfs/klemming/projects/supr/museomics_store_2025/bees/virginia/DNAharvester/work/ce/e7727e08509dadd280bee1955ef5ed started: 1787483461726; exited: 2026-08-23T11:11:48Z; ]
Aug-23 13:12:56.734 [Task monitor] DEBUG n.processor.TaskPollingMonitor - Task completed > TaskHandler[jobId: 23754229; id: 472; name: MICROBIAL_SCREENING:MS_FILTERBAM_PLOT (AF049D); status: COMPLETED; exit: 0; error: -; workDir: /cfs/klemming/projects/supr/museomics_store_2025/bees/virginia/DNAharvester/work/2c/01894cb495ac9df6ff30c4a6971fb5 started: 1787483531728; exited: 2026-08-23T11:12:55Z; ]
Aug-23 13:14:06.738 [Task monitor] DEBUG n.processor.TaskPollingMonitor - Task completed > TaskHandler[jobId: 23754233; id: 473; name: MICROBIAL_SCREENING:MS_FILTERBAM_PLOT (AF047D); status: COMPLETED; exit: 0; error: -; workDir: /cfs/klemming/projects/supr/museomics_store_2025/bees/virginia/DNAharvester/work/35/79a2267c1673e85b856eb8e6d13337 started: 1787483596730; exited: 2026-08-23T11:14:03Z; ]
Aug-23 13:15:16.813 [Task monitor] DEBUG n.processor.TaskPollingMonitor - Task completed > TaskHandler[jobId: 23754235; id: 474; name: MICROBIAL_SCREENING:MS_FILTERBAM_PLOT (AF042D); status: COMPLETED; exit: 0; error: -; workDir: /cfs/klemming/projects/supr/museomics_store_2025/bees/virginia/DNAharvester/work/61/b9a6888717a1f7c0d3d4b7dbd18c1c started: 1787483661732; exited: 2026-08-23T11:15:14Z; ]
Aug-23 13:16:01.743 [Task monitor] DEBUG n.processor.TaskPollingMonitor - !! executor slurm > tasks to be completed: 3 -- submitted tasks are shown below
~> TaskHandler[jobId: 23754238; id: 475; name: MICROBIAL_SCREENING:MS_FILTERBAM_PLOT (AF049); status: RUNNING; exit: -; error: -; workDir: /cfs/klemming/projects/supr/museomics_store_2025/bees/virginia/DNAharvester/work/aa/661fec82566d96789c6ed060327108 started: 1787483726740; exited: -; ]
~> TaskHandler[jobId: 23754242; id: 476; name: MICROBIAL_SCREENING:MS_FILTERBAM_PLOT (AF048); status: SUBMITTED; exit: -; error: -; workDir: /cfs/klemming/projects/supr/museomics_store_2025/bees/virginia/DNAharvester/work/0d/b06a89741c717d02d6ab1c9f9f9442 started: -; exited: -; ]
~> TaskHandler[jobId: 23754246; id: 477; name: MICROBIAL_SCREENING:MS_FILTERBAM_PLOT (AF014D); status: SUBMITTED; exit: -; error: -; workDir: /cfs/klemming/projects/supr/museomics_store_2025/bees/virginia/DNAharvester/work/c9/cf279b6b24de9cf67e13ba4513a318 started: -; exited: -; ]
Aug-23 13:16:16.750 [Task monitor] DEBUG n.processor.TaskPollingMonitor - Task completed > TaskHandler[jobId: 23754238; id: 475; name: MICROBIAL_SCREENING:MS_FILTERBAM_PLOT (AF049); status: COMPLETED; exit: 0; error: -; workDir: /cfs/klemming/projects/supr/museomics_store_2025/bees/virginia/DNAharvester/work/aa/661fec82566d96789c6ed060327108 started: 1787483726740; exited: 2026-08-23T11:16:13Z; ]
Aug-23 13:17:21.756 [Task monitor] DEBUG n.processor.TaskPollingMonitor - Task completed > TaskHandler[jobId: 23754242; id: 476; name: MICROBIAL_SCREENING:MS_FILTERBAM_PLOT (AF048); status: COMPLETED; exit: 0; error: -; workDir: /cfs/klemming/projects/supr/museomics_store_2025/bees/virginia/DNAharvester/work/0d/b06a89741c717d02d6ab1c9f9f9442 started: 1787483791745; exited: 2026-08-23T11:17:18Z; ]
Aug-23 13:18:41.754 [Task monitor] DEBUG n.processor.TaskPollingMonitor - Task completed > TaskHandler[jobId: 23754246; id: 477; name: MICROBIAL_SCREENING:MS_FILTERBAM_PLOT (AF014D); status: COMPLETED; exit: 0; error: -; workDir: /cfs/klemming/projects/supr/museomics_store_2025/bees/virginia/DNAharvester/work/c9/cf279b6b24de9cf67e13ba4513a318 started: 1787483861749; exited: 2026-08-23T11:18:40Z; ]
Aug-23 13:18:41.765 [main] DEBUG nextflow.Session - Session await > all processes finished
Aug-23 13:18:43.002 [Actor Thread 256] DEBUG nextflow.sort.BigSort - Sort completed -- entries: 474; slices: 1; internal sort time: 1.167 s; external sort time: 0.069 s; total time: 1.236 s
Aug-23 13:18:43.004 [Actor Thread 256] DEBUG nextflow.file.FileCollector - >> temp file exists? false
Aug-23 13:18:43.004 [Actor Thread 256] DEBUG nextflow.file.FileCollector - Missed collect-file cache -- cause: java.nio.file.NoSuchFileException: /cfs/klemming/projects/supr/museomics_store_2025/bees/virginia/DNAharvester/work/collect-file/e49bfe2af8331c693c7f16438359b63b
Aug-23 13:18:46.749 [Task monitor] DEBUG n.processor.TaskPollingMonitor - <<< barrier arrives (monitor: slurm) - terminating tasks monitor poll loop
Aug-23 13:18:46.749 [main] DEBUG nextflow.Session - Session await > all barriers passed
Aug-23 13:18:50.245 [Actor Thread 256] DEBUG nextflow.file.FileCollector - Saved collect-files list to: /cfs/klemming/projects/supr/museomics_store_2025/bees/virginia/DNAharvester/work/collect-file/e49bfe2af8331c693c7f16438359b63b
Aug-23 13:18:50.246 [Actor Thread 256] DEBUG nextflow.file.FileCollector - Deleting file collector temp dir: /tmp/nxf-15838910885179765905
Aug-23 13:18:50.356 [main] DEBUG nextflow.util.ThreadPoolManager - Thread pool 'TaskFinalizer' shutdown completed (hard=false)
Aug-23 13:18:50.358 [main] DEBUG nextflow.util.ThreadPoolManager - Thread pool 'PublishDir' shutdown completed (hard=false)
Aug-23 13:18:50.474 [main] INFO  nextflow.Nextflow - 
            Thank you for using DNAharvester.

            Results are located in the folder: /cfs/klemming/projects/supr/museomics_store_2025/bees/virginia/DNAharvester/output_bombus_microbiome_2
            
Aug-23 13:18:50.614 [main] DEBUG n.trace.WorkflowStatsObserver - Workflow completed > WorkflowStats[succeededCount=46; failedCount=0; ignoredCount=0; cachedCount=429; pendingCount=0; submittedCount=0; runningCount=0; retriesCount=0; abortedCount=0; succeedDuration=1h 36m 9s; failedDuration=0ms; cachedDuration=100d 15m 32s;loadCpus=0; loadMemory=0; peakRunning=8; peakCpus=16; peakMemory=128 GB; ]
Aug-23 13:18:50.806 [main] DEBUG nextflow.cache.CacheDB - Closing CacheDB done
Aug-23 13:18:50.867 [main] DEBUG nextflow.util.ThreadPoolManager - Thread pool 'FileTransfer' shutdown completed (hard=false)
Aug-23 13:18:50.869 [main] DEBUG nextflow.script.ScriptRunner - > Execution complete -- Goodbye
